Query,Intent,Keywords,Response
My bleed brakes is causing issues,air_in_brake_lines,"spongy pedal, air lines, soft brake, bleed brakes",Air in brake lines. Bleed brakes to restore firmness.
Why is my low fluid acting up?,brake_fluid_leak,"brake fluid, fluid leak, pedal floor, low fluid",Brake fluid may be leaking. Check reservoir and lines immediately.
Why is my dashboard acting up?,brake_system_alert,"warning light, dashboard, ABS, alert",Brake system alert. Check fluid level and ABS sensors.
My disc is causing issues,brake_disc_damage,"disc, rotor, warped, vibration",Brake disc/rotor may be damaged. Inspect and replace if warped.
"Brake feels strange, maybe vibration",brake_disc_damage,"disc, rotor, warped, vibration",Brake disc/rotor may be damaged. Inspect and replace if warped.
Why is my disc acting up?,brake_disc_damage,"disc, rotor, warped, vibration",Brake disc/rotor may be damaged. Inspect and replace if warped.
Car shows fade during braking,brake_overheating,"overheat, smell, hot brakes, fade","Brakes overheating. Stop safely, let them cool, and avoid aggressive braking."
"Brake feels strange, maybe uneven brake",uneven_brake_force,"pulling side, uneven brake, caliper, imbalance",Uneven brake force. Inspect calipers and brake fluid distribution.
I hear pulling side when braking,uneven_brake_force,"pulling side, uneven brake, caliper, imbalance",Uneven brake force. Inspect calipers and brake fluid distribution.
"Brake feels strange, maybe bleed brakes",air_in_brake_lines,"spongy pedal, air lines, soft brake, bleed brakes",Air in brake lines. Bleed brakes to restore firmness.
My rotor is causing issues,brake_disc_damage,"disc, rotor, warped, vibration",Brake disc/rotor may be damaged. Inspect and replace if warped.
"Brake feels strange, maybe air lines",air_in_brake_lines,"spongy pedal, air lines, soft brake, bleed brakes",Air in brake lines. Bleed brakes to restore firmness.
"Brake feels strange, maybe bleed brakes",air_in_brake_lines,"spongy pedal, air lines, soft brake, bleed brakes",Air in brake lines. Bleed brakes to restore firmness.
The worn pad problem keeps happening,brake_pad_wear,"brake pad, squeal, worn pad, grinding",Brake pads are worn. Replace pads to restore safe braking.
Why is my alert acting up?,brake_system_alert,"warning light, dashboard, ABS, alert",Brake system alert. Check fluid level and ABS sensors.
Why is my squeal acting up?,brake_pad_wear,"brake pad, squeal, worn pad, grinding",Brake pads are worn. Replace pads to restore safe braking.
The worn pad problem keeps happening,brake_pad_wear,"brake pad, squeal, worn pad, grinding",Brake pads are worn. Replace pads to restore safe braking.
"Brake feels strange, maybe caliper",uneven_brake_force,"pulling side, uneven brake, caliper, imbalance",Uneven brake force. Inspect calipers and brake fluid distribution.
I hear air lines when braking,air_in_brake_lines,"spongy pedal, air lines, soft brake, bleed brakes",Air in brake lines. Bleed brakes to restore firmness.
Why is my dashboard acting up?,brake_system_alert,"warning light, dashboard, ABS, alert",Brake system alert. Check fluid level and ABS sensors.
I hear overheat when braking,brake_overheating,"overheat, smell, hot brakes, fade","Brakes overheating. Stop safely, let them cool, and avoid aggressive braking."
Car shows worn pad during braking,brake_pad_wear,"brake pad, squeal, worn pad, grinding",Brake pads are worn. Replace pads to restore safe braking.
I hear low fluid when braking,brake_fluid_leak,"brake fluid, fluid leak, pedal floor, low fluid",Brake fluid may be leaking. Check reservoir and lines immediately.
I hear dashboard when braking,brake_system_alert,"warning light, dashboard, ABS, alert",Brake system alert. Check fluid level and ABS sensors.
Why is my dashboard acting up?,brake_system_alert,"warning light, dashboard, ABS, alert",Brake system alert. Check fluid level and ABS sensors.
Why is my hot brakes acting up?,brake_overheating,"overheat, smell, hot brakes, fade","Brakes overheating. Stop safely, let them cool, and avoid aggressive braking."
Car shows disc during braking,brake_disc_damage,"disc, rotor, warped, vibration",Brake disc/rotor may be damaged. Inspect and replace if warped.
"Brake feels strange, maybe brake fluid",brake_fluid_leak,"brake fluid, fluid leak, pedal floor, low fluid",Brake fluid may be leaking. Check reservoir and lines immediately.
My brake fluid is causing issues,brake_fluid_leak,"brake fluid, fluid leak, pedal floor, low fluid",Brake fluid may be leaking. Check reservoir and lines immediately.
I hear air lines when braking,air_in_brake_lines,"spongy pedal, air lines, soft brake, bleed brakes",Air in brake lines. Bleed brakes to restore firmness.
Car shows brake pad during braking,brake_pad_wear,"brake pad, squeal, worn pad, grinding",Brake pads are worn. Replace pads to restore safe braking.
The fluid leak problem keeps happening,brake_fluid_leak,"brake fluid, fluid leak, pedal floor, low fluid",Brake fluid may be leaking. Check reservoir and lines immediately.
The squeal problem keeps happening,brake_pad_wear,"brake pad, squeal, worn pad, grinding",Brake pads are worn. Replace pads to restore safe braking.
Car shows worn pad during braking,brake_pad_wear,"brake pad, squeal, worn pad, grinding",Brake pads are worn. Replace pads to restore safe braking.
My hot brakes is causing issues,brake_overheating,"overheat, smell, hot brakes, fade","Brakes overheating. Stop safely, let them cool, and avoid aggressive braking."
"Brake feels strange, maybe disc",brake_disc_damage,"disc, rotor, warped, vibration",Brake disc/rotor may be damaged. Inspect and replace if warped.
I hear grinding when braking,brake_pad_wear,"brake pad, squeal, worn pad, grinding",Brake pads are worn. Replace pads to restore safe braking.
My disc is causing issues,brake_disc_damage,"disc, rotor, warped, vibration",Brake disc/rotor may be damaged. Inspect and replace if warped.
Car shows dashboard during braking,brake_system_alert,"warning light, dashboard, ABS, alert",Brake system alert. Check fluid level and ABS sensors.
My brake pad is causing issues,brake_pad_wear,"brake pad, squeal, worn pad, grinding",Brake pads are worn. Replace pads to restore safe braking.
Car shows warped during braking,brake_disc_damage,"disc, rotor, warped, vibration",Brake disc/rotor may be damaged. Inspect and replace if warped.
Why is my alert acting up?,brake_system_alert,"warning light, dashboard, ABS, alert",Brake system alert. Check fluid level and ABS sensors.
Why is my brake fluid acting up?,brake_fluid_leak,"brake fluid, fluid leak, pedal floor, low fluid",Brake fluid may be leaking. Check reservoir and lines immediately.
"Brake feels strange, maybe brake fluid",brake_fluid_leak,"brake fluid, fluid leak, pedal floor, low fluid",Brake fluid may be leaking. Check reservoir and lines immediately.
The fluid leak problem keeps happening,brake_fluid_leak,"brake fluid, fluid leak, pedal floor, low fluid",Brake fluid may be leaking. Check reservoir and lines immediately.
Why is my pedal floor acting up?,brake_fluid_leak,"brake fluid, fluid leak, pedal floor, low fluid",Brake fluid may be leaking. Check reservoir and lines immediately.
"Brake feels strange, maybe air lines",air_in_brake_lines,"spongy pedal, air lines, soft brake, bleed brakes",Air in brake lines. Bleed brakes to restore firmness.
Car shows worn pad during braking,brake_pad_wear,"brake pad, squeal, worn pad, grinding",Brake pads are worn. Replace pads to restore safe braking.
My low fluid is causing issues,brake_fluid_leak,"brake fluid, fluid leak, pedal floor, low fluid",Brake fluid may be leaking. Check reservoir and lines immediately.
My rotor is causing issues,brake_disc_damage,"disc, rotor, warped, vibration",Brake disc/rotor may be damaged. Inspect and replace if warped.
The pedal floor problem keeps happening,brake_fluid_leak,"brake fluid, fluid leak, pedal floor, low fluid",Brake fluid may be leaking. Check reservoir and lines immediately.
"Brake feels strange, maybe rotor",brake_disc_damage,"disc, rotor, warped, vibration",Brake disc/rotor may be damaged. Inspect and replace if warped.
I hear worn pad when braking,brake_pad_wear,"brake pad, squeal, worn pad, grinding",Brake pads are worn. Replace pads to restore safe braking.
"Brake feels strange, maybe dashboard",brake_system_alert,"warning light, dashboard, ABS, alert",Brake system alert. Check fluid level and ABS sensors.
I hear grinding when braking,brake_pad_wear,"brake pad, squeal, worn pad, grinding",Brake pads are worn. Replace pads to restore safe braking.
The disc problem keeps happening,brake_disc_damage,"disc, rotor, warped, vibration",Brake disc/rotor may be damaged. Inspect and replace if warped.
Car shows fade during braking,brake_overheating,"overheat, smell, hot brakes, fade","Brakes overheating. Stop safely, let them cool, and avoid aggressive braking."
I hear spongy pedal when braking,air_in_brake_lines,"spongy pedal, air lines, soft brake, bleed brakes",Air in brake lines. Bleed brakes to restore firmness.
Why is my pedal floor acting up?,brake_fluid_leak,"brake fluid, fluid leak, pedal floor, low fluid",Brake fluid may be leaking. Check reservoir and lines immediately.
My disc is causing issues,brake_disc_damage,"disc, rotor, warped, vibration",Brake disc/rotor may be damaged. Inspect and replace if warped.
The warped problem keeps happening,brake_disc_damage,"disc, rotor, warped, vibration",Brake disc/rotor may be damaged. Inspect and replace if warped.
My rotor is causing issues,brake_disc_damage,"disc, rotor, warped, vibration",Brake disc/rotor may be damaged. Inspect and replace if warped.
The worn pad problem keeps happening,brake_pad_wear,"brake pad, squeal, worn pad, grinding",Brake pads are worn. Replace pads to restore safe braking.
The squeal problem keeps happening,brake_pad_wear,"brake pad, squeal, worn pad, grinding",Brake pads are worn. Replace pads to restore safe braking.
My pedal floor is causing issues,brake_fluid_leak,"brake fluid, fluid leak, pedal floor, low fluid",Brake fluid may be leaking. Check reservoir and lines immediately.
The imbalance problem keeps happening,uneven_brake_force,"pulling side, uneven brake, caliper, imbalance",Uneven brake force. Inspect calipers and brake fluid distribution.
I hear pedal floor when braking,brake_fluid_leak,"brake fluid, fluid leak, pedal floor, low fluid",Brake fluid may be leaking. Check reservoir and lines immediately.
Why is my air lines acting up?,air_in_brake_lines,"spongy pedal, air lines, soft brake, bleed brakes",Air in brake lines. Bleed brakes to restore firmness.
My fluid leak is causing issues,brake_fluid_leak,"brake fluid, fluid leak, pedal floor, low fluid",Brake fluid may be leaking. Check reservoir and lines immediately.
My uneven brake is causing issues,uneven_brake_force,"pulling side, uneven brake, caliper, imbalance",Uneven brake force. Inspect calipers and brake fluid distribution.
Car shows soft brake during braking,air_in_brake_lines,"spongy pedal, air lines, soft brake, bleed brakes",Air in brake lines. Bleed brakes to restore firmness.
The smell problem keeps happening,brake_overheating,"overheat, smell, hot brakes, fade","Brakes overheating. Stop safely, let them cool, and avoid aggressive braking."
Why is my uneven brake acting up?,uneven_brake_force,"pulling side, uneven brake, caliper, imbalance",Uneven brake force. Inspect calipers and brake fluid distribution.
The rotor problem keeps happening,brake_disc_damage,"disc, rotor, warped, vibration",Brake disc/rotor may be damaged. Inspect and replace if warped.
My fluid leak is causing issues,brake_fluid_leak,"brake fluid, fluid leak, pedal floor, low fluid",Brake fluid may be leaking. Check reservoir and lines immediately.
"Brake feels strange, maybe brake pad",brake_pad_wear,"brake pad, squeal, worn pad, grinding",Brake pads are worn. Replace pads to restore safe braking.
"Brake feels strange, maybe dashboard",brake_system_alert,"warning light, dashboard, ABS, alert",Brake system alert. Check fluid level and ABS sensors.
Car shows pulling side during braking,uneven_brake_force,"pulling side, uneven brake, caliper, imbalance",Uneven brake force. Inspect calipers and brake fluid distribution.
Why is my alert acting up?,brake_system_alert,"warning light, dashboard, ABS, alert",Brake system alert. Check fluid level and ABS sensors.
I hear bleed brakes when braking,air_in_brake_lines,"spongy pedal, air lines, soft brake, bleed brakes",Air in brake lines. Bleed brakes to restore firmness.
Car shows rotor during braking,brake_disc_damage,"disc, rotor, warped, vibration",Brake disc/rotor may be damaged. Inspect and replace if warped.
My smell is causing issues,brake_overheating,"overheat, smell, hot brakes, fade","Brakes overheating. Stop safely, let them cool, and avoid aggressive braking."
Why is my ABS acting up?,brake_system_alert,"warning light, dashboard, ABS, alert",Brake system alert. Check fluid level and ABS sensors.
Why is my air lines acting up?,air_in_brake_lines,"spongy pedal, air lines, soft brake, bleed brakes",Air in brake lines. Bleed brakes to restore firmness.
Car shows bleed brakes during braking,air_in_brake_lines,"spongy pedal, air lines, soft brake, bleed brakes",Air in brake lines. Bleed brakes to restore firmness.
The overheat problem keeps happening,brake_overheating,"overheat, smell, hot brakes, fade","Brakes overheating. Stop safely, let them cool, and avoid aggressive braking."
My vibration is causing issues,brake_disc_damage,"disc, rotor, warped, vibration",Brake disc/rotor may be damaged. Inspect and replace if warped.
The fade problem keeps happening,brake_overheating,"overheat, smell, hot brakes, fade","Brakes overheating. Stop safely, let them cool, and avoid aggressive braking."
I hear worn pad when braking,brake_pad_wear,"brake pad, squeal, worn pad, grinding",Brake pads are worn. Replace pads to restore safe braking.
Car shows pedal floor during braking,brake_fluid_leak,"brake fluid, fluid leak, pedal floor, low fluid",Brake fluid may be leaking. Check reservoir and lines immediately.
I hear bleed brakes when braking,air_in_brake_lines,"spongy pedal, air lines, soft brake, bleed brakes",Air in brake lines. Bleed brakes to restore firmness.
The spongy pedal problem keeps happening,air_in_brake_lines,"spongy pedal, air lines, soft brake, bleed brakes",Air in brake lines. Bleed brakes to restore firmness.
Car shows caliper during braking,uneven_brake_force,"pulling side, uneven brake, caliper, imbalance",Uneven brake force. Inspect calipers and brake fluid distribution.
The smell problem keeps happening,brake_overheating,"overheat, smell, hot brakes, fade","Brakes overheating. Stop safely, let them cool, and avoid aggressive braking."
My fluid leak is causing issues,brake_fluid_leak,"brake fluid, fluid leak, pedal floor, low fluid",Brake fluid may be leaking. Check reservoir and lines immediately.
I hear brake fluid when braking,brake_fluid_leak,"brake fluid, fluid leak, pedal floor, low fluid",Brake fluid may be leaking. Check reservoir and lines immediately.
The bleed brakes problem keeps happening,air_in_brake_lines,"spongy pedal, air lines, soft brake, bleed brakes",Air in brake lines. Bleed brakes to restore firmness.
"Brake feels strange, maybe fade",brake_overheating,"overheat, smell, hot brakes, fade","Brakes overheating. Stop safely, let them cool, and avoid aggressive braking."
The air lines problem keeps happening,air_in_brake_lines,"spongy pedal, air lines, soft brake, bleed brakes",Air in brake lines. Bleed brakes to restore firmness.
The fluid leak problem keeps happening,brake_fluid_leak,"brake fluid, fluid leak, pedal floor, low fluid",Brake fluid may be leaking. Check reservoir and lines immediately.
Car shows warning light during braking,brake_system_alert,"warning light, dashboard, ABS, alert",Brake system alert. Check fluid level and ABS sensors.
"Brake feels strange, maybe imbalance",uneven_brake_force,"pulling side, uneven brake, caliper, imbalance",Uneven brake force. Inspect calipers and brake fluid distribution.
The disc problem keeps happening,brake_disc_damage,"disc, rotor, warped, vibration",Brake disc/rotor may be damaged. Inspect and replace if warped.
My air lines is causing issues,air_in_brake_lines,"spongy pedal, air lines, soft brake, bleed brakes",Air in brake lines. Bleed brakes to restore firmness.
"Brake feels strange, maybe fluid leak",brake_fluid_leak,"brake fluid, fluid leak, pedal floor, low fluid",Brake fluid may be leaking. Check reservoir and lines immediately.
The fluid leak problem keeps happening,brake_fluid_leak,"brake fluid, fluid leak, pedal floor, low fluid",Brake fluid may be leaking. Check reservoir and lines immediately.
I hear ABS when braking,brake_system_alert,"warning light, dashboard, ABS, alert",Brake system alert. Check fluid level and ABS sensors.
Car shows pedal floor during braking,brake_fluid_leak,"brake fluid, fluid leak, pedal floor, low fluid",Brake fluid may be leaking. Check reservoir and lines immediately.
Car shows brake fluid during braking,brake_fluid_leak,"brake fluid, fluid leak, pedal floor, low fluid",Brake fluid may be leaking. Check reservoir and lines immediately.
My warning light is causing issues,brake_system_alert,"warning light, dashboard, ABS, alert",Brake system alert. Check fluid level and ABS sensors.
Why is my pulling side acting up?,uneven_brake_force,"pulling side, uneven brake, caliper, imbalance",Uneven brake force. Inspect calipers and brake fluid distribution.
I hear dashboard when braking,brake_system_alert,"warning light, dashboard, ABS, alert",Brake system alert. Check fluid level and ABS sensors.
The alert problem keeps happening,brake_system_alert,"warning light, dashboard, ABS, alert",Brake system alert. Check fluid level and ABS sensors.
My warning light is causing issues,brake_system_alert,"warning light, dashboard, ABS, alert",Brake system alert. Check fluid level and ABS sensors.
Car shows dashboard during braking,brake_system_alert,"warning light, dashboard, ABS, alert",Brake system alert. Check fluid level and ABS sensors.
Car shows imbalance during braking,uneven_brake_force,"pulling side, uneven brake, caliper, imbalance",Uneven brake force. Inspect calipers and brake fluid distribution.
"Brake feels strange, maybe caliper",uneven_brake_force,"pulling side, uneven brake, caliper, imbalance",Uneven brake force. Inspect calipers and brake fluid distribution.
I hear caliper when braking,uneven_brake_force,"pulling side, uneven brake, caliper, imbalance",Uneven brake force. Inspect calipers and brake fluid distribution.
"Brake feels strange, maybe vibration",brake_disc_damage,"disc, rotor, warped, vibration",Brake disc/rotor may be damaged. Inspect and replace if warped.
Car shows pulling side during braking,uneven_brake_force,"pulling side, uneven brake, caliper, imbalance",Uneven brake force. Inspect calipers and brake fluid distribution.
I hear fade when braking,brake_overheating,"overheat, smell, hot brakes, fade","Brakes overheating. Stop safely, let them cool, and avoid aggressive braking."
I hear dashboard when braking,brake_system_alert,"warning light, dashboard, ABS, alert",Brake system alert. Check fluid level and ABS sensors.
The soft brake problem keeps happening,air_in_brake_lines,"spongy pedal, air lines, soft brake, bleed brakes",Air in brake lines. Bleed brakes to restore firmness.
Why is my air lines acting up?,air_in_brake_lines,"spongy pedal, air lines, soft brake, bleed brakes",Air in brake lines. Bleed brakes to restore firmness.
Car shows brake fluid during braking,brake_fluid_leak,"brake fluid, fluid leak, pedal floor, low fluid",Brake fluid may be leaking. Check reservoir and lines immediately.
Car shows warning light during braking,brake_system_alert,"warning light, dashboard, ABS, alert",Brake system alert. Check fluid level and ABS sensors.
"Brake feels strange, maybe air lines",air_in_brake_lines,"spongy pedal, air lines, soft brake, bleed brakes",Air in brake lines. Bleed brakes to restore firmness.
"Brake feels strange, maybe warning light",brake_system_alert,"warning light, dashboard, ABS, alert",Brake system alert. Check fluid level and ABS sensors.
My spongy pedal is causing issues,air_in_brake_lines,"spongy pedal, air lines, soft brake, bleed brakes",Air in brake lines. Bleed brakes to restore firmness.
"Brake feels strange, maybe ABS",brake_system_alert,"warning light, dashboard, ABS, alert",Brake system alert. Check fluid level and ABS sensors.
My bleed brakes is causing issues,air_in_brake_lines,"spongy pedal, air lines, soft brake, bleed brakes",Air in brake lines. Bleed brakes to restore firmness.
My brake fluid is causing issues,brake_fluid_leak,"brake fluid, fluid leak, pedal floor, low fluid",Brake fluid may be leaking. Check reservoir and lines immediately.
Car shows low fluid during braking,brake_fluid_leak,"brake fluid, fluid leak, pedal floor, low fluid",Brake fluid may be leaking. Check reservoir and lines immediately.
Car shows smell during braking,brake_overheating,"overheat, smell, hot brakes, fade","Brakes overheating. Stop safely, let them cool, and avoid aggressive braking."
The smell problem keeps happening,brake_overheating,"overheat, smell, hot brakes, fade","Brakes overheating. Stop safely, let them cool, and avoid aggressive braking."
"Brake feels strange, maybe caliper",uneven_brake_force,"pulling side, uneven brake, caliper, imbalance",Uneven brake force. Inspect calipers and brake fluid distribution.
I hear soft brake when braking,air_in_brake_lines,"spongy pedal, air lines, soft brake, bleed brakes",Air in brake lines. Bleed brakes to restore firmness.
Why is my rotor acting up?,brake_disc_damage,"disc, rotor, warped, vibration",Brake disc/rotor may be damaged. Inspect and replace if warped.
My air lines is causing issues,air_in_brake_lines,"spongy pedal, air lines, soft brake, bleed brakes",Air in brake lines. Bleed brakes to restore firmness.
My dashboard is causing issues,brake_system_alert,"warning light, dashboard, ABS, alert",Brake system alert. Check fluid level and ABS sensors.
My uneven brake is causing issues,uneven_brake_force,"pulling side, uneven brake, caliper, imbalance",Uneven brake force. Inspect calipers and brake fluid distribution.
I hear bleed brakes when braking,air_in_brake_lines,"spongy pedal, air lines, soft brake, bleed brakes",Air in brake lines. Bleed brakes to restore firmness.
Why is my bleed brakes acting up?,air_in_brake_lines,"spongy pedal, air lines, soft brake, bleed brakes",Air in brake lines. Bleed brakes to restore firmness.
"Brake feels strange, maybe hot brakes",brake_overheating,"overheat, smell, hot brakes, fade","Brakes overheating. Stop safely, let them cool, and avoid aggressive braking."
My bleed brakes is causing issues,air_in_brake_lines,"spongy pedal, air lines, soft brake, bleed brakes",Air in brake lines. Bleed brakes to restore firmness.
Why is my imbalance acting up?,uneven_brake_force,"pulling side, uneven brake, caliper, imbalance",Uneven brake force. Inspect calipers and brake fluid distribution.
"Brake feels strange, maybe hot brakes",brake_overheating,"overheat, smell, hot brakes, fade","Brakes overheating. Stop safely, let them cool, and avoid aggressive braking."
My low fluid is causing issues,brake_fluid_leak,"brake fluid, fluid leak, pedal floor, low fluid",Brake fluid may be leaking. Check reservoir and lines immediately.
I hear imbalance when braking,uneven_brake_force,"pulling side, uneven brake, caliper, imbalance",Uneven brake force. Inspect calipers and brake fluid distribution.
I hear caliper when braking,uneven_brake_force,"pulling side, uneven brake, caliper, imbalance",Uneven brake force. Inspect calipers and brake fluid distribution.
Car shows rotor during braking,brake_disc_damage,"disc, rotor, warped, vibration",Brake disc/rotor may be damaged. Inspect and replace if warped.
My worn pad is causing issues,brake_pad_wear,"brake pad, squeal, worn pad, grinding",Brake pads are worn. Replace pads to restore safe braking.
"Brake feels strange, maybe smell",brake_overheating,"overheat, smell, hot brakes, fade","Brakes overheating. Stop safely, let them cool, and avoid aggressive braking."
My ABS is causing issues,brake_system_alert,"warning light, dashboard, ABS, alert",Brake system alert. Check fluid level and ABS sensors.
My uneven brake is causing issues,uneven_brake_force,"pulling side, uneven brake, caliper, imbalance",Uneven brake force. Inspect calipers and brake fluid distribution.
"Brake feels strange, maybe worn pad",brake_pad_wear,"brake pad, squeal, worn pad, grinding",Brake pads are worn. Replace pads to restore safe braking.
My dashboard is causing issues,brake_system_alert,"warning light, dashboard, ABS, alert",Brake system alert. Check fluid level and ABS sensors.
The worn pad problem keeps happening,brake_pad_wear,"brake pad, squeal, worn pad, grinding",Brake pads are worn. Replace pads to restore safe braking.
"Brake feels strange, maybe imbalance",uneven_brake_force,"pulling side, uneven brake, caliper, imbalance",Uneven brake force. Inspect calipers and brake fluid distribution.
I hear fade when braking,brake_overheating,"overheat, smell, hot brakes, fade","Brakes overheating. Stop safely, let them cool, and avoid aggressive braking."
My overheat is causing issues,brake_overheating,"overheat, smell, hot brakes, fade","Brakes overheating. Stop safely, let them cool, and avoid aggressive braking."
My spongy pedal is causing issues,air_in_brake_lines,"spongy pedal, air lines, soft brake, bleed brakes",Air in brake lines. Bleed brakes to restore firmness.
The imbalance problem keeps happening,uneven_brake_force,"pulling side, uneven brake, caliper, imbalance",Uneven brake force. Inspect calipers and brake fluid distribution.
I hear bleed brakes when braking,air_in_brake_lines,"spongy pedal, air lines, soft brake, bleed brakes",Air in brake lines. Bleed brakes to restore firmness.
My warning light is causing issues,brake_system_alert,"warning light, dashboard, ABS, alert",Brake system alert. Check fluid level and ABS sensors.
"Brake feels strange, maybe soft brake",air_in_brake_lines,"spongy pedal, air lines, soft brake, bleed brakes",Air in brake lines. Bleed brakes to restore firmness.
Car shows warped during braking,brake_disc_damage,"disc, rotor, warped, vibration",Brake disc/rotor may be damaged. Inspect and replace if warped.
Why is my soft brake acting up?,air_in_brake_lines,"spongy pedal, air lines, soft brake, bleed brakes",Air in brake lines. Bleed brakes to restore firmness.
Car shows vibration during braking,brake_disc_damage,"disc, rotor, warped, vibration",Brake disc/rotor may be damaged. Inspect and replace if warped.
Car shows hot brakes during braking,brake_overheating,"overheat, smell, hot brakes, fade","Brakes overheating. Stop safely, let them cool, and avoid aggressive braking."
"Brake feels strange, maybe smell",brake_overheating,"overheat, smell, hot brakes, fade","Brakes overheating. Stop safely, let them cool, and avoid aggressive braking."
Car shows fade during braking,brake_overheating,"overheat, smell, hot brakes, fade","Brakes overheating. Stop safely, let them cool, and avoid aggressive braking."
I hear alert when braking,brake_system_alert,"warning light, dashboard, ABS, alert",Brake system alert. Check fluid level and ABS sensors.
I hear pulling side when braking,uneven_brake_force,"pulling side, uneven brake, caliper, imbalance",Uneven brake force. Inspect calipers and brake fluid distribution.
"Brake feels strange, maybe worn pad",brake_pad_wear,"brake pad, squeal, worn pad, grinding",Brake pads are worn. Replace pads to restore safe braking.
The fade problem keeps happening,brake_overheating,"overheat, smell, hot brakes, fade","Brakes overheating. Stop safely, let them cool, and avoid aggressive braking."
"Brake feels strange, maybe pedal floor",brake_fluid_leak,"brake fluid, fluid leak, pedal floor, low fluid",Brake fluid may be leaking. Check reservoir and lines immediately.
My overheat is causing issues,brake_overheating,"overheat, smell, hot brakes, fade","Brakes overheating. Stop safely, let them cool, and avoid aggressive braking."
I hear dashboard when braking,brake_system_alert,"warning light, dashboard, ABS, alert",Brake system alert. Check fluid level and ABS sensors.
Why is my fade acting up?,brake_overheating,"overheat, smell, hot brakes, fade","Brakes overheating. Stop safely, let them cool, and avoid aggressive braking."
"Brake feels strange, maybe warning light",brake_system_alert,"warning light, dashboard, ABS, alert",Brake system alert. Check fluid level and ABS sensors.
The vibration problem keeps happening,brake_disc_damage,"disc, rotor, warped, vibration",Brake disc/rotor may be damaged. Inspect and replace if warped.
Why is my alert acting up?,brake_system_alert,"warning light, dashboard, ABS, alert",Brake system alert. Check fluid level and ABS sensors.
I hear uneven brake when braking,uneven_brake_force,"pulling side, uneven brake, caliper, imbalance",Uneven brake force. Inspect calipers and brake fluid distribution.
The soft brake problem keeps happening,air_in_brake_lines,"spongy pedal, air lines, soft brake, bleed brakes",Air in brake lines. Bleed brakes to restore firmness.
My imbalance is causing issues,uneven_brake_force,"pulling side, uneven brake, caliper, imbalance",Uneven brake force. Inspect calipers and brake fluid distribution.
Car shows alert during braking,brake_system_alert,"warning light, dashboard, ABS, alert",Brake system alert. Check fluid level and ABS sensors.
My rotor is causing issues,brake_disc_damage,"disc, rotor, warped, vibration",Brake disc/rotor may be damaged. Inspect and replace if warped.
"Brake feels strange, maybe pedal floor",brake_fluid_leak,"brake fluid, fluid leak, pedal floor, low fluid",Brake fluid may be leaking. Check reservoir and lines immediately.
I hear brake pad when braking,brake_pad_wear,"brake pad, squeal, worn pad, grinding",Brake pads are worn. Replace pads to restore safe braking.
Why is my warning light acting up?,brake_system_alert,"warning light, dashboard, ABS, alert",Brake system alert. Check fluid level and ABS sensors.
Car shows disc during braking,brake_disc_damage,"disc, rotor, warped, vibration",Brake disc/rotor may be damaged. Inspect and replace if warped.
The brake fluid problem keeps happening,brake_fluid_leak,"brake fluid, fluid leak, pedal floor, low fluid",Brake fluid may be leaking. Check reservoir and lines immediately.
"Brake feels strange, maybe air lines",air_in_brake_lines,"spongy pedal, air lines, soft brake, bleed brakes",Air in brake lines. Bleed brakes to restore firmness.
I hear brake fluid when braking,brake_fluid_leak,"brake fluid, fluid leak, pedal floor, low fluid",Brake fluid may be leaking. Check reservoir and lines immediately.
Why is my fade acting up?,brake_overheating,"overheat, smell, hot brakes, fade","Brakes overheating. Stop safely, let them cool, and avoid aggressive braking."
Why is my caliper acting up?,uneven_brake_force,"pulling side, uneven brake, caliper, imbalance",Uneven brake force. Inspect calipers and brake fluid distribution.
The warning light problem keeps happening,brake_system_alert,"warning light, dashboard, ABS, alert",Brake system alert. Check fluid level and ABS sensors.
Car shows rotor during braking,brake_disc_damage,"disc, rotor, warped, vibration",Brake disc/rotor may be damaged. Inspect and replace if warped.
Why is my fade acting up?,brake_overheating,"overheat, smell, hot brakes, fade","Brakes overheating. Stop safely, let them cool, and avoid aggressive braking."
I hear vibration when braking,brake_disc_damage,"disc, rotor, warped, vibration",Brake disc/rotor may be damaged. Inspect and replace if warped.
The disc problem keeps happening,brake_disc_damage,"disc, rotor, warped, vibration",Brake disc/rotor may be damaged. Inspect and replace if warped.
Car shows imbalance during braking,uneven_brake_force,"pulling side, uneven brake, caliper, imbalance",Uneven brake force. Inspect calipers and brake fluid distribution.
My hot brakes is causing issues,brake_overheating,"overheat, smell, hot brakes, fade","Brakes overheating. Stop safely, let them cool, and avoid aggressive braking."
"Brake feels strange, maybe smell",brake_overheating,"overheat, smell, hot brakes, fade","Brakes overheating. Stop safely, let them cool, and avoid aggressive braking."
Why is my warning light acting up?,brake_system_alert,"warning light, dashboard, ABS, alert",Brake system alert. Check fluid level and ABS sensors.
Car shows fade during braking,brake_overheating,"overheat, smell, hot brakes, fade","Brakes overheating. Stop safely, let them cool, and avoid aggressive braking."
The hot brakes problem keeps happening,brake_overheating,"overheat, smell, hot brakes, fade","Brakes overheating. Stop safely, let them cool, and avoid aggressive braking."
The warning light problem keeps happening,brake_system_alert,"warning light, dashboard, ABS, alert",Brake system alert. Check fluid level and ABS sensors.
Car shows hot brakes during braking,brake_overheating,"overheat, smell, hot brakes, fade","Brakes overheating. Stop safely, let them cool, and avoid aggressive braking."
Car shows fade during braking,brake_overheating,"overheat, smell, hot brakes, fade","Brakes overheating. Stop safely, let them cool, and avoid aggressive braking."
My ABS is causing issues,brake_system_alert,"warning light, dashboard, ABS, alert",Brake system alert. Check fluid level and ABS sensors.
The overheat problem keeps happening,brake_overheating,"overheat, smell, hot brakes, fade","Brakes overheating. Stop safely, let them cool, and avoid aggressive braking."
"Brake feels strange, maybe rotor",brake_disc_damage,"disc, rotor, warped, vibration",Brake disc/rotor may be damaged. Inspect and replace if warped.
"Brake feels strange, maybe vibration",brake_disc_damage,"disc, rotor, warped, vibration",Brake disc/rotor may be damaged. Inspect and replace if warped.
I hear alert when braking,brake_system_alert,"warning light, dashboard, ABS, alert",Brake system alert. Check fluid level and ABS sensors.
Why is my fade acting up?,brake_overheating,"overheat, smell, hot brakes, fade","Brakes overheating. Stop safely, let them cool, and avoid aggressive braking."
My grinding is causing issues,brake_pad_wear,"brake pad, squeal, worn pad, grinding",Brake pads are worn. Replace pads to restore safe braking.
"Brake feels strange, maybe warning light",brake_system_alert,"warning light, dashboard, ABS, alert",Brake system alert. Check fluid level and ABS sensors.
My low fluid is causing issues,brake_fluid_leak,"brake fluid, fluid leak, pedal floor, low fluid",Brake fluid may be leaking. Check reservoir and lines immediately.
"Brake feels strange, maybe uneven brake",uneven_brake_force,"pulling side, uneven brake, caliper, imbalance",Uneven brake force. Inspect calipers and brake fluid distribution.
I hear bleed brakes when braking,air_in_brake_lines,"spongy pedal, air lines, soft brake, bleed brakes",Air in brake lines. Bleed brakes to restore firmness.
"Brake feels strange, maybe dashboard",brake_system_alert,"warning light, dashboard, ABS, alert",Brake system alert. Check fluid level and ABS sensors.
Car shows disc during braking,brake_disc_damage,"disc, rotor, warped, vibration",Brake disc/rotor may be damaged. Inspect and replace if warped.
Car shows dashboard during braking,brake_system_alert,"warning light, dashboard, ABS, alert",Brake system alert. Check fluid level and ABS sensors.
The ABS problem keeps happening,brake_system_alert,"warning light, dashboard, ABS, alert",Brake system alert. Check fluid level and ABS sensors.
Car shows bleed brakes during braking,air_in_brake_lines,"spongy pedal, air lines, soft brake, bleed brakes",Air in brake lines. Bleed brakes to restore firmness.
Car shows grinding during braking,brake_pad_wear,"brake pad, squeal, worn pad, grinding",Brake pads are worn. Replace pads to restore safe braking.
The pedal floor problem keeps happening,brake_fluid_leak,"brake fluid, fluid leak, pedal floor, low fluid",Brake fluid may be leaking. Check reservoir and lines immediately.
The worn pad problem keeps happening,brake_pad_wear,"brake pad, squeal, worn pad, grinding",Brake pads are worn. Replace pads to restore safe braking.
The squeal problem keeps happening,brake_pad_wear,"brake pad, squeal, worn pad, grinding",Brake pads are worn. Replace pads to restore safe braking.
My caliper is causing issues,uneven_brake_force,"pulling side, uneven brake, caliper, imbalance",Uneven brake force. Inspect calipers and brake fluid distribution.
Car shows rotor during braking,brake_disc_damage,"disc, rotor, warped, vibration",Brake disc/rotor may be damaged. Inspect and replace if warped.
I hear smell when braking,brake_overheating,"overheat, smell, hot brakes, fade","Brakes overheating. Stop safely, let them cool, and avoid aggressive braking."
The rotor problem keeps happening,brake_disc_damage,"disc, rotor, warped, vibration",Brake disc/rotor may be damaged. Inspect and replace if warped.
The spongy pedal problem keeps happening,air_in_brake_lines,"spongy pedal, air lines, soft brake, bleed brakes",Air in brake lines. Bleed brakes to restore firmness.
I hear soft brake when braking,air_in_brake_lines,"spongy pedal, air lines, soft brake, bleed brakes",Air in brake lines. Bleed brakes to restore firmness.
I hear air lines when braking,air_in_brake_lines,"spongy pedal, air lines, soft brake, bleed brakes",Air in brake lines. Bleed brakes to restore firmness.
The brake fluid problem keeps happening,brake_fluid_leak,"brake fluid, fluid leak, pedal floor, low fluid",Brake fluid may be leaking. Check reservoir and lines immediately.
I hear caliper when braking,uneven_brake_force,"pulling side, uneven brake, caliper, imbalance",Uneven brake force. Inspect calipers and brake fluid distribution.
Car shows overheat during braking,brake_overheating,"overheat, smell, hot brakes, fade","Brakes overheating. Stop safely, let them cool, and avoid aggressive braking."
The rotor problem keeps happening,brake_disc_damage,"disc, rotor, warped, vibration",Brake disc/rotor may be damaged. Inspect and replace if warped.
Car shows overheat during braking,brake_overheating,"overheat, smell, hot brakes, fade","Brakes overheating. Stop safely, let them cool, and avoid aggressive braking."
I hear brake fluid when braking,brake_fluid_leak,"brake fluid, fluid leak, pedal floor, low fluid",Brake fluid may be leaking. Check reservoir and lines immediately.
Car shows spongy pedal during braking,air_in_brake_lines,"spongy pedal, air lines, soft brake, bleed brakes",Air in brake lines. Bleed brakes to restore firmness.
The caliper problem keeps happening,uneven_brake_force,"pulling side, uneven brake, caliper, imbalance",Uneven brake force. Inspect calipers and brake fluid distribution.
I hear overheat when braking,brake_overheating,"overheat, smell, hot brakes, fade","Brakes overheating. Stop safely, let them cool, and avoid aggressive braking."
The worn pad problem keeps happening,brake_pad_wear,"brake pad, squeal, worn pad, grinding",Brake pads are worn. Replace pads to restore safe braking.
My imbalance is causing issues,uneven_brake_force,"pulling side, uneven brake, caliper, imbalance",Uneven brake force. Inspect calipers and brake fluid distribution.
"Brake feels strange, maybe worn pad",brake_pad_wear,"brake pad, squeal, worn pad, grinding",Brake pads are worn. Replace pads to restore safe braking.
"Brake feels strange, maybe disc",brake_disc_damage,"disc, rotor, warped, vibration",Brake disc/rotor may be damaged. Inspect and replace if warped.
"Brake feels strange, maybe spongy pedal",air_in_brake_lines,"spongy pedal, air lines, soft brake, bleed brakes",Air in brake lines. Bleed brakes to restore firmness.
"Brake feels strange, maybe fluid leak",brake_fluid_leak,"brake fluid, fluid leak, pedal floor, low fluid",Brake fluid may be leaking. Check reservoir and lines immediately.
"Brake feels strange, maybe warning light",brake_system_alert,"warning light, dashboard, ABS, alert",Brake system alert. Check fluid level and ABS sensors.
Why is my low fluid acting up?,brake_fluid_leak,"brake fluid, fluid leak, pedal floor, low fluid",Brake fluid may be leaking. Check reservoir and lines immediately.
Why is my caliper acting up?,uneven_brake_force,"pulling side, uneven brake, caliper, imbalance",Uneven brake force. Inspect calipers and brake fluid distribution.
The rotor problem keeps happening,brake_disc_damage,"disc, rotor, warped, vibration",Brake disc/rotor may be damaged. Inspect and replace if warped.
"Brake feels strange, maybe bleed brakes",air_in_brake_lines,"spongy pedal, air lines, soft brake, bleed brakes",Air in brake lines. Bleed brakes to restore firmness.
My brake pad is causing issues,brake_pad_wear,"brake pad, squeal, worn pad, grinding",Brake pads are worn. Replace pads to restore safe braking.
I hear brake pad when braking,brake_pad_wear,"brake pad, squeal, worn pad, grinding",Brake pads are worn. Replace pads to restore safe braking.
Why is my fluid leak acting up?,brake_fluid_leak,"brake fluid, fluid leak, pedal floor, low fluid",Brake fluid may be leaking. Check reservoir and lines immediately.
The brake pad problem keeps happening,brake_pad_wear,"brake pad, squeal, worn pad, grinding",Brake pads are worn. Replace pads to restore safe braking.
Why is my brake fluid acting up?,brake_fluid_leak,"brake fluid, fluid leak, pedal floor, low fluid",Brake fluid may be leaking. Check reservoir and lines immediately.
"Brake feels strange, maybe overheat",brake_overheating,"overheat, smell, hot brakes, fade","Brakes overheating. Stop safely, let them cool, and avoid aggressive braking."
The rotor problem keeps happening,brake_disc_damage,"disc, rotor, warped, vibration",Brake disc/rotor may be damaged. Inspect and replace if warped.
I hear overheat when braking,brake_overheating,"overheat, smell, hot brakes, fade","Brakes overheating. Stop safely, let them cool, and avoid aggressive braking."
Why is my dashboard acting up?,brake_system_alert,"warning light, dashboard, ABS, alert",Brake system alert. Check fluid level and ABS sensors.
Car shows fluid leak during braking,brake_fluid_leak,"brake fluid, fluid leak, pedal floor, low fluid",Brake fluid may be leaking. Check reservoir and lines immediately.
The alert problem keeps happening,brake_system_alert,"warning light, dashboard, ABS, alert",Brake system alert. Check fluid level and ABS sensors.
I hear imbalance when braking,uneven_brake_force,"pulling side, uneven brake, caliper, imbalance",Uneven brake force. Inspect calipers and brake fluid distribution.
The alert problem keeps happening,brake_system_alert,"warning light, dashboard, ABS, alert",Brake system alert. Check fluid level and ABS sensors.
"Brake feels strange, maybe vibration",brake_disc_damage,"disc, rotor, warped, vibration",Brake disc/rotor may be damaged. Inspect and replace if warped.
My disc is causing issues,brake_disc_damage,"disc, rotor, warped, vibration",Brake disc/rotor may be damaged. Inspect and replace if warped.
The dashboard problem keeps happening,brake_system_alert,"warning light, dashboard, ABS, alert",Brake system alert. Check fluid level and ABS sensors.
"Brake feels strange, maybe overheat",brake_overheating,"overheat, smell, hot brakes, fade","Brakes overheating. Stop safely, let them cool, and avoid aggressive braking."
"Brake feels strange, maybe spongy pedal",air_in_brake_lines,"spongy pedal, air lines, soft brake, bleed brakes",Air in brake lines. Bleed brakes to restore firmness.
Why is my worn pad acting up?,brake_pad_wear,"brake pad, squeal, worn pad, grinding",Brake pads are worn. Replace pads to restore safe braking.
The hot brakes problem keeps happening,brake_overheating,"overheat, smell, hot brakes, fade","Brakes overheating. Stop safely, let them cool, and avoid aggressive braking."
Why is my disc acting up?,brake_disc_damage,"disc, rotor, warped, vibration",Brake disc/rotor may be damaged. Inspect and replace if warped.
Why is my bleed brakes acting up?,air_in_brake_lines,"spongy pedal, air lines, soft brake, bleed brakes",Air in brake lines. Bleed brakes to restore firmness.
Car shows brake pad during braking,brake_pad_wear,"brake pad, squeal, worn pad, grinding",Brake pads are worn. Replace pads to restore safe braking.
Why is my brake fluid acting up?,brake_fluid_leak,"brake fluid, fluid leak, pedal floor, low fluid",Brake fluid may be leaking. Check reservoir and lines immediately.
I hear alert when braking,brake_system_alert,"warning light, dashboard, ABS, alert",Brake system alert. Check fluid level and ABS sensors.
My uneven brake is causing issues,uneven_brake_force,"pulling side, uneven brake, caliper, imbalance",Uneven brake force. Inspect calipers and brake fluid distribution.
My uneven brake is causing issues,uneven_brake_force,"pulling side, uneven brake, caliper, imbalance",Uneven brake force. Inspect calipers and brake fluid distribution.
"Brake feels strange, maybe uneven brake",uneven_brake_force,"pulling side, uneven brake, caliper, imbalance",Uneven brake force. Inspect calipers and brake fluid distribution.
Why is my hot brakes acting up?,brake_overheating,"overheat, smell, hot brakes, fade","Brakes overheating. Stop safely, let them cool, and avoid aggressive braking."
I hear caliper when braking,uneven_brake_force,"pulling side, uneven brake, caliper, imbalance",Uneven brake force. Inspect calipers and brake fluid distribution.
"Brake feels strange, maybe vibration",brake_disc_damage,"disc, rotor, warped, vibration",Brake disc/rotor may be damaged. Inspect and replace if warped.
Car shows air lines during braking,air_in_brake_lines,"spongy pedal, air lines, soft brake, bleed brakes",Air in brake lines. Bleed brakes to restore firmness.
The brake pad problem keeps happening,brake_pad_wear,"brake pad, squeal, worn pad, grinding",Brake pads are worn. Replace pads to restore safe braking.
"Brake feels strange, maybe brake fluid",brake_fluid_leak,"brake fluid, fluid leak, pedal floor, low fluid",Brake fluid may be leaking. Check reservoir and lines immediately.
The caliper problem keeps happening,uneven_brake_force,"pulling side, uneven brake, caliper, imbalance",Uneven brake force. Inspect calipers and brake fluid distribution.
"Brake feels strange, maybe ABS",brake_system_alert,"warning light, dashboard, ABS, alert",Brake system alert. Check fluid level and ABS sensors.
I hear imbalance when braking,uneven_brake_force,"pulling side, uneven brake, caliper, imbalance",Uneven brake force. Inspect calipers and brake fluid distribution.
My alert is causing issues,brake_system_alert,"warning light, dashboard, ABS, alert",Brake system alert. Check fluid level and ABS sensors.
I hear hot brakes when braking,brake_overheating,"overheat, smell, hot brakes, fade","Brakes overheating. Stop safely, let them cool, and avoid aggressive braking."
Car shows pedal floor during braking,brake_fluid_leak,"brake fluid, fluid leak, pedal floor, low fluid",Brake fluid may be leaking. Check reservoir and lines immediately.
I hear dashboard when braking,brake_system_alert,"warning light, dashboard, ABS, alert",Brake system alert. Check fluid level and ABS sensors.
The air lines problem keeps happening,air_in_brake_lines,"spongy pedal, air lines, soft brake, bleed brakes",Air in brake lines. Bleed brakes to restore firmness.
"Brake feels strange, maybe fluid leak",brake_fluid_leak,"brake fluid, fluid leak, pedal floor, low fluid",Brake fluid may be leaking. Check reservoir and lines immediately.
"Brake feels strange, maybe worn pad",brake_pad_wear,"brake pad, squeal, worn pad, grinding",Brake pads are worn. Replace pads to restore safe braking.
"Brake feels strange, maybe brake fluid",brake_fluid_leak,"brake fluid, fluid leak, pedal floor, low fluid",Brake fluid may be leaking. Check reservoir and lines immediately.
My uneven brake is causing issues,uneven_brake_force,"pulling side, uneven brake, caliper, imbalance",Uneven brake force. Inspect calipers and brake fluid distribution.
I hear smell when braking,brake_overheating,"overheat, smell, hot brakes, fade","Brakes overheating. Stop safely, let them cool, and avoid aggressive braking."
"Brake feels strange, maybe pulling side",uneven_brake_force,"pulling side, uneven brake, caliper, imbalance",Uneven brake force. Inspect calipers and brake fluid distribution.
My fluid leak is causing issues,brake_fluid_leak,"brake fluid, fluid leak, pedal floor, low fluid",Brake fluid may be leaking. Check reservoir and lines immediately.
Car shows caliper during braking,uneven_brake_force,"pulling side, uneven brake, caliper, imbalance",Uneven brake force. Inspect calipers and brake fluid distribution.
Car shows dashboard during braking,brake_system_alert,"warning light, dashboard, ABS, alert",Brake system alert. Check fluid level and ABS sensors.
I hear spongy pedal when braking,air_in_brake_lines,"spongy pedal, air lines, soft brake, bleed brakes",Air in brake lines. Bleed brakes to restore firmness.
Car shows smell during braking,brake_overheating,"overheat, smell, hot brakes, fade","Brakes overheating. Stop safely, let them cool, and avoid aggressive braking."
My overheat is causing issues,brake_overheating,"overheat, smell, hot brakes, fade","Brakes overheating. Stop safely, let them cool, and avoid aggressive braking."
The pedal floor problem keeps happening,brake_fluid_leak,"brake fluid, fluid leak, pedal floor, low fluid",Brake fluid may be leaking. Check reservoir and lines immediately.
"Brake feels strange, maybe low fluid",brake_fluid_leak,"brake fluid, fluid leak, pedal floor, low fluid",Brake fluid may be leaking. Check reservoir and lines immediately.
I hear soft brake when braking,air_in_brake_lines,"spongy pedal, air lines, soft brake, bleed brakes",Air in brake lines. Bleed brakes to restore firmness.
"Brake feels strange, maybe uneven brake",uneven_brake_force,"pulling side, uneven brake, caliper, imbalance",Uneven brake force. Inspect calipers and brake fluid distribution.
My air lines is causing issues,air_in_brake_lines,"spongy pedal, air lines, soft brake, bleed brakes",Air in brake lines. Bleed brakes to restore firmness.
"Brake feels strange, maybe overheat",brake_overheating,"overheat, smell, hot brakes, fade","Brakes overheating. Stop safely, let them cool, and avoid aggressive braking."
Car shows spongy pedal during braking,air_in_brake_lines,"spongy pedal, air lines, soft brake, bleed brakes",Air in brake lines. Bleed brakes to restore firmness.
"Brake feels strange, maybe pulling side",uneven_brake_force,"pulling side, uneven brake, caliper, imbalance",Uneven brake force. Inspect calipers and brake fluid distribution.
I hear brake fluid when braking,brake_fluid_leak,"brake fluid, fluid leak, pedal floor, low fluid",Brake fluid may be leaking. Check reservoir and lines immediately.
I hear warning light when braking,brake_system_alert,"warning light, dashboard, ABS, alert",Brake system alert. Check fluid level and ABS sensors.
Why is my fade acting up?,brake_overheating,"overheat, smell, hot brakes, fade","Brakes overheating. Stop safely, let them cool, and avoid aggressive braking."
Car shows pulling side during braking,uneven_brake_force,"pulling side, uneven brake, caliper, imbalance",Uneven brake force. Inspect calipers and brake fluid distribution.
My soft brake is causing issues,air_in_brake_lines,"spongy pedal, air lines, soft brake, bleed brakes",Air in brake lines. Bleed brakes to restore firmness.
"Brake feels strange, maybe grinding",brake_pad_wear,"brake pad, squeal, worn pad, grinding",Brake pads are worn. Replace pads to restore safe braking.
Why is my caliper acting up?,uneven_brake_force,"pulling side, uneven brake, caliper, imbalance",Uneven brake force. Inspect calipers and brake fluid distribution.
"Brake feels strange, maybe ABS",brake_system_alert,"warning light, dashboard, ABS, alert",Brake system alert. Check fluid level and ABS sensors.
The alert problem keeps happening,brake_system_alert,"warning light, dashboard, ABS, alert",Brake system alert. Check fluid level and ABS sensors.
My warning light is causing issues,brake_system_alert,"warning light, dashboard, ABS, alert",Brake system alert. Check fluid level and ABS sensors.
Why is my ABS acting up?,brake_system_alert,"warning light, dashboard, ABS, alert",Brake system alert. Check fluid level and ABS sensors.
My squeal is causing issues,brake_pad_wear,"brake pad, squeal, worn pad, grinding",Brake pads are worn. Replace pads to restore safe braking.
"Brake feels strange, maybe dashboard",brake_system_alert,"warning light, dashboard, ABS, alert",Brake system alert. Check fluid level and ABS sensors.
Why is my spongy pedal acting up?,air_in_brake_lines,"spongy pedal, air lines, soft brake, bleed brakes",Air in brake lines. Bleed brakes to restore firmness.
My dashboard is causing issues,brake_system_alert,"warning light, dashboard, ABS, alert",Brake system alert. Check fluid level and ABS sensors.
Why is my brake pad acting up?,brake_pad_wear,"brake pad, squeal, worn pad, grinding",Brake pads are worn. Replace pads to restore safe braking.
Car shows alert during braking,brake_system_alert,"warning light, dashboard, ABS, alert",Brake system alert. Check fluid level and ABS sensors.
Car shows worn pad during braking,brake_pad_wear,"brake pad, squeal, worn pad, grinding",Brake pads are worn. Replace pads to restore safe braking.
"Brake feels strange, maybe soft brake",air_in_brake_lines,"spongy pedal, air lines, soft brake, bleed brakes",Air in brake lines. Bleed brakes to restore firmness.
"Brake feels strange, maybe soft brake",air_in_brake_lines,"spongy pedal, air lines, soft brake, bleed brakes",Air in brake lines. Bleed brakes to restore firmness.
I hear grinding when braking,brake_pad_wear,"brake pad, squeal, worn pad, grinding",Brake pads are worn. Replace pads to restore safe braking.
"Brake feels strange, maybe dashboard",brake_system_alert,"warning light, dashboard, ABS, alert",Brake system alert. Check fluid level and ABS sensors.
"Brake feels strange, maybe uneven brake",uneven_brake_force,"pulling side, uneven brake, caliper, imbalance",Uneven brake force. Inspect calipers and brake fluid distribution.
Why is my imbalance acting up?,uneven_brake_force,"pulling side, uneven brake, caliper, imbalance",Uneven brake force. Inspect calipers and brake fluid distribution.
I hear pedal floor when braking,brake_fluid_leak,"brake fluid, fluid leak, pedal floor, low fluid",Brake fluid may be leaking. Check reservoir and lines immediately.
My fluid leak is causing issues,brake_fluid_leak,"brake fluid, fluid leak, pedal floor, low fluid",Brake fluid may be leaking. Check reservoir and lines immediately.
"Brake feels strange, maybe bleed brakes",air_in_brake_lines,"spongy pedal, air lines, soft brake, bleed brakes",Air in brake lines. Bleed brakes to restore firmness.
"Brake feels strange, maybe soft brake",air_in_brake_lines,"spongy pedal, air lines, soft brake, bleed brakes",Air in brake lines. Bleed brakes to restore firmness.
"Brake feels strange, maybe pedal floor",brake_fluid_leak,"brake fluid, fluid leak, pedal floor, low fluid",Brake fluid may be leaking. Check reservoir and lines immediately.
My rotor is causing issues,brake_disc_damage,"disc, rotor, warped, vibration",Brake disc/rotor may be damaged. Inspect and replace if warped.
I hear uneven brake when braking,uneven_brake_force,"pulling side, uneven brake, caliper, imbalance",Uneven brake force. Inspect calipers and brake fluid distribution.
"Brake feels strange, maybe ABS",brake_system_alert,"warning light, dashboard, ABS, alert",Brake system alert. Check fluid level and ABS sensors.
The fade problem keeps happening,brake_overheating,"overheat, smell, hot brakes, fade","Brakes overheating. Stop safely, let them cool, and avoid aggressive braking."
Why is my alert acting up?,brake_system_alert,"warning light, dashboard, ABS, alert",Brake system alert. Check fluid level and ABS sensors.
"Brake feels strange, maybe rotor",brake_disc_damage,"disc, rotor, warped, vibration",Brake disc/rotor may be damaged. Inspect and replace if warped.
The soft brake problem keeps happening,air_in_brake_lines,"spongy pedal, air lines, soft brake, bleed brakes",Air in brake lines. Bleed brakes to restore firmness.
Why is my fluid leak acting up?,brake_fluid_leak,"brake fluid, fluid leak, pedal floor, low fluid",Brake fluid may be leaking. Check reservoir and lines immediately.
Why is my rotor acting up?,brake_disc_damage,"disc, rotor, warped, vibration",Brake disc/rotor may be damaged. Inspect and replace if warped.
The spongy pedal problem keeps happening,air_in_brake_lines,"spongy pedal, air lines, soft brake, bleed brakes",Air in brake lines. Bleed brakes to restore firmness.
"Brake feels strange, maybe bleed brakes",air_in_brake_lines,"spongy pedal, air lines, soft brake, bleed brakes",Air in brake lines. Bleed brakes to restore firmness.
Why is my worn pad acting up?,brake_pad_wear,"brake pad, squeal, worn pad, grinding",Brake pads are worn. Replace pads to restore safe braking.
I hear rotor when braking,brake_disc_damage,"disc, rotor, warped, vibration",Brake disc/rotor may be damaged. Inspect and replace if warped.
The caliper problem keeps happening,uneven_brake_force,"pulling side, uneven brake, caliper, imbalance",Uneven brake force. Inspect calipers and brake fluid distribution.
The spongy pedal problem keeps happening,air_in_brake_lines,"spongy pedal, air lines, soft brake, bleed brakes",Air in brake lines. Bleed brakes to restore firmness.
Car shows warped during braking,brake_disc_damage,"disc, rotor, warped, vibration",Brake disc/rotor may be damaged. Inspect and replace if warped.
"Brake feels strange, maybe spongy pedal",air_in_brake_lines,"spongy pedal, air lines, soft brake, bleed brakes",Air in brake lines. Bleed brakes to restore firmness.
The low fluid problem keeps happening,brake_fluid_leak,"brake fluid, fluid leak, pedal floor, low fluid",Brake fluid may be leaking. Check reservoir and lines immediately.
"Brake feels strange, maybe vibration",brake_disc_damage,"disc, rotor, warped, vibration",Brake disc/rotor may be damaged. Inspect and replace if warped.
The low fluid problem keeps happening,brake_fluid_leak,"brake fluid, fluid leak, pedal floor, low fluid",Brake fluid may be leaking. Check reservoir and lines immediately.
I hear imbalance when braking,uneven_brake_force,"pulling side, uneven brake, caliper, imbalance",Uneven brake force. Inspect calipers and brake fluid distribution.
"Brake feels strange, maybe pulling side",uneven_brake_force,"pulling side, uneven brake, caliper, imbalance",Uneven brake force. Inspect calipers and brake fluid distribution.
My dashboard is causing issues,brake_system_alert,"warning light, dashboard, ABS, alert",Brake system alert. Check fluid level and ABS sensors.
The squeal problem keeps happening,brake_pad_wear,"brake pad, squeal, worn pad, grinding",Brake pads are worn. Replace pads to restore safe braking.
"Brake feels strange, maybe low fluid",brake_fluid_leak,"brake fluid, fluid leak, pedal floor, low fluid",Brake fluid may be leaking. Check reservoir and lines immediately.
Why is my brake fluid acting up?,brake_fluid_leak,"brake fluid, fluid leak, pedal floor, low fluid",Brake fluid may be leaking. Check reservoir and lines immediately.
My dashboard is causing issues,brake_system_alert,"warning light, dashboard, ABS, alert",Brake system alert. Check fluid level and ABS sensors.
Why is my hot brakes acting up?,brake_overheating,"overheat, smell, hot brakes, fade","Brakes overheating. Stop safely, let them cool, and avoid aggressive braking."
I hear pedal floor when braking,brake_fluid_leak,"brake fluid, fluid leak, pedal floor, low fluid",Brake fluid may be leaking. Check reservoir and lines immediately.
I hear low fluid when braking,brake_fluid_leak,"brake fluid, fluid leak, pedal floor, low fluid",Brake fluid may be leaking. Check reservoir and lines immediately.
My soft brake is causing issues,air_in_brake_lines,"spongy pedal, air lines, soft brake, bleed brakes",Air in brake lines. Bleed brakes to restore firmness.
I hear dashboard when braking,brake_system_alert,"warning light, dashboard, ABS, alert",Brake system alert. Check fluid level and ABS sensors.
My vibration is causing issues,brake_disc_damage,"disc, rotor, warped, vibration",Brake disc/rotor may be damaged. Inspect and replace if warped.
My fade is causing issues,brake_overheating,"overheat, smell, hot brakes, fade","Brakes overheating. Stop safely, let them cool, and avoid aggressive braking."
Why is my fade acting up?,brake_overheating,"overheat, smell, hot brakes, fade","Brakes overheating. Stop safely, let them cool, and avoid aggressive braking."
Why is my bleed brakes acting up?,air_in_brake_lines,"spongy pedal, air lines, soft brake, bleed brakes",Air in brake lines. Bleed brakes to restore firmness.
The spongy pedal problem keeps happening,air_in_brake_lines,"spongy pedal, air lines, soft brake, bleed brakes",Air in brake lines. Bleed brakes to restore firmness.
"Brake feels strange, maybe disc",brake_disc_damage,"disc, rotor, warped, vibration",Brake disc/rotor may be damaged. Inspect and replace if warped.
Car shows brake pad during braking,brake_pad_wear,"brake pad, squeal, worn pad, grinding",Brake pads are worn. Replace pads to restore safe braking.
"Brake feels strange, maybe fade",brake_overheating,"overheat, smell, hot brakes, fade","Brakes overheating. Stop safely, let them cool, and avoid aggressive braking."
I hear brake pad when braking,brake_pad_wear,"brake pad, squeal, worn pad, grinding",Brake pads are worn. Replace pads to restore safe braking.
Why is my fade acting up?,brake_overheating,"overheat, smell, hot brakes, fade","Brakes overheating. Stop safely, let them cool, and avoid aggressive braking."
I hear smell when braking,brake_overheating,"overheat, smell, hot brakes, fade","Brakes overheating. Stop safely, let them cool, and avoid aggressive braking."
I hear squeal when braking,brake_pad_wear,"brake pad, squeal, worn pad, grinding",Brake pads are worn. Replace pads to restore safe braking.
My smell is causing issues,brake_overheating,"overheat, smell, hot brakes, fade","Brakes overheating. Stop safely, let them cool, and avoid aggressive braking."
Why is my overheat acting up?,brake_overheating,"overheat, smell, hot brakes, fade","Brakes overheating. Stop safely, let them cool, and avoid aggressive braking."
Why is my disc acting up?,brake_disc_damage,"disc, rotor, warped, vibration",Brake disc/rotor may be damaged. Inspect and replace if warped.
My vibration is causing issues,brake_disc_damage,"disc, rotor, warped, vibration",Brake disc/rotor may be damaged. Inspect and replace if warped.
I hear warped when braking,brake_disc_damage,"disc, rotor, warped, vibration",Brake disc/rotor may be damaged. Inspect and replace if warped.
My fluid leak is causing issues,brake_fluid_leak,"brake fluid, fluid leak, pedal floor, low fluid",Brake fluid may be leaking. Check reservoir and lines immediately.
I hear warning light when braking,brake_system_alert,"warning light, dashboard, ABS, alert",Brake system alert. Check fluid level and ABS sensors.
I hear low fluid when braking,brake_fluid_leak,"brake fluid, fluid leak, pedal floor, low fluid",Brake fluid may be leaking. Check reservoir and lines immediately.
My worn pad is causing issues,brake_pad_wear,"brake pad, squeal, worn pad, grinding",Brake pads are worn. Replace pads to restore safe braking.
Car shows fade during braking,brake_overheating,"overheat, smell, hot brakes, fade","Brakes overheating. Stop safely, let them cool, and avoid aggressive braking."
My uneven brake is causing issues,uneven_brake_force,"pulling side, uneven brake, caliper, imbalance",Uneven brake force. Inspect calipers and brake fluid distribution.
Why is my spongy pedal acting up?,air_in_brake_lines,"spongy pedal, air lines, soft brake, bleed brakes",Air in brake lines. Bleed brakes to restore firmness.
I hear low fluid when braking,brake_fluid_leak,"brake fluid, fluid leak, pedal floor, low fluid",Brake fluid may be leaking. Check reservoir and lines immediately.
The grinding problem keeps happening,brake_pad_wear,"brake pad, squeal, worn pad, grinding",Brake pads are worn. Replace pads to restore safe braking.
My alert is causing issues,brake_system_alert,"warning light, dashboard, ABS, alert",Brake system alert. Check fluid level and ABS sensors.
Car shows dashboard during braking,brake_system_alert,"warning light, dashboard, ABS, alert",Brake system alert. Check fluid level and ABS sensors.
"Brake feels strange, maybe alert",brake_system_alert,"warning light, dashboard, ABS, alert",Brake system alert. Check fluid level and ABS sensors.
My vibration is causing issues,brake_disc_damage,"disc, rotor, warped, vibration",Brake disc/rotor may be damaged. Inspect and replace if warped.
The bleed brakes problem keeps happening,air_in_brake_lines,"spongy pedal, air lines, soft brake, bleed brakes",Air in brake lines. Bleed brakes to restore firmness.
The pedal floor problem keeps happening,brake_fluid_leak,"brake fluid, fluid leak, pedal floor, low fluid",Brake fluid may be leaking. Check reservoir and lines immediately.
I hear spongy pedal when braking,air_in_brake_lines,"spongy pedal, air lines, soft brake, bleed brakes",Air in brake lines. Bleed brakes to restore firmness.
The hot brakes problem keeps happening,brake_overheating,"overheat, smell, hot brakes, fade","Brakes overheating. Stop safely, let them cool, and avoid aggressive braking."
"Brake feels strange, maybe air lines",air_in_brake_lines,"spongy pedal, air lines, soft brake, bleed brakes",Air in brake lines. Bleed brakes to restore firmness.
The hot brakes problem keeps happening,brake_overheating,"overheat, smell, hot brakes, fade","Brakes overheating. Stop safely, let them cool, and avoid aggressive braking."
I hear imbalance when braking,uneven_brake_force,"pulling side, uneven brake, caliper, imbalance",Uneven brake force. Inspect calipers and brake fluid distribution.
Why is my pulling side acting up?,uneven_brake_force,"pulling side, uneven brake, caliper, imbalance",Uneven brake force. Inspect calipers and brake fluid distribution.
My rotor is causing issues,brake_disc_damage,"disc, rotor, warped, vibration",Brake disc/rotor may be damaged. Inspect and replace if warped.
I hear warped when braking,brake_disc_damage,"disc, rotor, warped, vibration",Brake disc/rotor may be damaged. Inspect and replace if warped.
My rotor is causing issues,brake_disc_damage,"disc, rotor, warped, vibration",Brake disc/rotor may be damaged. Inspect and replace if warped.
"Brake feels strange, maybe pedal floor",brake_fluid_leak,"brake fluid, fluid leak, pedal floor, low fluid",Brake fluid may be leaking. Check reservoir and lines immediately.
I hear warning light when braking,brake_system_alert,"warning light, dashboard, ABS, alert",Brake system alert. Check fluid level and ABS sensors.
I hear hot brakes when braking,brake_overheating,"overheat, smell, hot brakes, fade","Brakes overheating. Stop safely, let them cool, and avoid aggressive braking."
"Brake feels strange, maybe overheat",brake_overheating,"overheat, smell, hot brakes, fade","Brakes overheating. Stop safely, let them cool, and avoid aggressive braking."
My hot brakes is causing issues,brake_overheating,"overheat, smell, hot brakes, fade","Brakes overheating. Stop safely, let them cool, and avoid aggressive braking."
I hear pulling side when braking,uneven_brake_force,"pulling side, uneven brake, caliper, imbalance",Uneven brake force. Inspect calipers and brake fluid distribution.
I hear caliper when braking,uneven_brake_force,"pulling side, uneven brake, caliper, imbalance",Uneven brake force. Inspect calipers and brake fluid distribution.
Car shows hot brakes during braking,brake_overheating,"overheat, smell, hot brakes, fade","Brakes overheating. Stop safely, let them cool, and avoid aggressive braking."
Why is my fade acting up?,brake_overheating,"overheat, smell, hot brakes, fade","Brakes overheating. Stop safely, let them cool, and avoid aggressive braking."
"Brake feels strange, maybe ABS",brake_system_alert,"warning light, dashboard, ABS, alert",Brake system alert. Check fluid level and ABS sensors.
"Brake feels strange, maybe alert",brake_system_alert,"warning light, dashboard, ABS, alert",Brake system alert. Check fluid level and ABS sensors.
"Brake feels strange, maybe overheat",brake_overheating,"overheat, smell, hot brakes, fade","Brakes overheating. Stop safely, let them cool, and avoid aggressive braking."
"Brake feels strange, maybe vibration",brake_disc_damage,"disc, rotor, warped, vibration",Brake disc/rotor may be damaged. Inspect and replace if warped.
My soft brake is causing issues,air_in_brake_lines,"spongy pedal, air lines, soft brake, bleed brakes",Air in brake lines. Bleed brakes to restore firmness.
My hot brakes is causing issues,brake_overheating,"overheat, smell, hot brakes, fade","Brakes overheating. Stop safely, let them cool, and avoid aggressive braking."
Car shows uneven brake during braking,uneven_brake_force,"pulling side, uneven brake, caliper, imbalance",Uneven brake force. Inspect calipers and brake fluid distribution.
Why is my fade acting up?,brake_overheating,"overheat, smell, hot brakes, fade","Brakes overheating. Stop safely, let them cool, and avoid aggressive braking."
Why is my worn pad acting up?,brake_pad_wear,"brake pad, squeal, worn pad, grinding",Brake pads are worn. Replace pads to restore safe braking.
I hear fade when braking,brake_overheating,"overheat, smell, hot brakes, fade","Brakes overheating. Stop safely, let them cool, and avoid aggressive braking."
Car shows ABS during braking,brake_system_alert,"warning light, dashboard, ABS, alert",Brake system alert. Check fluid level and ABS sensors.
"Brake feels strange, maybe uneven brake",uneven_brake_force,"pulling side, uneven brake, caliper, imbalance",Uneven brake force. Inspect calipers and brake fluid distribution.
"Brake feels strange, maybe brake pad",brake_pad_wear,"brake pad, squeal, worn pad, grinding",Brake pads are worn. Replace pads to restore safe braking.
Why is my grinding acting up?,brake_pad_wear,"brake pad, squeal, worn pad, grinding",Brake pads are worn. Replace pads to restore safe braking.
My squeal is causing issues,brake_pad_wear,"brake pad, squeal, worn pad, grinding",Brake pads are worn. Replace pads to restore safe braking.
The warning light problem keeps happening,brake_system_alert,"warning light, dashboard, ABS, alert",Brake system alert. Check fluid level and ABS sensors.
The alert problem keeps happening,brake_system_alert,"warning light, dashboard, ABS, alert",Brake system alert. Check fluid level and ABS sensors.
I hear warped when braking,brake_disc_damage,"disc, rotor, warped, vibration",Brake disc/rotor may be damaged. Inspect and replace if warped.
My alert is causing issues,brake_system_alert,"warning light, dashboard, ABS, alert",Brake system alert. Check fluid level and ABS sensors.
Why is my warning light acting up?,brake_system_alert,"warning light, dashboard, ABS, alert",Brake system alert. Check fluid level and ABS sensors.
Why is my air lines acting up?,air_in_brake_lines,"spongy pedal, air lines, soft brake, bleed brakes",Air in brake lines. Bleed brakes to restore firmness.
My warning light is causing issues,brake_system_alert,"warning light, dashboard, ABS, alert",Brake system alert. Check fluid level and ABS sensors.
Car shows alert during braking,brake_system_alert,"warning light, dashboard, ABS, alert",Brake system alert. Check fluid level and ABS sensors.
Car shows bleed brakes during braking,air_in_brake_lines,"spongy pedal, air lines, soft brake, bleed brakes",Air in brake lines. Bleed brakes to restore firmness.
Why is my grinding acting up?,brake_pad_wear,"brake pad, squeal, worn pad, grinding",Brake pads are worn. Replace pads to restore safe braking.
The vibration problem keeps happening,brake_disc_damage,"disc, rotor, warped, vibration",Brake disc/rotor may be damaged. Inspect and replace if warped.
"Brake feels strange, maybe spongy pedal",air_in_brake_lines,"spongy pedal, air lines, soft brake, bleed brakes",Air in brake lines. Bleed brakes to restore firmness.
The ABS problem keeps happening,brake_system_alert,"warning light, dashboard, ABS, alert",Brake system alert. Check fluid level and ABS sensors.
My overheat is causing issues,brake_overheating,"overheat, smell, hot brakes, fade","Brakes overheating. Stop safely, let them cool, and avoid aggressive braking."
I hear alert when braking,brake_system_alert,"warning light, dashboard, ABS, alert",Brake system alert. Check fluid level and ABS sensors.
Why is my brake pad acting up?,brake_pad_wear,"brake pad, squeal, worn pad, grinding",Brake pads are worn. Replace pads to restore safe braking.
Why is my dashboard acting up?,brake_system_alert,"warning light, dashboard, ABS, alert",Brake system alert. Check fluid level and ABS sensors.
The bleed brakes problem keeps happening,air_in_brake_lines,"spongy pedal, air lines, soft brake, bleed brakes",Air in brake lines. Bleed brakes to restore firmness.
I hear alert when braking,brake_system_alert,"warning light, dashboard, ABS, alert",Brake system alert. Check fluid level and ABS sensors.
Car shows worn pad during braking,brake_pad_wear,"brake pad, squeal, worn pad, grinding",Brake pads are worn. Replace pads to restore safe braking.
"Brake feels strange, maybe squeal",brake_pad_wear,"brake pad, squeal, worn pad, grinding",Brake pads are worn. Replace pads to restore safe braking.
The brake fluid problem keeps happening,brake_fluid_leak,"brake fluid, fluid leak, pedal floor, low fluid",Brake fluid may be leaking. Check reservoir and lines immediately.
Car shows bleed brakes during braking,air_in_brake_lines,"spongy pedal, air lines, soft brake, bleed brakes",Air in brake lines. Bleed brakes to restore firmness.
"Brake feels strange, maybe fade",brake_overheating,"overheat, smell, hot brakes, fade","Brakes overheating. Stop safely, let them cool, and avoid aggressive braking."
My soft brake is causing issues,air_in_brake_lines,"spongy pedal, air lines, soft brake, bleed brakes",Air in brake lines. Bleed brakes to restore firmness.
"Brake feels strange, maybe uneven brake",uneven_brake_force,"pulling side, uneven brake, caliper, imbalance",Uneven brake force. Inspect calipers and brake fluid distribution.
Why is my smell acting up?,brake_overheating,"overheat, smell, hot brakes, fade","Brakes overheating. Stop safely, let them cool, and avoid aggressive braking."
I hear alert when braking,brake_system_alert,"warning light, dashboard, ABS, alert",Brake system alert. Check fluid level and ABS sensors.
The hot brakes problem keeps happening,brake_overheating,"overheat, smell, hot brakes, fade","Brakes overheating. Stop safely, let them cool, and avoid aggressive braking."
My air lines is causing issues,air_in_brake_lines,"spongy pedal, air lines, soft brake, bleed brakes",Air in brake lines. Bleed brakes to restore firmness.
I hear fluid leak when braking,brake_fluid_leak,"brake fluid, fluid leak, pedal floor, low fluid",Brake fluid may be leaking. Check reservoir and lines immediately.
My rotor is causing issues,brake_disc_damage,"disc, rotor, warped, vibration",Brake disc/rotor may be damaged. Inspect and replace if warped.
I hear ABS when braking,brake_system_alert,"warning light, dashboard, ABS, alert",Brake system alert. Check fluid level and ABS sensors.
I hear fluid leak when braking,brake_fluid_leak,"brake fluid, fluid leak, pedal floor, low fluid",Brake fluid may be leaking. Check reservoir and lines immediately.
"Brake feels strange, maybe uneven brake",uneven_brake_force,"pulling side, uneven brake, caliper, imbalance",Uneven brake force. Inspect calipers and brake fluid distribution.
The hot brakes problem keeps happening,brake_overheating,"overheat, smell, hot brakes, fade","Brakes overheating. Stop safely, let them cool, and avoid aggressive braking."
The brake fluid problem keeps happening,brake_fluid_leak,"brake fluid, fluid leak, pedal floor, low fluid",Brake fluid may be leaking. Check reservoir and lines immediately.
I hear squeal when braking,brake_pad_wear,"brake pad, squeal, worn pad, grinding",Brake pads are worn. Replace pads to restore safe braking.
Why is my uneven brake acting up?,uneven_brake_force,"pulling side, uneven brake, caliper, imbalance",Uneven brake force. Inspect calipers and brake fluid distribution.
The hot brakes problem keeps happening,brake_overheating,"overheat, smell, hot brakes, fade","Brakes overheating. Stop safely, let them cool, and avoid aggressive braking."
The brake fluid problem keeps happening,brake_fluid_leak,"brake fluid, fluid leak, pedal floor, low fluid",Brake fluid may be leaking. Check reservoir and lines immediately.
My alert is causing issues,brake_system_alert,"warning light, dashboard, ABS, alert",Brake system alert. Check fluid level and ABS sensors.
My fluid leak is causing issues,brake_fluid_leak,"brake fluid, fluid leak, pedal floor, low fluid",Brake fluid may be leaking. Check reservoir and lines immediately.
Why is my brake fluid acting up?,brake_fluid_leak,"brake fluid, fluid leak, pedal floor, low fluid",Brake fluid may be leaking. Check reservoir and lines immediately.
My squeal is causing issues,brake_pad_wear,"brake pad, squeal, worn pad, grinding",Brake pads are worn. Replace pads to restore safe braking.
I hear caliper when braking,uneven_brake_force,"pulling side, uneven brake, caliper, imbalance",Uneven brake force. Inspect calipers and brake fluid distribution.
My brake pad is causing issues,brake_pad_wear,"brake pad, squeal, worn pad, grinding",Brake pads are worn. Replace pads to restore safe braking.
Why is my vibration acting up?,brake_disc_damage,"disc, rotor, warped, vibration",Brake disc/rotor may be damaged. Inspect and replace if warped.
My disc is causing issues,brake_disc_damage,"disc, rotor, warped, vibration",Brake disc/rotor may be damaged. Inspect and replace if warped.
Why is my fade acting up?,brake_overheating,"overheat, smell, hot brakes, fade","Brakes overheating. Stop safely, let them cool, and avoid aggressive braking."
Why is my hot brakes acting up?,brake_overheating,"overheat, smell, hot brakes, fade","Brakes overheating. Stop safely, let them cool, and avoid aggressive braking."
"Brake feels strange, maybe pulling side",uneven_brake_force,"pulling side, uneven brake, caliper, imbalance",Uneven brake force. Inspect calipers and brake fluid distribution.
I hear brake fluid when braking,brake_fluid_leak,"brake fluid, fluid leak, pedal floor, low fluid",Brake fluid may be leaking. Check reservoir and lines immediately.
The ABS problem keeps happening,brake_system_alert,"warning light, dashboard, ABS, alert",Brake system alert. Check fluid level and ABS sensors.
The worn pad problem keeps happening,brake_pad_wear,"brake pad, squeal, worn pad, grinding",Brake pads are worn. Replace pads to restore safe braking.
"Brake feels strange, maybe grinding",brake_pad_wear,"brake pad, squeal, worn pad, grinding",Brake pads are worn. Replace pads to restore safe braking.
I hear low fluid when braking,brake_fluid_leak,"brake fluid, fluid leak, pedal floor, low fluid",Brake fluid may be leaking. Check reservoir and lines immediately.
My pedal floor is causing issues,brake_fluid_leak,"brake fluid, fluid leak, pedal floor, low fluid",Brake fluid may be leaking. Check reservoir and lines immediately.
The ABS problem keeps happening,brake_system_alert,"warning light, dashboard, ABS, alert",Brake system alert. Check fluid level and ABS sensors.
The imbalance problem keeps happening,uneven_brake_force,"pulling side, uneven brake, caliper, imbalance",Uneven brake force. Inspect calipers and brake fluid distribution.
I hear overheat when braking,brake_overheating,"overheat, smell, hot brakes, fade","Brakes overheating. Stop safely, let them cool, and avoid aggressive braking."
"Brake feels strange, maybe brake pad",brake_pad_wear,"brake pad, squeal, worn pad, grinding",Brake pads are worn. Replace pads to restore safe braking.
"Brake feels strange, maybe squeal",brake_pad_wear,"brake pad, squeal, worn pad, grinding",Brake pads are worn. Replace pads to restore safe braking.
"Brake feels strange, maybe warning light",brake_system_alert,"warning light, dashboard, ABS, alert",Brake system alert. Check fluid level and ABS sensors.
"Brake feels strange, maybe worn pad",brake_pad_wear,"brake pad, squeal, worn pad, grinding",Brake pads are worn. Replace pads to restore safe braking.
"Brake feels strange, maybe vibration",brake_disc_damage,"disc, rotor, warped, vibration",Brake disc/rotor may be damaged. Inspect and replace if warped.
The caliper problem keeps happening,uneven_brake_force,"pulling side, uneven brake, caliper, imbalance",Uneven brake force. Inspect calipers and brake fluid distribution.
"Brake feels strange, maybe warped",brake_disc_damage,"disc, rotor, warped, vibration",Brake disc/rotor may be damaged. Inspect and replace if warped.
I hear overheat when braking,brake_overheating,"overheat, smell, hot brakes, fade","Brakes overheating. Stop safely, let them cool, and avoid aggressive braking."
"Brake feels strange, maybe air lines",air_in_brake_lines,"spongy pedal, air lines, soft brake, bleed brakes",Air in brake lines. Bleed brakes to restore firmness.
My dashboard is causing issues,brake_system_alert,"warning light, dashboard, ABS, alert",Brake system alert. Check fluid level and ABS sensors.
The spongy pedal problem keeps happening,air_in_brake_lines,"spongy pedal, air lines, soft brake, bleed brakes",Air in brake lines. Bleed brakes to restore firmness.
"Brake feels strange, maybe ABS",brake_system_alert,"warning light, dashboard, ABS, alert",Brake system alert. Check fluid level and ABS sensors.
My warning light is causing issues,brake_system_alert,"warning light, dashboard, ABS, alert",Brake system alert. Check fluid level and ABS sensors.
Car shows brake fluid during braking,brake_fluid_leak,"brake fluid, fluid leak, pedal floor, low fluid",Brake fluid may be leaking. Check reservoir and lines immediately.
The warped problem keeps happening,brake_disc_damage,"disc, rotor, warped, vibration",Brake disc/rotor may be damaged. Inspect and replace if warped.
My imbalance is causing issues,uneven_brake_force,"pulling side, uneven brake, caliper, imbalance",Uneven brake force. Inspect calipers and brake fluid distribution.
The pedal floor problem keeps happening,brake_fluid_leak,"brake fluid, fluid leak, pedal floor, low fluid",Brake fluid may be leaking. Check reservoir and lines immediately.
Car shows rotor during braking,brake_disc_damage,"disc, rotor, warped, vibration",Brake disc/rotor may be damaged. Inspect and replace if warped.
My bleed brakes is causing issues,air_in_brake_lines,"spongy pedal, air lines, soft brake, bleed brakes",Air in brake lines. Bleed brakes to restore firmness.
"Brake feels strange, maybe vibration",brake_disc_damage,"disc, rotor, warped, vibration",Brake disc/rotor may be damaged. Inspect and replace if warped.
"Brake feels strange, maybe smell",brake_overheating,"overheat, smell, hot brakes, fade","Brakes overheating. Stop safely, let them cool, and avoid aggressive braking."
"Brake feels strange, maybe brake pad",brake_pad_wear,"brake pad, squeal, worn pad, grinding",Brake pads are worn. Replace pads to restore safe braking.
Why is my pedal floor acting up?,brake_fluid_leak,"brake fluid, fluid leak, pedal floor, low fluid",Brake fluid may be leaking. Check reservoir and lines immediately.
Why is my pulling side acting up?,uneven_brake_force,"pulling side, uneven brake, caliper, imbalance",Uneven brake force. Inspect calipers and brake fluid distribution.
Car shows worn pad during braking,brake_pad_wear,"brake pad, squeal, worn pad, grinding",Brake pads are worn. Replace pads to restore safe braking.
The brake fluid problem keeps happening,brake_fluid_leak,"brake fluid, fluid leak, pedal floor, low fluid",Brake fluid may be leaking. Check reservoir and lines immediately.
Why is my low fluid acting up?,brake_fluid_leak,"brake fluid, fluid leak, pedal floor, low fluid",Brake fluid may be leaking. Check reservoir and lines immediately.
My worn pad is causing issues,brake_pad_wear,"brake pad, squeal, worn pad, grinding",Brake pads are worn. Replace pads to restore safe braking.
I hear low fluid when braking,brake_fluid_leak,"brake fluid, fluid leak, pedal floor, low fluid",Brake fluid may be leaking. Check reservoir and lines immediately.
Why is my grinding acting up?,brake_pad_wear,"brake pad, squeal, worn pad, grinding",Brake pads are worn. Replace pads to restore safe braking.
"Brake feels strange, maybe ABS",brake_system_alert,"warning light, dashboard, ABS, alert",Brake system alert. Check fluid level and ABS sensors.
Why is my worn pad acting up?,brake_pad_wear,"brake pad, squeal, worn pad, grinding",Brake pads are worn. Replace pads to restore safe braking.
I hear pedal floor when braking,brake_fluid_leak,"brake fluid, fluid leak, pedal floor, low fluid",Brake fluid may be leaking. Check reservoir and lines immediately.
My smell is causing issues,brake_overheating,"overheat, smell, hot brakes, fade","Brakes overheating. Stop safely, let them cool, and avoid aggressive braking."
The hot brakes problem keeps happening,brake_overheating,"overheat, smell, hot brakes, fade","Brakes overheating. Stop safely, let them cool, and avoid aggressive braking."
The vibration problem keeps happening,brake_disc_damage,"disc, rotor, warped, vibration",Brake disc/rotor may be damaged. Inspect and replace if warped.
Car shows pulling side during braking,uneven_brake_force,"pulling side, uneven brake, caliper, imbalance",Uneven brake force. Inspect calipers and brake fluid distribution.
Why is my low fluid acting up?,brake_fluid_leak,"brake fluid, fluid leak, pedal floor, low fluid",Brake fluid may be leaking. Check reservoir and lines immediately.
I hear rotor when braking,brake_disc_damage,"disc, rotor, warped, vibration",Brake disc/rotor may be damaged. Inspect and replace if warped.
"Brake feels strange, maybe fade",brake_overheating,"overheat, smell, hot brakes, fade","Brakes overheating. Stop safely, let them cool, and avoid aggressive braking."
My brake fluid is causing issues,brake_fluid_leak,"brake fluid, fluid leak, pedal floor, low fluid",Brake fluid may be leaking. Check reservoir and lines immediately.
The dashboard problem keeps happening,brake_system_alert,"warning light, dashboard, ABS, alert",Brake system alert. Check fluid level and ABS sensors.
Why is my soft brake acting up?,air_in_brake_lines,"spongy pedal, air lines, soft brake, bleed brakes",Air in brake lines. Bleed brakes to restore firmness.
The warning light problem keeps happening,brake_system_alert,"warning light, dashboard, ABS, alert",Brake system alert. Check fluid level and ABS sensors.
Car shows disc during braking,brake_disc_damage,"disc, rotor, warped, vibration",Brake disc/rotor may be damaged. Inspect and replace if warped.
My overheat is causing issues,brake_overheating,"overheat, smell, hot brakes, fade","Brakes overheating. Stop safely, let them cool, and avoid aggressive braking."
My grinding is causing issues,brake_pad_wear,"brake pad, squeal, worn pad, grinding",Brake pads are worn. Replace pads to restore safe braking.
The pulling side problem keeps happening,uneven_brake_force,"pulling side, uneven brake, caliper, imbalance",Uneven brake force. Inspect calipers and brake fluid distribution.
The dashboard problem keeps happening,brake_system_alert,"warning light, dashboard, ABS, alert",Brake system alert. Check fluid level and ABS sensors.
I hear caliper when braking,uneven_brake_force,"pulling side, uneven brake, caliper, imbalance",Uneven brake force. Inspect calipers and brake fluid distribution.
Car shows grinding during braking,brake_pad_wear,"brake pad, squeal, worn pad, grinding",Brake pads are worn. Replace pads to restore safe braking.
I hear dashboard when braking,brake_system_alert,"warning light, dashboard, ABS, alert",Brake system alert. Check fluid level and ABS sensors.
I hear vibration when braking,brake_disc_damage,"disc, rotor, warped, vibration",Brake disc/rotor may be damaged. Inspect and replace if warped.
Car shows low fluid during braking,brake_fluid_leak,"brake fluid, fluid leak, pedal floor, low fluid",Brake fluid may be leaking. Check reservoir and lines immediately.
My disc is causing issues,brake_disc_damage,"disc, rotor, warped, vibration",Brake disc/rotor may be damaged. Inspect and replace if warped.
"Brake feels strange, maybe fade",brake_overheating,"overheat, smell, hot brakes, fade","Brakes overheating. Stop safely, let them cool, and avoid aggressive braking."
The fluid leak problem keeps happening,brake_fluid_leak,"brake fluid, fluid leak, pedal floor, low fluid",Brake fluid may be leaking. Check reservoir and lines immediately.
My fluid leak is causing issues,brake_fluid_leak,"brake fluid, fluid leak, pedal floor, low fluid",Brake fluid may be leaking. Check reservoir and lines immediately.
The warning light problem keeps happening,brake_system_alert,"warning light, dashboard, ABS, alert",Brake system alert. Check fluid level and ABS sensors.
The grinding problem keeps happening,brake_pad_wear,"brake pad, squeal, worn pad, grinding",Brake pads are worn. Replace pads to restore safe braking.
Car shows disc during braking,brake_disc_damage,"disc, rotor, warped, vibration",Brake disc/rotor may be damaged. Inspect and replace if warped.
My warning light is causing issues,brake_system_alert,"warning light, dashboard, ABS, alert",Brake system alert. Check fluid level and ABS sensors.
"Brake feels strange, maybe uneven brake",uneven_brake_force,"pulling side, uneven brake, caliper, imbalance",Uneven brake force. Inspect calipers and brake fluid distribution.
I hear worn pad when braking,brake_pad_wear,"brake pad, squeal, worn pad, grinding",Brake pads are worn. Replace pads to restore safe braking.
My air lines is causing issues,air_in_brake_lines,"spongy pedal, air lines, soft brake, bleed brakes",Air in brake lines. Bleed brakes to restore firmness.
I hear brake fluid when braking,brake_fluid_leak,"brake fluid, fluid leak, pedal floor, low fluid",Brake fluid may be leaking. Check reservoir and lines immediately.
I hear smell when braking,brake_overheating,"overheat, smell, hot brakes, fade","Brakes overheating. Stop safely, let them cool, and avoid aggressive braking."
I hear caliper when braking,uneven_brake_force,"pulling side, uneven brake, caliper, imbalance",Uneven brake force. Inspect calipers and brake fluid distribution.
Why is my caliper acting up?,uneven_brake_force,"pulling side, uneven brake, caliper, imbalance",Uneven brake force. Inspect calipers and brake fluid distribution.
The pedal floor problem keeps happening,brake_fluid_leak,"brake fluid, fluid leak, pedal floor, low fluid",Brake fluid may be leaking. Check reservoir and lines immediately.
The pulling side problem keeps happening,uneven_brake_force,"pulling side, uneven brake, caliper, imbalance",Uneven brake force. Inspect calipers and brake fluid distribution.
I hear bleed brakes when braking,air_in_brake_lines,"spongy pedal, air lines, soft brake, bleed brakes",Air in brake lines. Bleed brakes to restore firmness.
Why is my uneven brake acting up?,uneven_brake_force,"pulling side, uneven brake, caliper, imbalance",Uneven brake force. Inspect calipers and brake fluid distribution.
My soft brake is causing issues,air_in_brake_lines,"spongy pedal, air lines, soft brake, bleed brakes",Air in brake lines. Bleed brakes to restore firmness.
My air lines is causing issues,air_in_brake_lines,"spongy pedal, air lines, soft brake, bleed brakes",Air in brake lines. Bleed brakes to restore firmness.
The brake pad problem keeps happening,brake_pad_wear,"brake pad, squeal, worn pad, grinding",Brake pads are worn. Replace pads to restore safe braking.
Why is my bleed brakes acting up?,air_in_brake_lines,"spongy pedal, air lines, soft brake, bleed brakes",Air in brake lines. Bleed brakes to restore firmness.
"Brake feels strange, maybe imbalance",uneven_brake_force,"pulling side, uneven brake, caliper, imbalance",Uneven brake force. Inspect calipers and brake fluid distribution.
I hear dashboard when braking,brake_system_alert,"warning light, dashboard, ABS, alert",Brake system alert. Check fluid level and ABS sensors.
The warning light problem keeps happening,brake_system_alert,"warning light, dashboard, ABS, alert",Brake system alert. Check fluid level and ABS sensors.
My uneven brake is causing issues,uneven_brake_force,"pulling side, uneven brake, caliper, imbalance",Uneven brake force. Inspect calipers and brake fluid distribution.
The uneven brake problem keeps happening,uneven_brake_force,"pulling side, uneven brake, caliper, imbalance",Uneven brake force. Inspect calipers and brake fluid distribution.
My dashboard is causing issues,brake_system_alert,"warning light, dashboard, ABS, alert",Brake system alert. Check fluid level and ABS sensors.
"Brake feels strange, maybe imbalance",uneven_brake_force,"pulling side, uneven brake, caliper, imbalance",Uneven brake force. Inspect calipers and brake fluid distribution.
Car shows overheat during braking,brake_overheating,"overheat, smell, hot brakes, fade","Brakes overheating. Stop safely, let them cool, and avoid aggressive braking."
"Brake feels strange, maybe fluid leak",brake_fluid_leak,"brake fluid, fluid leak, pedal floor, low fluid",Brake fluid may be leaking. Check reservoir and lines immediately.
Car shows dashboard during braking,brake_system_alert,"warning light, dashboard, ABS, alert",Brake system alert. Check fluid level and ABS sensors.
My vibration is causing issues,brake_disc_damage,"disc, rotor, warped, vibration",Brake disc/rotor may be damaged. Inspect and replace if warped.
My hot brakes is causing issues,brake_overheating,"overheat, smell, hot brakes, fade","Brakes overheating. Stop safely, let them cool, and avoid aggressive braking."
"Brake feels strange, maybe rotor",brake_disc_damage,"disc, rotor, warped, vibration",Brake disc/rotor may be damaged. Inspect and replace if warped.
The dashboard problem keeps happening,brake_system_alert,"warning light, dashboard, ABS, alert",Brake system alert. Check fluid level and ABS sensors.
The rotor problem keeps happening,brake_disc_damage,"disc, rotor, warped, vibration",Brake disc/rotor may be damaged. Inspect and replace if warped.
Why is my caliper acting up?,uneven_brake_force,"pulling side, uneven brake, caliper, imbalance",Uneven brake force. Inspect calipers and brake fluid distribution.
"Brake feels strange, maybe alert",brake_system_alert,"warning light, dashboard, ABS, alert",Brake system alert. Check fluid level and ABS sensors.
Why is my grinding acting up?,brake_pad_wear,"brake pad, squeal, worn pad, grinding",Brake pads are worn. Replace pads to restore safe braking.
I hear fluid leak when braking,brake_fluid_leak,"brake fluid, fluid leak, pedal floor, low fluid",Brake fluid may be leaking. Check reservoir and lines immediately.
Car shows brake pad during braking,brake_pad_wear,"brake pad, squeal, worn pad, grinding",Brake pads are worn. Replace pads to restore safe braking.
I hear rotor when braking,brake_disc_damage,"disc, rotor, warped, vibration",Brake disc/rotor may be damaged. Inspect and replace if warped.
Car shows bleed brakes during braking,air_in_brake_lines,"spongy pedal, air lines, soft brake, bleed brakes",Air in brake lines. Bleed brakes to restore firmness.
Car shows dashboard during braking,brake_system_alert,"warning light, dashboard, ABS, alert",Brake system alert. Check fluid level and ABS sensors.
My worn pad is causing issues,brake_pad_wear,"brake pad, squeal, worn pad, grinding",Brake pads are worn. Replace pads to restore safe braking.
I hear ABS when braking,brake_system_alert,"warning light, dashboard, ABS, alert",Brake system alert. Check fluid level and ABS sensors.
My ABS is causing issues,brake_system_alert,"warning light, dashboard, ABS, alert",Brake system alert. Check fluid level and ABS sensors.
The rotor problem keeps happening,brake_disc_damage,"disc, rotor, warped, vibration",Brake disc/rotor may be damaged. Inspect and replace if warped.
Why is my rotor acting up?,brake_disc_damage,"disc, rotor, warped, vibration",Brake disc/rotor may be damaged. Inspect and replace if warped.
"Brake feels strange, maybe fade",brake_overheating,"overheat, smell, hot brakes, fade","Brakes overheating. Stop safely, let them cool, and avoid aggressive braking."
My bleed brakes is causing issues,air_in_brake_lines,"spongy pedal, air lines, soft brake, bleed brakes",Air in brake lines. Bleed brakes to restore firmness.
The vibration problem keeps happening,brake_disc_damage,"disc, rotor, warped, vibration",Brake disc/rotor may be damaged. Inspect and replace if warped.
I hear pedal floor when braking,brake_fluid_leak,"brake fluid, fluid leak, pedal floor, low fluid",Brake fluid may be leaking. Check reservoir and lines immediately.
"Brake feels strange, maybe fade",brake_overheating,"overheat, smell, hot brakes, fade","Brakes overheating. Stop safely, let them cool, and avoid aggressive braking."
My hot brakes is causing issues,brake_overheating,"overheat, smell, hot brakes, fade","Brakes overheating. Stop safely, let them cool, and avoid aggressive braking."
I hear warning light when braking,brake_system_alert,"warning light, dashboard, ABS, alert",Brake system alert. Check fluid level and ABS sensors.
"Brake feels strange, maybe caliper",uneven_brake_force,"pulling side, uneven brake, caliper, imbalance",Uneven brake force. Inspect calipers and brake fluid distribution.
"Brake feels strange, maybe pulling side",uneven_brake_force,"pulling side, uneven brake, caliper, imbalance",Uneven brake force. Inspect calipers and brake fluid distribution.
Car shows bleed brakes during braking,air_in_brake_lines,"spongy pedal, air lines, soft brake, bleed brakes",Air in brake lines. Bleed brakes to restore firmness.
"Brake feels strange, maybe low fluid",brake_fluid_leak,"brake fluid, fluid leak, pedal floor, low fluid",Brake fluid may be leaking. Check reservoir and lines immediately.
Why is my hot brakes acting up?,brake_overheating,"overheat, smell, hot brakes, fade","Brakes overheating. Stop safely, let them cool, and avoid aggressive braking."
My soft brake is causing issues,air_in_brake_lines,"spongy pedal, air lines, soft brake, bleed brakes",Air in brake lines. Bleed brakes to restore firmness.
"Brake feels strange, maybe grinding",brake_pad_wear,"brake pad, squeal, worn pad, grinding",Brake pads are worn. Replace pads to restore safe braking.
Car shows pulling side during braking,uneven_brake_force,"pulling side, uneven brake, caliper, imbalance",Uneven brake force. Inspect calipers and brake fluid distribution.
"Brake feels strange, maybe ABS",brake_system_alert,"warning light, dashboard, ABS, alert",Brake system alert. Check fluid level and ABS sensors.
"Brake feels strange, maybe caliper",uneven_brake_force,"pulling side, uneven brake, caliper, imbalance",Uneven brake force. Inspect calipers and brake fluid distribution.
I hear pulling side when braking,uneven_brake_force,"pulling side, uneven brake, caliper, imbalance",Uneven brake force. Inspect calipers and brake fluid distribution.
My overheat is causing issues,brake_overheating,"overheat, smell, hot brakes, fade","Brakes overheating. Stop safely, let them cool, and avoid aggressive braking."
My pedal floor is causing issues,brake_fluid_leak,"brake fluid, fluid leak, pedal floor, low fluid",Brake fluid may be leaking. Check reservoir and lines immediately.
Car shows brake fluid during braking,brake_fluid_leak,"brake fluid, fluid leak, pedal floor, low fluid",Brake fluid may be leaking. Check reservoir and lines immediately.
Why is my low fluid acting up?,brake_fluid_leak,"brake fluid, fluid leak, pedal floor, low fluid",Brake fluid may be leaking. Check reservoir and lines immediately.
Car shows brake fluid during braking,brake_fluid_leak,"brake fluid, fluid leak, pedal floor, low fluid",Brake fluid may be leaking. Check reservoir and lines immediately.
I hear fluid leak when braking,brake_fluid_leak,"brake fluid, fluid leak, pedal floor, low fluid",Brake fluid may be leaking. Check reservoir and lines immediately.
The fade problem keeps happening,brake_overheating,"overheat, smell, hot brakes, fade","Brakes overheating. Stop safely, let them cool, and avoid aggressive braking."
Car shows caliper during braking,uneven_brake_force,"pulling side, uneven brake, caliper, imbalance",Uneven brake force. Inspect calipers and brake fluid distribution.
I hear air lines when braking,air_in_brake_lines,"spongy pedal, air lines, soft brake, bleed brakes",Air in brake lines. Bleed brakes to restore firmness.
I hear warped when braking,brake_disc_damage,"disc, rotor, warped, vibration",Brake disc/rotor may be damaged. Inspect and replace if warped.
Car shows fluid leak during braking,brake_fluid_leak,"brake fluid, fluid leak, pedal floor, low fluid",Brake fluid may be leaking. Check reservoir and lines immediately.
"Brake feels strange, maybe squeal",brake_pad_wear,"brake pad, squeal, worn pad, grinding",Brake pads are worn. Replace pads to restore safe braking.
Why is my worn pad acting up?,brake_pad_wear,"brake pad, squeal, worn pad, grinding",Brake pads are worn. Replace pads to restore safe braking.
"Brake feels strange, maybe pedal floor",brake_fluid_leak,"brake fluid, fluid leak, pedal floor, low fluid",Brake fluid may be leaking. Check reservoir and lines immediately.
Car shows rotor during braking,brake_disc_damage,"disc, rotor, warped, vibration",Brake disc/rotor may be damaged. Inspect and replace if warped.
My dashboard is causing issues,brake_system_alert,"warning light, dashboard, ABS, alert",Brake system alert. Check fluid level and ABS sensors.
My caliper is causing issues,uneven_brake_force,"pulling side, uneven brake, caliper, imbalance",Uneven brake force. Inspect calipers and brake fluid distribution.
I hear vibration when braking,brake_disc_damage,"disc, rotor, warped, vibration",Brake disc/rotor may be damaged. Inspect and replace if warped.
The pedal floor problem keeps happening,brake_fluid_leak,"brake fluid, fluid leak, pedal floor, low fluid",Brake fluid may be leaking. Check reservoir and lines immediately.
My brake fluid is causing issues,brake_fluid_leak,"brake fluid, fluid leak, pedal floor, low fluid",Brake fluid may be leaking. Check reservoir and lines immediately.
The alert problem keeps happening,brake_system_alert,"warning light, dashboard, ABS, alert",Brake system alert. Check fluid level and ABS sensors.
Why is my soft brake acting up?,air_in_brake_lines,"spongy pedal, air lines, soft brake, bleed brakes",Air in brake lines. Bleed brakes to restore firmness.
My imbalance is causing issues,uneven_brake_force,"pulling side, uneven brake, caliper, imbalance",Uneven brake force. Inspect calipers and brake fluid distribution.
Car shows pedal floor during braking,brake_fluid_leak,"brake fluid, fluid leak, pedal floor, low fluid",Brake fluid may be leaking. Check reservoir and lines immediately.
"Brake feels strange, maybe soft brake",air_in_brake_lines,"spongy pedal, air lines, soft brake, bleed brakes",Air in brake lines. Bleed brakes to restore firmness.
Why is my bleed brakes acting up?,air_in_brake_lines,"spongy pedal, air lines, soft brake, bleed brakes",Air in brake lines. Bleed brakes to restore firmness.
"Brake feels strange, maybe fluid leak",brake_fluid_leak,"brake fluid, fluid leak, pedal floor, low fluid",Brake fluid may be leaking. Check reservoir and lines immediately.
The soft brake problem keeps happening,air_in_brake_lines,"spongy pedal, air lines, soft brake, bleed brakes",Air in brake lines. Bleed brakes to restore firmness.
Why is my spongy pedal acting up?,air_in_brake_lines,"spongy pedal, air lines, soft brake, bleed brakes",Air in brake lines. Bleed brakes to restore firmness.
My overheat is causing issues,brake_overheating,"overheat, smell, hot brakes, fade","Brakes overheating. Stop safely, let them cool, and avoid aggressive braking."
Why is my pedal floor acting up?,brake_fluid_leak,"brake fluid, fluid leak, pedal floor, low fluid",Brake fluid may be leaking. Check reservoir and lines immediately.
Car shows fluid leak during braking,brake_fluid_leak,"brake fluid, fluid leak, pedal floor, low fluid",Brake fluid may be leaking. Check reservoir and lines immediately.
Car shows smell during braking,brake_overheating,"overheat, smell, hot brakes, fade","Brakes overheating. Stop safely, let them cool, and avoid aggressive braking."
The vibration problem keeps happening,brake_disc_damage,"disc, rotor, warped, vibration",Brake disc/rotor may be damaged. Inspect and replace if warped.
My spongy pedal is causing issues,air_in_brake_lines,"spongy pedal, air lines, soft brake, bleed brakes",Air in brake lines. Bleed brakes to restore firmness.
Why is my vibration acting up?,brake_disc_damage,"disc, rotor, warped, vibration",Brake disc/rotor may be damaged. Inspect and replace if warped.
I hear uneven brake when braking,uneven_brake_force,"pulling side, uneven brake, caliper, imbalance",Uneven brake force. Inspect calipers and brake fluid distribution.
The warped problem keeps happening,brake_disc_damage,"disc, rotor, warped, vibration",Brake disc/rotor may be damaged. Inspect and replace if warped.
Car shows caliper during braking,uneven_brake_force,"pulling side, uneven brake, caliper, imbalance",Uneven brake force. Inspect calipers and brake fluid distribution.
The hot brakes problem keeps happening,brake_overheating,"overheat, smell, hot brakes, fade","Brakes overheating. Stop safely, let them cool, and avoid aggressive braking."
I hear dashboard when braking,brake_system_alert,"warning light, dashboard, ABS, alert",Brake system alert. Check fluid level and ABS sensors.
Car shows uneven brake during braking,uneven_brake_force,"pulling side, uneven brake, caliper, imbalance",Uneven brake force. Inspect calipers and brake fluid distribution.
Why is my bleed brakes acting up?,air_in_brake_lines,"spongy pedal, air lines, soft brake, bleed brakes",Air in brake lines. Bleed brakes to restore firmness.
"Brake feels strange, maybe worn pad",brake_pad_wear,"brake pad, squeal, worn pad, grinding",Brake pads are worn. Replace pads to restore safe braking.
"Brake feels strange, maybe low fluid",brake_fluid_leak,"brake fluid, fluid leak, pedal floor, low fluid",Brake fluid may be leaking. Check reservoir and lines immediately.
The brake fluid problem keeps happening,brake_fluid_leak,"brake fluid, fluid leak, pedal floor, low fluid",Brake fluid may be leaking. Check reservoir and lines immediately.
I hear low fluid when braking,brake_fluid_leak,"brake fluid, fluid leak, pedal floor, low fluid",Brake fluid may be leaking. Check reservoir and lines immediately.
I hear brake pad when braking,brake_pad_wear,"brake pad, squeal, worn pad, grinding",Brake pads are worn. Replace pads to restore safe braking.
Why is my imbalance acting up?,uneven_brake_force,"pulling side, uneven brake, caliper, imbalance",Uneven brake force. Inspect calipers and brake fluid distribution.
Why is my spongy pedal acting up?,air_in_brake_lines,"spongy pedal, air lines, soft brake, bleed brakes",Air in brake lines. Bleed brakes to restore firmness.
My overheat is causing issues,brake_overheating,"overheat, smell, hot brakes, fade","Brakes overheating. Stop safely, let them cool, and avoid aggressive braking."
My warped is causing issues,brake_disc_damage,"disc, rotor, warped, vibration",Brake disc/rotor may be damaged. Inspect and replace if warped.
I hear warning light when braking,brake_system_alert,"warning light, dashboard, ABS, alert",Brake system alert. Check fluid level and ABS sensors.
"Brake feels strange, maybe hot brakes",brake_overheating,"overheat, smell, hot brakes, fade","Brakes overheating. Stop safely, let them cool, and avoid aggressive braking."
"Brake feels strange, maybe fade",brake_overheating,"overheat, smell, hot brakes, fade","Brakes overheating. Stop safely, let them cool, and avoid aggressive braking."
"Brake feels strange, maybe soft brake",air_in_brake_lines,"spongy pedal, air lines, soft brake, bleed brakes",Air in brake lines. Bleed brakes to restore firmness.
"Brake feels strange, maybe pedal floor",brake_fluid_leak,"brake fluid, fluid leak, pedal floor, low fluid",Brake fluid may be leaking. Check reservoir and lines immediately.
My ABS is causing issues,brake_system_alert,"warning light, dashboard, ABS, alert",Brake system alert. Check fluid level and ABS sensors.
I hear worn pad when braking,brake_pad_wear,"brake pad, squeal, worn pad, grinding",Brake pads are worn. Replace pads to restore safe braking.
Car shows brake fluid during braking,brake_fluid_leak,"brake fluid, fluid leak, pedal floor, low fluid",Brake fluid may be leaking. Check reservoir and lines immediately.
Why is my hot brakes acting up?,brake_overheating,"overheat, smell, hot brakes, fade","Brakes overheating. Stop safely, let them cool, and avoid aggressive braking."
Why is my pedal floor acting up?,brake_fluid_leak,"brake fluid, fluid leak, pedal floor, low fluid",Brake fluid may be leaking. Check reservoir and lines immediately.
Car shows soft brake during braking,air_in_brake_lines,"spongy pedal, air lines, soft brake, bleed brakes",Air in brake lines. Bleed brakes to restore firmness.
Why is my spongy pedal acting up?,air_in_brake_lines,"spongy pedal, air lines, soft brake, bleed brakes",Air in brake lines. Bleed brakes to restore firmness.
Why is my spongy pedal acting up?,air_in_brake_lines,"spongy pedal, air lines, soft brake, bleed brakes",Air in brake lines. Bleed brakes to restore firmness.
I hear spongy pedal when braking,air_in_brake_lines,"spongy pedal, air lines, soft brake, bleed brakes",Air in brake lines. Bleed brakes to restore firmness.
Car shows worn pad during braking,brake_pad_wear,"brake pad, squeal, worn pad, grinding",Brake pads are worn. Replace pads to restore safe braking.
Car shows squeal during braking,brake_pad_wear,"brake pad, squeal, worn pad, grinding",Brake pads are worn. Replace pads to restore safe braking.
The rotor problem keeps happening,brake_disc_damage,"disc, rotor, warped, vibration",Brake disc/rotor may be damaged. Inspect and replace if warped.
The soft brake problem keeps happening,air_in_brake_lines,"spongy pedal, air lines, soft brake, bleed brakes",Air in brake lines. Bleed brakes to restore firmness.
The brake fluid problem keeps happening,brake_fluid_leak,"brake fluid, fluid leak, pedal floor, low fluid",Brake fluid may be leaking. Check reservoir and lines immediately.
The air lines problem keeps happening,air_in_brake_lines,"spongy pedal, air lines, soft brake, bleed brakes",Air in brake lines. Bleed brakes to restore firmness.
I hear pulling side when braking,uneven_brake_force,"pulling side, uneven brake, caliper, imbalance",Uneven brake force. Inspect calipers and brake fluid distribution.
"Brake feels strange, maybe worn pad",brake_pad_wear,"brake pad, squeal, worn pad, grinding",Brake pads are worn. Replace pads to restore safe braking.
The squeal problem keeps happening,brake_pad_wear,"brake pad, squeal, worn pad, grinding",Brake pads are worn. Replace pads to restore safe braking.
My spongy pedal is causing issues,air_in_brake_lines,"spongy pedal, air lines, soft brake, bleed brakes",Air in brake lines. Bleed brakes to restore firmness.
I hear imbalance when braking,uneven_brake_force,"pulling side, uneven brake, caliper, imbalance",Uneven brake force. Inspect calipers and brake fluid distribution.
I hear dashboard when braking,brake_system_alert,"warning light, dashboard, ABS, alert",Brake system alert. Check fluid level and ABS sensors.
"Brake feels strange, maybe grinding",brake_pad_wear,"brake pad, squeal, worn pad, grinding",Brake pads are worn. Replace pads to restore safe braking.
"Brake feels strange, maybe imbalance",uneven_brake_force,"pulling side, uneven brake, caliper, imbalance",Uneven brake force. Inspect calipers and brake fluid distribution.
I hear spongy pedal when braking,air_in_brake_lines,"spongy pedal, air lines, soft brake, bleed brakes",Air in brake lines. Bleed brakes to restore firmness.
My warped is causing issues,brake_disc_damage,"disc, rotor, warped, vibration",Brake disc/rotor may be damaged. Inspect and replace if warped.
Car shows smell during braking,brake_overheating,"overheat, smell, hot brakes, fade","Brakes overheating. Stop safely, let them cool, and avoid aggressive braking."
"Brake feels strange, maybe uneven brake",uneven_brake_force,"pulling side, uneven brake, caliper, imbalance",Uneven brake force. Inspect calipers and brake fluid distribution.
My rotor is causing issues,brake_disc_damage,"disc, rotor, warped, vibration",Brake disc/rotor may be damaged. Inspect and replace if warped.
The bleed brakes problem keeps happening,air_in_brake_lines,"spongy pedal, air lines, soft brake, bleed brakes",Air in brake lines. Bleed brakes to restore firmness.
I hear bleed brakes when braking,air_in_brake_lines,"spongy pedal, air lines, soft brake, bleed brakes",Air in brake lines. Bleed brakes to restore firmness.
Car shows caliper during braking,uneven_brake_force,"pulling side, uneven brake, caliper, imbalance",Uneven brake force. Inspect calipers and brake fluid distribution.
My ABS is causing issues,brake_system_alert,"warning light, dashboard, ABS, alert",Brake system alert. Check fluid level and ABS sensors.
Car shows pulling side during braking,uneven_brake_force,"pulling side, uneven brake, caliper, imbalance",Uneven brake force. Inspect calipers and brake fluid distribution.
Why is my imbalance acting up?,uneven_brake_force,"pulling side, uneven brake, caliper, imbalance",Uneven brake force. Inspect calipers and brake fluid distribution.
Why is my uneven brake acting up?,uneven_brake_force,"pulling side, uneven brake, caliper, imbalance",Uneven brake force. Inspect calipers and brake fluid distribution.
"Brake feels strange, maybe soft brake",air_in_brake_lines,"spongy pedal, air lines, soft brake, bleed brakes",Air in brake lines. Bleed brakes to restore firmness.
The spongy pedal problem keeps happening,air_in_brake_lines,"spongy pedal, air lines, soft brake, bleed brakes",Air in brake lines. Bleed brakes to restore firmness.
My warning light is causing issues,brake_system_alert,"warning light, dashboard, ABS, alert",Brake system alert. Check fluid level and ABS sensors.
Car shows soft brake during braking,air_in_brake_lines,"spongy pedal, air lines, soft brake, bleed brakes",Air in brake lines. Bleed brakes to restore firmness.
Car shows pedal floor during braking,brake_fluid_leak,"brake fluid, fluid leak, pedal floor, low fluid",Brake fluid may be leaking. Check reservoir and lines immediately.
"Brake feels strange, maybe low fluid",brake_fluid_leak,"brake fluid, fluid leak, pedal floor, low fluid",Brake fluid may be leaking. Check reservoir and lines immediately.
The bleed brakes problem keeps happening,air_in_brake_lines,"spongy pedal, air lines, soft brake, bleed brakes",Air in brake lines. Bleed brakes to restore firmness.
"Brake feels strange, maybe ABS",brake_system_alert,"warning light, dashboard, ABS, alert",Brake system alert. Check fluid level and ABS sensors.
I hear hot brakes when braking,brake_overheating,"overheat, smell, hot brakes, fade","Brakes overheating. Stop safely, let them cool, and avoid aggressive braking."
I hear warning light when braking,brake_system_alert,"warning light, dashboard, ABS, alert",Brake system alert. Check fluid level and ABS sensors.
Why is my bleed brakes acting up?,air_in_brake_lines,"spongy pedal, air lines, soft brake, bleed brakes",Air in brake lines. Bleed brakes to restore firmness.
Car shows pulling side during braking,uneven_brake_force,"pulling side, uneven brake, caliper, imbalance",Uneven brake force. Inspect calipers and brake fluid distribution.
My warped is causing issues,brake_disc_damage,"disc, rotor, warped, vibration",Brake disc/rotor may be damaged. Inspect and replace if warped.
My spongy pedal is causing issues,air_in_brake_lines,"spongy pedal, air lines, soft brake, bleed brakes",Air in brake lines. Bleed brakes to restore firmness.
The pulling side problem keeps happening,uneven_brake_force,"pulling side, uneven brake, caliper, imbalance",Uneven brake force. Inspect calipers and brake fluid distribution.
"Brake feels strange, maybe spongy pedal",air_in_brake_lines,"spongy pedal, air lines, soft brake, bleed brakes",Air in brake lines. Bleed brakes to restore firmness.
The fade problem keeps happening,brake_overheating,"overheat, smell, hot brakes, fade","Brakes overheating. Stop safely, let them cool, and avoid aggressive braking."
I hear bleed brakes when braking,air_in_brake_lines,"spongy pedal, air lines, soft brake, bleed brakes",Air in brake lines. Bleed brakes to restore firmness.
Why is my hot brakes acting up?,brake_overheating,"overheat, smell, hot brakes, fade","Brakes overheating. Stop safely, let them cool, and avoid aggressive braking."
The warning light problem keeps happening,brake_system_alert,"warning light, dashboard, ABS, alert",Brake system alert. Check fluid level and ABS sensors.
Car shows soft brake during braking,air_in_brake_lines,"spongy pedal, air lines, soft brake, bleed brakes",Air in brake lines. Bleed brakes to restore firmness.
"Brake feels strange, maybe soft brake",air_in_brake_lines,"spongy pedal, air lines, soft brake, bleed brakes",Air in brake lines. Bleed brakes to restore firmness.
Why is my brake pad acting up?,brake_pad_wear,"brake pad, squeal, worn pad, grinding",Brake pads are worn. Replace pads to restore safe braking.
I hear pulling side when braking,uneven_brake_force,"pulling side, uneven brake, caliper, imbalance",Uneven brake force. Inspect calipers and brake fluid distribution.
I hear soft brake when braking,air_in_brake_lines,"spongy pedal, air lines, soft brake, bleed brakes",Air in brake lines. Bleed brakes to restore firmness.
My soft brake is causing issues,air_in_brake_lines,"spongy pedal, air lines, soft brake, bleed brakes",Air in brake lines. Bleed brakes to restore firmness.
I hear ABS when braking,brake_system_alert,"warning light, dashboard, ABS, alert",Brake system alert. Check fluid level and ABS sensors.
Car shows ABS during braking,brake_system_alert,"warning light, dashboard, ABS, alert",Brake system alert. Check fluid level and ABS sensors.
The grinding problem keeps happening,brake_pad_wear,"brake pad, squeal, worn pad, grinding",Brake pads are worn. Replace pads to restore safe braking.
Car shows caliper during braking,uneven_brake_force,"pulling side, uneven brake, caliper, imbalance",Uneven brake force. Inspect calipers and brake fluid distribution.
Car shows brake pad during braking,brake_pad_wear,"brake pad, squeal, worn pad, grinding",Brake pads are worn. Replace pads to restore safe braking.
"Brake feels strange, maybe overheat",brake_overheating,"overheat, smell, hot brakes, fade","Brakes overheating. Stop safely, let them cool, and avoid aggressive braking."
Why is my air lines acting up?,air_in_brake_lines,"spongy pedal, air lines, soft brake, bleed brakes",Air in brake lines. Bleed brakes to restore firmness.
I hear bleed brakes when braking,air_in_brake_lines,"spongy pedal, air lines, soft brake, bleed brakes",Air in brake lines. Bleed brakes to restore firmness.
"Brake feels strange, maybe imbalance",uneven_brake_force,"pulling side, uneven brake, caliper, imbalance",Uneven brake force. Inspect calipers and brake fluid distribution.
Car shows spongy pedal during braking,air_in_brake_lines,"spongy pedal, air lines, soft brake, bleed brakes",Air in brake lines. Bleed brakes to restore firmness.
The soft brake problem keeps happening,air_in_brake_lines,"spongy pedal, air lines, soft brake, bleed brakes",Air in brake lines. Bleed brakes to restore firmness.
Car shows alert during braking,brake_system_alert,"warning light, dashboard, ABS, alert",Brake system alert. Check fluid level and ABS sensors.
My soft brake is causing issues,air_in_brake_lines,"spongy pedal, air lines, soft brake, bleed brakes",Air in brake lines. Bleed brakes to restore firmness.
"Brake feels strange, maybe overheat",brake_overheating,"overheat, smell, hot brakes, fade","Brakes overheating. Stop safely, let them cool, and avoid aggressive braking."
"Brake feels strange, maybe dashboard",brake_system_alert,"warning light, dashboard, ABS, alert",Brake system alert. Check fluid level and ABS sensors.
The low fluid problem keeps happening,brake_fluid_leak,"brake fluid, fluid leak, pedal floor, low fluid",Brake fluid may be leaking. Check reservoir and lines immediately.
"Brake feels strange, maybe hot brakes",brake_overheating,"overheat, smell, hot brakes, fade","Brakes overheating. Stop safely, let them cool, and avoid aggressive braking."
The bleed brakes problem keeps happening,air_in_brake_lines,"spongy pedal, air lines, soft brake, bleed brakes",Air in brake lines. Bleed brakes to restore firmness.
Car shows pedal floor during braking,brake_fluid_leak,"brake fluid, fluid leak, pedal floor, low fluid",Brake fluid may be leaking. Check reservoir and lines immediately.
Car shows pulling side during braking,uneven_brake_force,"pulling side, uneven brake, caliper, imbalance",Uneven brake force. Inspect calipers and brake fluid distribution.
Why is my dashboard acting up?,brake_system_alert,"warning light, dashboard, ABS, alert",Brake system alert. Check fluid level and ABS sensors.
"Brake feels strange, maybe soft brake",air_in_brake_lines,"spongy pedal, air lines, soft brake, bleed brakes",Air in brake lines. Bleed brakes to restore firmness.
Why is my dashboard acting up?,brake_system_alert,"warning light, dashboard, ABS, alert",Brake system alert. Check fluid level and ABS sensors.
Why is my fade acting up?,brake_overheating,"overheat, smell, hot brakes, fade","Brakes overheating. Stop safely, let them cool, and avoid aggressive braking."
I hear pulling side when braking,uneven_brake_force,"pulling side, uneven brake, caliper, imbalance",Uneven brake force. Inspect calipers and brake fluid distribution.
Car shows vibration during braking,brake_disc_damage,"disc, rotor, warped, vibration",Brake disc/rotor may be damaged. Inspect and replace if warped.
The hot brakes problem keeps happening,brake_overheating,"overheat, smell, hot brakes, fade","Brakes overheating. Stop safely, let them cool, and avoid aggressive braking."
The low fluid problem keeps happening,brake_fluid_leak,"brake fluid, fluid leak, pedal floor, low fluid",Brake fluid may be leaking. Check reservoir and lines immediately.
My ABS is causing issues,brake_system_alert,"warning light, dashboard, ABS, alert",Brake system alert. Check fluid level and ABS sensors.
Why is my grinding acting up?,brake_pad_wear,"brake pad, squeal, worn pad, grinding",Brake pads are worn. Replace pads to restore safe braking.
I hear imbalance when braking,uneven_brake_force,"pulling side, uneven brake, caliper, imbalance",Uneven brake force. Inspect calipers and brake fluid distribution.
I hear imbalance when braking,uneven_brake_force,"pulling side, uneven brake, caliper, imbalance",Uneven brake force. Inspect calipers and brake fluid distribution.
The disc problem keeps happening,brake_disc_damage,"disc, rotor, warped, vibration",Brake disc/rotor may be damaged. Inspect and replace if warped.
My brake fluid is causing issues,brake_fluid_leak,"brake fluid, fluid leak, pedal floor, low fluid",Brake fluid may be leaking. Check reservoir and lines immediately.
Why is my worn pad acting up?,brake_pad_wear,"brake pad, squeal, worn pad, grinding",Brake pads are worn. Replace pads to restore safe braking.
Car shows vibration during braking,brake_disc_damage,"disc, rotor, warped, vibration",Brake disc/rotor may be damaged. Inspect and replace if warped.
My warped is causing issues,brake_disc_damage,"disc, rotor, warped, vibration",Brake disc/rotor may be damaged. Inspect and replace if warped.
Why is my caliper acting up?,uneven_brake_force,"pulling side, uneven brake, caliper, imbalance",Uneven brake force. Inspect calipers and brake fluid distribution.
Why is my smell acting up?,brake_overheating,"overheat, smell, hot brakes, fade","Brakes overheating. Stop safely, let them cool, and avoid aggressive braking."
"Brake feels strange, maybe bleed brakes",air_in_brake_lines,"spongy pedal, air lines, soft brake, bleed brakes",Air in brake lines. Bleed brakes to restore firmness.
The warning light problem keeps happening,brake_system_alert,"warning light, dashboard, ABS, alert",Brake system alert. Check fluid level and ABS sensors.
Car shows warped during braking,brake_disc_damage,"disc, rotor, warped, vibration",Brake disc/rotor may be damaged. Inspect and replace if warped.
Why is my vibration acting up?,brake_disc_damage,"disc, rotor, warped, vibration",Brake disc/rotor may be damaged. Inspect and replace if warped.
I hear pedal floor when braking,brake_fluid_leak,"brake fluid, fluid leak, pedal floor, low fluid",Brake fluid may be leaking. Check reservoir and lines immediately.
Car shows worn pad during braking,brake_pad_wear,"brake pad, squeal, worn pad, grinding",Brake pads are worn. Replace pads to restore safe braking.
I hear brake pad when braking,brake_pad_wear,"brake pad, squeal, worn pad, grinding",Brake pads are worn. Replace pads to restore safe braking.
The fluid leak problem keeps happening,brake_fluid_leak,"brake fluid, fluid leak, pedal floor, low fluid",Brake fluid may be leaking. Check reservoir and lines immediately.
Car shows warped during braking,brake_disc_damage,"disc, rotor, warped, vibration",Brake disc/rotor may be damaged. Inspect and replace if warped.
I hear warning light when braking,brake_system_alert,"warning light, dashboard, ABS, alert",Brake system alert. Check fluid level and ABS sensors.
The rotor problem keeps happening,brake_disc_damage,"disc, rotor, warped, vibration",Brake disc/rotor may be damaged. Inspect and replace if warped.
Car shows brake fluid during braking,brake_fluid_leak,"brake fluid, fluid leak, pedal floor, low fluid",Brake fluid may be leaking. Check reservoir and lines immediately.
"Brake feels strange, maybe ABS",brake_system_alert,"warning light, dashboard, ABS, alert",Brake system alert. Check fluid level and ABS sensors.
Why is my dashboard acting up?,brake_system_alert,"warning light, dashboard, ABS, alert",Brake system alert. Check fluid level and ABS sensors.
"Brake feels strange, maybe uneven brake",uneven_brake_force,"pulling side, uneven brake, caliper, imbalance",Uneven brake force. Inspect calipers and brake fluid distribution.
Car shows worn pad during braking,brake_pad_wear,"brake pad, squeal, worn pad, grinding",Brake pads are worn. Replace pads to restore safe braking.
Car shows spongy pedal during braking,air_in_brake_lines,"spongy pedal, air lines, soft brake, bleed brakes",Air in brake lines. Bleed brakes to restore firmness.
The pulling side problem keeps happening,uneven_brake_force,"pulling side, uneven brake, caliper, imbalance",Uneven brake force. Inspect calipers and brake fluid distribution.
My vibration is causing issues,brake_disc_damage,"disc, rotor, warped, vibration",Brake disc/rotor may be damaged. Inspect and replace if warped.
I hear caliper when braking,uneven_brake_force,"pulling side, uneven brake, caliper, imbalance",Uneven brake force. Inspect calipers and brake fluid distribution.
"Brake feels strange, maybe squeal",brake_pad_wear,"brake pad, squeal, worn pad, grinding",Brake pads are worn. Replace pads to restore safe braking.
I hear soft brake when braking,air_in_brake_lines,"spongy pedal, air lines, soft brake, bleed brakes",Air in brake lines. Bleed brakes to restore firmness.
My rotor is causing issues,brake_disc_damage,"disc, rotor, warped, vibration",Brake disc/rotor may be damaged. Inspect and replace if warped.
I hear spongy pedal when braking,air_in_brake_lines,"spongy pedal, air lines, soft brake, bleed brakes",Air in brake lines. Bleed brakes to restore firmness.
The soft brake problem keeps happening,air_in_brake_lines,"spongy pedal, air lines, soft brake, bleed brakes",Air in brake lines. Bleed brakes to restore firmness.
Car shows warped during braking,brake_disc_damage,"disc, rotor, warped, vibration",Brake disc/rotor may be damaged. Inspect and replace if warped.
I hear soft brake when braking,air_in_brake_lines,"spongy pedal, air lines, soft brake, bleed brakes",Air in brake lines. Bleed brakes to restore firmness.
Car shows soft brake during braking,air_in_brake_lines,"spongy pedal, air lines, soft brake, bleed brakes",Air in brake lines. Bleed brakes to restore firmness.
My pulling side is causing issues,uneven_brake_force,"pulling side, uneven brake, caliper, imbalance",Uneven brake force. Inspect calipers and brake fluid distribution.
Why is my soft brake acting up?,air_in_brake_lines,"spongy pedal, air lines, soft brake, bleed brakes",Air in brake lines. Bleed brakes to restore firmness.
The warped problem keeps happening,brake_disc_damage,"disc, rotor, warped, vibration",Brake disc/rotor may be damaged. Inspect and replace if warped.
"Brake feels strange, maybe brake fluid",brake_fluid_leak,"brake fluid, fluid leak, pedal floor, low fluid",Brake fluid may be leaking. Check reservoir and lines immediately.
I hear brake fluid when braking,brake_fluid_leak,"brake fluid, fluid leak, pedal floor, low fluid",Brake fluid may be leaking. Check reservoir and lines immediately.
The rotor problem keeps happening,brake_disc_damage,"disc, rotor, warped, vibration",Brake disc/rotor may be damaged. Inspect and replace if warped.
Car shows smell during braking,brake_overheating,"overheat, smell, hot brakes, fade","Brakes overheating. Stop safely, let them cool, and avoid aggressive braking."
Car shows pedal floor during braking,brake_fluid_leak,"brake fluid, fluid leak, pedal floor, low fluid",Brake fluid may be leaking. Check reservoir and lines immediately.
My brake pad is causing issues,brake_pad_wear,"brake pad, squeal, worn pad, grinding",Brake pads are worn. Replace pads to restore safe braking.
Car shows ABS during braking,brake_system_alert,"warning light, dashboard, ABS, alert",Brake system alert. Check fluid level and ABS sensors.
I hear smell when braking,brake_overheating,"overheat, smell, hot brakes, fade","Brakes overheating. Stop safely, let them cool, and avoid aggressive braking."
Car shows ABS during braking,brake_system_alert,"warning light, dashboard, ABS, alert",Brake system alert. Check fluid level and ABS sensors.
The caliper problem keeps happening,uneven_brake_force,"pulling side, uneven brake, caliper, imbalance",Uneven brake force. Inspect calipers and brake fluid distribution.
I hear hot brakes when braking,brake_overheating,"overheat, smell, hot brakes, fade","Brakes overheating. Stop safely, let them cool, and avoid aggressive braking."
Why is my ABS acting up?,brake_system_alert,"warning light, dashboard, ABS, alert",Brake system alert. Check fluid level and ABS sensors.
"Brake feels strange, maybe spongy pedal",air_in_brake_lines,"spongy pedal, air lines, soft brake, bleed brakes",Air in brake lines. Bleed brakes to restore firmness.
Why is my pulling side acting up?,uneven_brake_force,"pulling side, uneven brake, caliper, imbalance",Uneven brake force. Inspect calipers and brake fluid distribution.
Why is my warning light acting up?,brake_system_alert,"warning light, dashboard, ABS, alert",Brake system alert. Check fluid level and ABS sensors.
"Brake feels strange, maybe pedal floor",brake_fluid_leak,"brake fluid, fluid leak, pedal floor, low fluid",Brake fluid may be leaking. Check reservoir and lines immediately.
The ABS problem keeps happening,brake_system_alert,"warning light, dashboard, ABS, alert",Brake system alert. Check fluid level and ABS sensors.
I hear warped when braking,brake_disc_damage,"disc, rotor, warped, vibration",Brake disc/rotor may be damaged. Inspect and replace if warped.
"Brake feels strange, maybe hot brakes",brake_overheating,"overheat, smell, hot brakes, fade","Brakes overheating. Stop safely, let them cool, and avoid aggressive braking."
Car shows fade during braking,brake_overheating,"overheat, smell, hot brakes, fade","Brakes overheating. Stop safely, let them cool, and avoid aggressive braking."
Why is my uneven brake acting up?,uneven_brake_force,"pulling side, uneven brake, caliper, imbalance",Uneven brake force. Inspect calipers and brake fluid distribution.
My uneven brake is causing issues,uneven_brake_force,"pulling side, uneven brake, caliper, imbalance",Uneven brake force. Inspect calipers and brake fluid distribution.
I hear worn pad when braking,brake_pad_wear,"brake pad, squeal, worn pad, grinding",Brake pads are worn. Replace pads to restore safe braking.
My spongy pedal is causing issues,air_in_brake_lines,"spongy pedal, air lines, soft brake, bleed brakes",Air in brake lines. Bleed brakes to restore firmness.
The ABS problem keeps happening,brake_system_alert,"warning light, dashboard, ABS, alert",Brake system alert. Check fluid level and ABS sensors.
The brake pad problem keeps happening,brake_pad_wear,"brake pad, squeal, worn pad, grinding",Brake pads are worn. Replace pads to restore safe braking.
"Brake feels strange, maybe spongy pedal",air_in_brake_lines,"spongy pedal, air lines, soft brake, bleed brakes",Air in brake lines. Bleed brakes to restore firmness.
I hear fade when braking,brake_overheating,"overheat, smell, hot brakes, fade","Brakes overheating. Stop safely, let them cool, and avoid aggressive braking."
Car shows fluid leak during braking,brake_fluid_leak,"brake fluid, fluid leak, pedal floor, low fluid",Brake fluid may be leaking. Check reservoir and lines immediately.
Why is my warning light acting up?,brake_system_alert,"warning light, dashboard, ABS, alert",Brake system alert. Check fluid level and ABS sensors.
Why is my worn pad acting up?,brake_pad_wear,"brake pad, squeal, worn pad, grinding",Brake pads are worn. Replace pads to restore safe braking.
"Brake feels strange, maybe smell",brake_overheating,"overheat, smell, hot brakes, fade","Brakes overheating. Stop safely, let them cool, and avoid aggressive braking."
The uneven brake problem keeps happening,uneven_brake_force,"pulling side, uneven brake, caliper, imbalance",Uneven brake force. Inspect calipers and brake fluid distribution.
The disc problem keeps happening,brake_disc_damage,"disc, rotor, warped, vibration",Brake disc/rotor may be damaged. Inspect and replace if warped.
Car shows brake pad during braking,brake_pad_wear,"brake pad, squeal, worn pad, grinding",Brake pads are worn. Replace pads to restore safe braking.
Why is my rotor acting up?,brake_disc_damage,"disc, rotor, warped, vibration",Brake disc/rotor may be damaged. Inspect and replace if warped.
Car shows brake fluid during braking,brake_fluid_leak,"brake fluid, fluid leak, pedal floor, low fluid",Brake fluid may be leaking. Check reservoir and lines immediately.
Why is my dashboard acting up?,brake_system_alert,"warning light, dashboard, ABS, alert",Brake system alert. Check fluid level and ABS sensors.
Car shows uneven brake during braking,uneven_brake_force,"pulling side, uneven brake, caliper, imbalance",Uneven brake force. Inspect calipers and brake fluid distribution.
My soft brake is causing issues,air_in_brake_lines,"spongy pedal, air lines, soft brake, bleed brakes",Air in brake lines. Bleed brakes to restore firmness.
Car shows squeal during braking,brake_pad_wear,"brake pad, squeal, worn pad, grinding",Brake pads are worn. Replace pads to restore safe braking.
Why is my alert acting up?,brake_system_alert,"warning light, dashboard, ABS, alert",Brake system alert. Check fluid level and ABS sensors.
The bleed brakes problem keeps happening,air_in_brake_lines,"spongy pedal, air lines, soft brake, bleed brakes",Air in brake lines. Bleed brakes to restore firmness.
Car shows overheat during braking,brake_overheating,"overheat, smell, hot brakes, fade","Brakes overheating. Stop safely, let them cool, and avoid aggressive braking."
Why is my brake fluid acting up?,brake_fluid_leak,"brake fluid, fluid leak, pedal floor, low fluid",Brake fluid may be leaking. Check reservoir and lines immediately.
Car shows squeal during braking,brake_pad_wear,"brake pad, squeal, worn pad, grinding",Brake pads are worn. Replace pads to restore safe braking.
I hear overheat when braking,brake_overheating,"overheat, smell, hot brakes, fade","Brakes overheating. Stop safely, let them cool, and avoid aggressive braking."
Car shows disc during braking,brake_disc_damage,"disc, rotor, warped, vibration",Brake disc/rotor may be damaged. Inspect and replace if warped.
I hear pulling side when braking,uneven_brake_force,"pulling side, uneven brake, caliper, imbalance",Uneven brake force. Inspect calipers and brake fluid distribution.
My smell is causing issues,brake_overheating,"overheat, smell, hot brakes, fade","Brakes overheating. Stop safely, let them cool, and avoid aggressive braking."
My uneven brake is causing issues,uneven_brake_force,"pulling side, uneven brake, caliper, imbalance",Uneven brake force. Inspect calipers and brake fluid distribution.
My warning light is causing issues,brake_system_alert,"warning light, dashboard, ABS, alert",Brake system alert. Check fluid level and ABS sensors.
"Brake feels strange, maybe smell",brake_overheating,"overheat, smell, hot brakes, fade","Brakes overheating. Stop safely, let them cool, and avoid aggressive braking."
Why is my brake pad acting up?,brake_pad_wear,"brake pad, squeal, worn pad, grinding",Brake pads are worn. Replace pads to restore safe braking.
The dashboard problem keeps happening,brake_system_alert,"warning light, dashboard, ABS, alert",Brake system alert. Check fluid level and ABS sensors.
Why is my vibration acting up?,brake_disc_damage,"disc, rotor, warped, vibration",Brake disc/rotor may be damaged. Inspect and replace if warped.
The grinding problem keeps happening,brake_pad_wear,"brake pad, squeal, worn pad, grinding",Brake pads are worn. Replace pads to restore safe braking.
"Brake feels strange, maybe grinding",brake_pad_wear,"brake pad, squeal, worn pad, grinding",Brake pads are worn. Replace pads to restore safe braking.
Car shows low fluid during braking,brake_fluid_leak,"brake fluid, fluid leak, pedal floor, low fluid",Brake fluid may be leaking. Check reservoir and lines immediately.
The warped problem keeps happening,brake_disc_damage,"disc, rotor, warped, vibration",Brake disc/rotor may be damaged. Inspect and replace if warped.
Why is my pedal floor acting up?,brake_fluid_leak,"brake fluid, fluid leak, pedal floor, low fluid",Brake fluid may be leaking. Check reservoir and lines immediately.
The imbalance problem keeps happening,uneven_brake_force,"pulling side, uneven brake, caliper, imbalance",Uneven brake force. Inspect calipers and brake fluid distribution.
Why is my warning light acting up?,brake_system_alert,"warning light, dashboard, ABS, alert",Brake system alert. Check fluid level and ABS sensors.
The bleed brakes problem keeps happening,air_in_brake_lines,"spongy pedal, air lines, soft brake, bleed brakes",Air in brake lines. Bleed brakes to restore firmness.
Car shows air lines during braking,air_in_brake_lines,"spongy pedal, air lines, soft brake, bleed brakes",Air in brake lines. Bleed brakes to restore firmness.
The alert problem keeps happening,brake_system_alert,"warning light, dashboard, ABS, alert",Brake system alert. Check fluid level and ABS sensors.
Why is my squeal acting up?,brake_pad_wear,"brake pad, squeal, worn pad, grinding",Brake pads are worn. Replace pads to restore safe braking.
My rotor is causing issues,brake_disc_damage,"disc, rotor, warped, vibration",Brake disc/rotor may be damaged. Inspect and replace if warped.
Car shows rotor during braking,brake_disc_damage,"disc, rotor, warped, vibration",Brake disc/rotor may be damaged. Inspect and replace if warped.
I hear disc when braking,brake_disc_damage,"disc, rotor, warped, vibration",Brake disc/rotor may be damaged. Inspect and replace if warped.
Why is my air lines acting up?,air_in_brake_lines,"spongy pedal, air lines, soft brake, bleed brakes",Air in brake lines. Bleed brakes to restore firmness.
The air lines problem keeps happening,air_in_brake_lines,"spongy pedal, air lines, soft brake, bleed brakes",Air in brake lines. Bleed brakes to restore firmness.
My pulling side is causing issues,uneven_brake_force,"pulling side, uneven brake, caliper, imbalance",Uneven brake force. Inspect calipers and brake fluid distribution.
The ABS problem keeps happening,brake_system_alert,"warning light, dashboard, ABS, alert",Brake system alert. Check fluid level and ABS sensors.
Why is my imbalance acting up?,uneven_brake_force,"pulling side, uneven brake, caliper, imbalance",Uneven brake force. Inspect calipers and brake fluid distribution.
Car shows fluid leak during braking,brake_fluid_leak,"brake fluid, fluid leak, pedal floor, low fluid",Brake fluid may be leaking. Check reservoir and lines immediately.
"Brake feels strange, maybe overheat",brake_overheating,"overheat, smell, hot brakes, fade","Brakes overheating. Stop safely, let them cool, and avoid aggressive braking."
My smell is causing issues,brake_overheating,"overheat, smell, hot brakes, fade","Brakes overheating. Stop safely, let them cool, and avoid aggressive braking."
I hear warped when braking,brake_disc_damage,"disc, rotor, warped, vibration",Brake disc/rotor may be damaged. Inspect and replace if warped.
Why is my soft brake acting up?,air_in_brake_lines,"spongy pedal, air lines, soft brake, bleed brakes",Air in brake lines. Bleed brakes to restore firmness.
I hear dashboard when braking,brake_system_alert,"warning light, dashboard, ABS, alert",Brake system alert. Check fluid level and ABS sensors.
The brake fluid problem keeps happening,brake_fluid_leak,"brake fluid, fluid leak, pedal floor, low fluid",Brake fluid may be leaking. Check reservoir and lines immediately.
My low fluid is causing issues,brake_fluid_leak,"brake fluid, fluid leak, pedal floor, low fluid",Brake fluid may be leaking. Check reservoir and lines immediately.
Why is my disc acting up?,brake_disc_damage,"disc, rotor, warped, vibration",Brake disc/rotor may be damaged. Inspect and replace if warped.
The bleed brakes problem keeps happening,air_in_brake_lines,"spongy pedal, air lines, soft brake, bleed brakes",Air in brake lines. Bleed brakes to restore firmness.
I hear grinding when braking,brake_pad_wear,"brake pad, squeal, worn pad, grinding",Brake pads are worn. Replace pads to restore safe braking.
My imbalance is causing issues,uneven_brake_force,"pulling side, uneven brake, caliper, imbalance",Uneven brake force. Inspect calipers and brake fluid distribution.
My rotor is causing issues,brake_disc_damage,"disc, rotor, warped, vibration",Brake disc/rotor may be damaged. Inspect and replace if warped.
"Brake feels strange, maybe uneven brake",uneven_brake_force,"pulling side, uneven brake, caliper, imbalance",Uneven brake force. Inspect calipers and brake fluid distribution.
Why is my vibration acting up?,brake_disc_damage,"disc, rotor, warped, vibration",Brake disc/rotor may be damaged. Inspect and replace if warped.
"Brake feels strange, maybe caliper",uneven_brake_force,"pulling side, uneven brake, caliper, imbalance",Uneven brake force. Inspect calipers and brake fluid distribution.
Car shows caliper during braking,uneven_brake_force,"pulling side, uneven brake, caliper, imbalance",Uneven brake force. Inspect calipers and brake fluid distribution.
Why is my alert acting up?,brake_system_alert,"warning light, dashboard, ABS, alert",Brake system alert. Check fluid level and ABS sensors.
I hear low fluid when braking,brake_fluid_leak,"brake fluid, fluid leak, pedal floor, low fluid",Brake fluid may be leaking. Check reservoir and lines immediately.
The air lines problem keeps happening,air_in_brake_lines,"spongy pedal, air lines, soft brake, bleed brakes",Air in brake lines. Bleed brakes to restore firmness.
I hear ABS when braking,brake_system_alert,"warning light, dashboard, ABS, alert",Brake system alert. Check fluid level and ABS sensors.
I hear pulling side when braking,uneven_brake_force,"pulling side, uneven brake, caliper, imbalance",Uneven brake force. Inspect calipers and brake fluid distribution.
Why is my disc acting up?,brake_disc_damage,"disc, rotor, warped, vibration",Brake disc/rotor may be damaged. Inspect and replace if warped.
Car shows rotor during braking,brake_disc_damage,"disc, rotor, warped, vibration",Brake disc/rotor may be damaged. Inspect and replace if warped.
My rotor is causing issues,brake_disc_damage,"disc, rotor, warped, vibration",Brake disc/rotor may be damaged. Inspect and replace if warped.
The vibration problem keeps happening,brake_disc_damage,"disc, rotor, warped, vibration",Brake disc/rotor may be damaged. Inspect and replace if warped.
Car shows caliper during braking,uneven_brake_force,"pulling side, uneven brake, caliper, imbalance",Uneven brake force. Inspect calipers and brake fluid distribution.
The alert problem keeps happening,brake_system_alert,"warning light, dashboard, ABS, alert",Brake system alert. Check fluid level and ABS sensors.
Car shows disc during braking,brake_disc_damage,"disc, rotor, warped, vibration",Brake disc/rotor may be damaged. Inspect and replace if warped.
Car shows soft brake during braking,air_in_brake_lines,"spongy pedal, air lines, soft brake, bleed brakes",Air in brake lines. Bleed brakes to restore firmness.
I hear overheat when braking,brake_overheating,"overheat, smell, hot brakes, fade","Brakes overheating. Stop safely, let them cool, and avoid aggressive braking."
"Brake feels strange, maybe hot brakes",brake_overheating,"overheat, smell, hot brakes, fade","Brakes overheating. Stop safely, let them cool, and avoid aggressive braking."
Why is my fade acting up?,brake_overheating,"overheat, smell, hot brakes, fade","Brakes overheating. Stop safely, let them cool, and avoid aggressive braking."
Car shows hot brakes during braking,brake_overheating,"overheat, smell, hot brakes, fade","Brakes overheating. Stop safely, let them cool, and avoid aggressive braking."
The imbalance problem keeps happening,uneven_brake_force,"pulling side, uneven brake, caliper, imbalance",Uneven brake force. Inspect calipers and brake fluid distribution.
Car shows disc during braking,brake_disc_damage,"disc, rotor, warped, vibration",Brake disc/rotor may be damaged. Inspect and replace if warped.
The brake fluid problem keeps happening,brake_fluid_leak,"brake fluid, fluid leak, pedal floor, low fluid",Brake fluid may be leaking. Check reservoir and lines immediately.
My spongy pedal is causing issues,air_in_brake_lines,"spongy pedal, air lines, soft brake, bleed brakes",Air in brake lines. Bleed brakes to restore firmness.
I hear alert when braking,brake_system_alert,"warning light, dashboard, ABS, alert",Brake system alert. Check fluid level and ABS sensors.
The bleed brakes problem keeps happening,air_in_brake_lines,"spongy pedal, air lines, soft brake, bleed brakes",Air in brake lines. Bleed brakes to restore firmness.
Car shows grinding during braking,brake_pad_wear,"brake pad, squeal, worn pad, grinding",Brake pads are worn. Replace pads to restore safe braking.
I hear bleed brakes when braking,air_in_brake_lines,"spongy pedal, air lines, soft brake, bleed brakes",Air in brake lines. Bleed brakes to restore firmness.
My brake pad is causing issues,brake_pad_wear,"brake pad, squeal, worn pad, grinding",Brake pads are worn. Replace pads to restore safe braking.
I hear squeal when braking,brake_pad_wear,"brake pad, squeal, worn pad, grinding",Brake pads are worn. Replace pads to restore safe braking.
My rotor is causing issues,brake_disc_damage,"disc, rotor, warped, vibration",Brake disc/rotor may be damaged. Inspect and replace if warped.
Why is my grinding acting up?,brake_pad_wear,"brake pad, squeal, worn pad, grinding",Brake pads are worn. Replace pads to restore safe braking.
Car shows pulling side during braking,uneven_brake_force,"pulling side, uneven brake, caliper, imbalance",Uneven brake force. Inspect calipers and brake fluid distribution.
"Brake feels strange, maybe smell",brake_overheating,"overheat, smell, hot brakes, fade","Brakes overheating. Stop safely, let them cool, and avoid aggressive braking."
Car shows imbalance during braking,uneven_brake_force,"pulling side, uneven brake, caliper, imbalance",Uneven brake force. Inspect calipers and brake fluid distribution.
Car shows bleed brakes during braking,air_in_brake_lines,"spongy pedal, air lines, soft brake, bleed brakes",Air in brake lines. Bleed brakes to restore firmness.
"Brake feels strange, maybe pedal floor",brake_fluid_leak,"brake fluid, fluid leak, pedal floor, low fluid",Brake fluid may be leaking. Check reservoir and lines immediately.
Car shows worn pad during braking,brake_pad_wear,"brake pad, squeal, worn pad, grinding",Brake pads are worn. Replace pads to restore safe braking.
"Brake feels strange, maybe spongy pedal",air_in_brake_lines,"spongy pedal, air lines, soft brake, bleed brakes",Air in brake lines. Bleed brakes to restore firmness.
I hear worn pad when braking,brake_pad_wear,"brake pad, squeal, worn pad, grinding",Brake pads are worn. Replace pads to restore safe braking.
I hear overheat when braking,brake_overheating,"overheat, smell, hot brakes, fade","Brakes overheating. Stop safely, let them cool, and avoid aggressive braking."
Why is my warning light acting up?,brake_system_alert,"warning light, dashboard, ABS, alert",Brake system alert. Check fluid level and ABS sensors.
"Brake feels strange, maybe air lines",air_in_brake_lines,"spongy pedal, air lines, soft brake, bleed brakes",Air in brake lines. Bleed brakes to restore firmness.
"Brake feels strange, maybe rotor",brake_disc_damage,"disc, rotor, warped, vibration",Brake disc/rotor may be damaged. Inspect and replace if warped.
Why is my brake fluid acting up?,brake_fluid_leak,"brake fluid, fluid leak, pedal floor, low fluid",Brake fluid may be leaking. Check reservoir and lines immediately.
"Brake feels strange, maybe hot brakes",brake_overheating,"overheat, smell, hot brakes, fade","Brakes overheating. Stop safely, let them cool, and avoid aggressive braking."
"Brake feels strange, maybe ABS",brake_system_alert,"warning light, dashboard, ABS, alert",Brake system alert. Check fluid level and ABS sensors.
"Brake feels strange, maybe smell",brake_overheating,"overheat, smell, hot brakes, fade","Brakes overheating. Stop safely, let them cool, and avoid aggressive braking."
The vibration problem keeps happening,brake_disc_damage,"disc, rotor, warped, vibration",Brake disc/rotor may be damaged. Inspect and replace if warped.
Why is my alert acting up?,brake_system_alert,"warning light, dashboard, ABS, alert",Brake system alert. Check fluid level and ABS sensors.
The fluid leak problem keeps happening,brake_fluid_leak,"brake fluid, fluid leak, pedal floor, low fluid",Brake fluid may be leaking. Check reservoir and lines immediately.
Car shows brake pad during braking,brake_pad_wear,"brake pad, squeal, worn pad, grinding",Brake pads are worn. Replace pads to restore safe braking.
I hear caliper when braking,uneven_brake_force,"pulling side, uneven brake, caliper, imbalance",Uneven brake force. Inspect calipers and brake fluid distribution.
I hear disc when braking,brake_disc_damage,"disc, rotor, warped, vibration",Brake disc/rotor may be damaged. Inspect and replace if warped.
"Brake feels strange, maybe overheat",brake_overheating,"overheat, smell, hot brakes, fade","Brakes overheating. Stop safely, let them cool, and avoid aggressive braking."
Car shows soft brake during braking,air_in_brake_lines,"spongy pedal, air lines, soft brake, bleed brakes",Air in brake lines. Bleed brakes to restore firmness.
"Brake feels strange, maybe pulling side",uneven_brake_force,"pulling side, uneven brake, caliper, imbalance",Uneven brake force. Inspect calipers and brake fluid distribution.
My dashboard is causing issues,brake_system_alert,"warning light, dashboard, ABS, alert",Brake system alert. Check fluid level and ABS sensors.
"Brake feels strange, maybe worn pad",brake_pad_wear,"brake pad, squeal, worn pad, grinding",Brake pads are worn. Replace pads to restore safe braking.
The hot brakes problem keeps happening,brake_overheating,"overheat, smell, hot brakes, fade","Brakes overheating. Stop safely, let them cool, and avoid aggressive braking."
Car shows warning light during braking,brake_system_alert,"warning light, dashboard, ABS, alert",Brake system alert. Check fluid level and ABS sensors.
I hear disc when braking,brake_disc_damage,"disc, rotor, warped, vibration",Brake disc/rotor may be damaged. Inspect and replace if warped.
My soft brake is causing issues,air_in_brake_lines,"spongy pedal, air lines, soft brake, bleed brakes",Air in brake lines. Bleed brakes to restore firmness.
The caliper problem keeps happening,uneven_brake_force,"pulling side, uneven brake, caliper, imbalance",Uneven brake force. Inspect calipers and brake fluid distribution.
The soft brake problem keeps happening,air_in_brake_lines,"spongy pedal, air lines, soft brake, bleed brakes",Air in brake lines. Bleed brakes to restore firmness.
My alert is causing issues,brake_system_alert,"warning light, dashboard, ABS, alert",Brake system alert. Check fluid level and ABS sensors.
"Brake feels strange, maybe brake fluid",brake_fluid_leak,"brake fluid, fluid leak, pedal floor, low fluid",Brake fluid may be leaking. Check reservoir and lines immediately.
Car shows soft brake during braking,air_in_brake_lines,"spongy pedal, air lines, soft brake, bleed brakes",Air in brake lines. Bleed brakes to restore firmness.
The bleed brakes problem keeps happening,air_in_brake_lines,"spongy pedal, air lines, soft brake, bleed brakes",Air in brake lines. Bleed brakes to restore firmness.
I hear pulling side when braking,uneven_brake_force,"pulling side, uneven brake, caliper, imbalance",Uneven brake force. Inspect calipers and brake fluid distribution.
Why is my warning light acting up?,brake_system_alert,"warning light, dashboard, ABS, alert",Brake system alert. Check fluid level and ABS sensors.
I hear fade when braking,brake_overheating,"overheat, smell, hot brakes, fade","Brakes overheating. Stop safely, let them cool, and avoid aggressive braking."
"Brake feels strange, maybe warning light",brake_system_alert,"warning light, dashboard, ABS, alert",Brake system alert. Check fluid level and ABS sensors.
Car shows caliper during braking,uneven_brake_force,"pulling side, uneven brake, caliper, imbalance",Uneven brake force. Inspect calipers and brake fluid distribution.
The bleed brakes problem keeps happening,air_in_brake_lines,"spongy pedal, air lines, soft brake, bleed brakes",Air in brake lines. Bleed brakes to restore firmness.
I hear squeal when braking,brake_pad_wear,"brake pad, squeal, worn pad, grinding",Brake pads are worn. Replace pads to restore safe braking.
Why is my soft brake acting up?,air_in_brake_lines,"spongy pedal, air lines, soft brake, bleed brakes",Air in brake lines. Bleed brakes to restore firmness.
The soft brake problem keeps happening,air_in_brake_lines,"spongy pedal, air lines, soft brake, bleed brakes",Air in brake lines. Bleed brakes to restore firmness.
Why is my warped acting up?,brake_disc_damage,"disc, rotor, warped, vibration",Brake disc/rotor may be damaged. Inspect and replace if warped.
"Brake feels strange, maybe bleed brakes",air_in_brake_lines,"spongy pedal, air lines, soft brake, bleed brakes",Air in brake lines. Bleed brakes to restore firmness.
Why is my rotor acting up?,brake_disc_damage,"disc, rotor, warped, vibration",Brake disc/rotor may be damaged. Inspect and replace if warped.
I hear rotor when braking,brake_disc_damage,"disc, rotor, warped, vibration",Brake disc/rotor may be damaged. Inspect and replace if warped.
Why is my alert acting up?,brake_system_alert,"warning light, dashboard, ABS, alert",Brake system alert. Check fluid level and ABS sensors.
"Brake feels strange, maybe rotor",brake_disc_damage,"disc, rotor, warped, vibration",Brake disc/rotor may be damaged. Inspect and replace if warped.
Why is my pedal floor acting up?,brake_fluid_leak,"brake fluid, fluid leak, pedal floor, low fluid",Brake fluid may be leaking. Check reservoir and lines immediately.
Car shows soft brake during braking,air_in_brake_lines,"spongy pedal, air lines, soft brake, bleed brakes",Air in brake lines. Bleed brakes to restore firmness.
Car shows fade during braking,brake_overheating,"overheat, smell, hot brakes, fade","Brakes overheating. Stop safely, let them cool, and avoid aggressive braking."
"Brake feels strange, maybe smell",brake_overheating,"overheat, smell, hot brakes, fade","Brakes overheating. Stop safely, let them cool, and avoid aggressive braking."
"Brake feels strange, maybe bleed brakes",air_in_brake_lines,"spongy pedal, air lines, soft brake, bleed brakes",Air in brake lines. Bleed brakes to restore firmness.
Car shows worn pad during braking,brake_pad_wear,"brake pad, squeal, worn pad, grinding",Brake pads are worn. Replace pads to restore safe braking.
The hot brakes problem keeps happening,brake_overheating,"overheat, smell, hot brakes, fade","Brakes overheating. Stop safely, let them cool, and avoid aggressive braking."
Car shows hot brakes during braking,brake_overheating,"overheat, smell, hot brakes, fade","Brakes overheating. Stop safely, let them cool, and avoid aggressive braking."
Car shows brake fluid during braking,brake_fluid_leak,"brake fluid, fluid leak, pedal floor, low fluid",Brake fluid may be leaking. Check reservoir and lines immediately.
My soft brake is causing issues,air_in_brake_lines,"spongy pedal, air lines, soft brake, bleed brakes",Air in brake lines. Bleed brakes to restore firmness.
"Brake feels strange, maybe brake pad",brake_pad_wear,"brake pad, squeal, worn pad, grinding",Brake pads are worn. Replace pads to restore safe braking.
I hear caliper when braking,uneven_brake_force,"pulling side, uneven brake, caliper, imbalance",Uneven brake force. Inspect calipers and brake fluid distribution.
I hear overheat when braking,brake_overheating,"overheat, smell, hot brakes, fade","Brakes overheating. Stop safely, let them cool, and avoid aggressive braking."
My brake fluid is causing issues,brake_fluid_leak,"brake fluid, fluid leak, pedal floor, low fluid",Brake fluid may be leaking. Check reservoir and lines immediately.
Why is my fluid leak acting up?,brake_fluid_leak,"brake fluid, fluid leak, pedal floor, low fluid",Brake fluid may be leaking. Check reservoir and lines immediately.
Car shows vibration during braking,brake_disc_damage,"disc, rotor, warped, vibration",Brake disc/rotor may be damaged. Inspect and replace if warped.
Why is my disc acting up?,brake_disc_damage,"disc, rotor, warped, vibration",Brake disc/rotor may be damaged. Inspect and replace if warped.
"Brake feels strange, maybe overheat",brake_overheating,"overheat, smell, hot brakes, fade","Brakes overheating. Stop safely, let them cool, and avoid aggressive braking."
The low fluid problem keeps happening,brake_fluid_leak,"brake fluid, fluid leak, pedal floor, low fluid",Brake fluid may be leaking. Check reservoir and lines immediately.
The warped problem keeps happening,brake_disc_damage,"disc, rotor, warped, vibration",Brake disc/rotor may be damaged. Inspect and replace if warped.
The air lines problem keeps happening,air_in_brake_lines,"spongy pedal, air lines, soft brake, bleed brakes",Air in brake lines. Bleed brakes to restore firmness.
"Brake feels strange, maybe dashboard",brake_system_alert,"warning light, dashboard, ABS, alert",Brake system alert. Check fluid level and ABS sensors.
I hear pedal floor when braking,brake_fluid_leak,"brake fluid, fluid leak, pedal floor, low fluid",Brake fluid may be leaking. Check reservoir and lines immediately.
The worn pad problem keeps happening,brake_pad_wear,"brake pad, squeal, worn pad, grinding",Brake pads are worn. Replace pads to restore safe braking.
My low fluid is causing issues,brake_fluid_leak,"brake fluid, fluid leak, pedal floor, low fluid",Brake fluid may be leaking. Check reservoir and lines immediately.
Car shows warning light during braking,brake_system_alert,"warning light, dashboard, ABS, alert",Brake system alert. Check fluid level and ABS sensors.
The brake pad problem keeps happening,brake_pad_wear,"brake pad, squeal, worn pad, grinding",Brake pads are worn. Replace pads to restore safe braking.
My soft brake is causing issues,air_in_brake_lines,"spongy pedal, air lines, soft brake, bleed brakes",Air in brake lines. Bleed brakes to restore firmness.
My pulling side is causing issues,uneven_brake_force,"pulling side, uneven brake, caliper, imbalance",Uneven brake force. Inspect calipers and brake fluid distribution.
My brake pad is causing issues,brake_pad_wear,"brake pad, squeal, worn pad, grinding",Brake pads are worn. Replace pads to restore safe braking.
"Brake feels strange, maybe warped",brake_disc_damage,"disc, rotor, warped, vibration",Brake disc/rotor may be damaged. Inspect and replace if warped.
Why is my caliper acting up?,uneven_brake_force,"pulling side, uneven brake, caliper, imbalance",Uneven brake force. Inspect calipers and brake fluid distribution.
Car shows squeal during braking,brake_pad_wear,"brake pad, squeal, worn pad, grinding",Brake pads are worn. Replace pads to restore safe braking.
"Brake feels strange, maybe uneven brake",uneven_brake_force,"pulling side, uneven brake, caliper, imbalance",Uneven brake force. Inspect calipers and brake fluid distribution.
I hear warning light when braking,brake_system_alert,"warning light, dashboard, ABS, alert",Brake system alert. Check fluid level and ABS sensors.
"Brake feels strange, maybe bleed brakes",air_in_brake_lines,"spongy pedal, air lines, soft brake, bleed brakes",Air in brake lines. Bleed brakes to restore firmness.
The brake pad problem keeps happening,brake_pad_wear,"brake pad, squeal, worn pad, grinding",Brake pads are worn. Replace pads to restore safe braking.
"Brake feels strange, maybe smell",brake_overheating,"overheat, smell, hot brakes, fade","Brakes overheating. Stop safely, let them cool, and avoid aggressive braking."
The grinding problem keeps happening,brake_pad_wear,"brake pad, squeal, worn pad, grinding",Brake pads are worn. Replace pads to restore safe braking.
I hear bleed brakes when braking,air_in_brake_lines,"spongy pedal, air lines, soft brake, bleed brakes",Air in brake lines. Bleed brakes to restore firmness.
I hear overheat when braking,brake_overheating,"overheat, smell, hot brakes, fade","Brakes overheating. Stop safely, let them cool, and avoid aggressive braking."
"Brake feels strange, maybe imbalance",uneven_brake_force,"pulling side, uneven brake, caliper, imbalance",Uneven brake force. Inspect calipers and brake fluid distribution.
"Brake feels strange, maybe low fluid",brake_fluid_leak,"brake fluid, fluid leak, pedal floor, low fluid",Brake fluid may be leaking. Check reservoir and lines immediately.
The pulling side problem keeps happening,uneven_brake_force,"pulling side, uneven brake, caliper, imbalance",Uneven brake force. Inspect calipers and brake fluid distribution.
My low fluid is causing issues,brake_fluid_leak,"brake fluid, fluid leak, pedal floor, low fluid",Brake fluid may be leaking. Check reservoir and lines immediately.
My dashboard is causing issues,brake_system_alert,"warning light, dashboard, ABS, alert",Brake system alert. Check fluid level and ABS sensors.
Car shows brake fluid during braking,brake_fluid_leak,"brake fluid, fluid leak, pedal floor, low fluid",Brake fluid may be leaking. Check reservoir and lines immediately.
My warped is causing issues,brake_disc_damage,"disc, rotor, warped, vibration",Brake disc/rotor may be damaged. Inspect and replace if warped.
I hear imbalance when braking,uneven_brake_force,"pulling side, uneven brake, caliper, imbalance",Uneven brake force. Inspect calipers and brake fluid distribution.
Why is my overheat acting up?,brake_overheating,"overheat, smell, hot brakes, fade","Brakes overheating. Stop safely, let them cool, and avoid aggressive braking."
I hear air lines when braking,air_in_brake_lines,"spongy pedal, air lines, soft brake, bleed brakes",Air in brake lines. Bleed brakes to restore firmness.
My caliper is causing issues,uneven_brake_force,"pulling side, uneven brake, caliper, imbalance",Uneven brake force. Inspect calipers and brake fluid distribution.
The ABS problem keeps happening,brake_system_alert,"warning light, dashboard, ABS, alert",Brake system alert. Check fluid level and ABS sensors.
Why is my bleed brakes acting up?,air_in_brake_lines,"spongy pedal, air lines, soft brake, bleed brakes",Air in brake lines. Bleed brakes to restore firmness.
"Brake feels strange, maybe imbalance",uneven_brake_force,"pulling side, uneven brake, caliper, imbalance",Uneven brake force. Inspect calipers and brake fluid distribution.
I hear brake fluid when braking,brake_fluid_leak,"brake fluid, fluid leak, pedal floor, low fluid",Brake fluid may be leaking. Check reservoir and lines immediately.
Why is my fade acting up?,brake_overheating,"overheat, smell, hot brakes, fade","Brakes overheating. Stop safely, let them cool, and avoid aggressive braking."
I hear squeal when braking,brake_pad_wear,"brake pad, squeal, worn pad, grinding",Brake pads are worn. Replace pads to restore safe braking.
Car shows worn pad during braking,brake_pad_wear,"brake pad, squeal, worn pad, grinding",Brake pads are worn. Replace pads to restore safe braking.
My pulling side is causing issues,uneven_brake_force,"pulling side, uneven brake, caliper, imbalance",Uneven brake force. Inspect calipers and brake fluid distribution.
The air lines problem keeps happening,air_in_brake_lines,"spongy pedal, air lines, soft brake, bleed brakes",Air in brake lines. Bleed brakes to restore firmness.
Car shows low fluid during braking,brake_fluid_leak,"brake fluid, fluid leak, pedal floor, low fluid",Brake fluid may be leaking. Check reservoir and lines immediately.
Car shows rotor during braking,brake_disc_damage,"disc, rotor, warped, vibration",Brake disc/rotor may be damaged. Inspect and replace if warped.
I hear warning light when braking,brake_system_alert,"warning light, dashboard, ABS, alert",Brake system alert. Check fluid level and ABS sensors.
The dashboard problem keeps happening,brake_system_alert,"warning light, dashboard, ABS, alert",Brake system alert. Check fluid level and ABS sensors.
Why is my worn pad acting up?,brake_pad_wear,"brake pad, squeal, worn pad, grinding",Brake pads are worn. Replace pads to restore safe braking.
The spongy pedal problem keeps happening,air_in_brake_lines,"spongy pedal, air lines, soft brake, bleed brakes",Air in brake lines. Bleed brakes to restore firmness.
The smell problem keeps happening,brake_overheating,"overheat, smell, hot brakes, fade","Brakes overheating. Stop safely, let them cool, and avoid aggressive braking."
My uneven brake is causing issues,uneven_brake_force,"pulling side, uneven brake, caliper, imbalance",Uneven brake force. Inspect calipers and brake fluid distribution.
The air lines problem keeps happening,air_in_brake_lines,"spongy pedal, air lines, soft brake, bleed brakes",Air in brake lines. Bleed brakes to restore firmness.
Why is my rotor acting up?,brake_disc_damage,"disc, rotor, warped, vibration",Brake disc/rotor may be damaged. Inspect and replace if warped.
Car shows imbalance during braking,uneven_brake_force,"pulling side, uneven brake, caliper, imbalance",Uneven brake force. Inspect calipers and brake fluid distribution.
I hear smell when braking,brake_overheating,"overheat, smell, hot brakes, fade","Brakes overheating. Stop safely, let them cool, and avoid aggressive braking."
The disc problem keeps happening,brake_disc_damage,"disc, rotor, warped, vibration",Brake disc/rotor may be damaged. Inspect and replace if warped.
The imbalance problem keeps happening,uneven_brake_force,"pulling side, uneven brake, caliper, imbalance",Uneven brake force. Inspect calipers and brake fluid distribution.
Car shows fade during braking,brake_overheating,"overheat, smell, hot brakes, fade","Brakes overheating. Stop safely, let them cool, and avoid aggressive braking."
The soft brake problem keeps happening,air_in_brake_lines,"spongy pedal, air lines, soft brake, bleed brakes",Air in brake lines. Bleed brakes to restore firmness.
"Brake feels strange, maybe fluid leak",brake_fluid_leak,"brake fluid, fluid leak, pedal floor, low fluid",Brake fluid may be leaking. Check reservoir and lines immediately.
Car shows vibration during braking,brake_disc_damage,"disc, rotor, warped, vibration",Brake disc/rotor may be damaged. Inspect and replace if warped.
I hear worn pad when braking,brake_pad_wear,"brake pad, squeal, worn pad, grinding",Brake pads are worn. Replace pads to restore safe braking.
"Brake feels strange, maybe fluid leak",brake_fluid_leak,"brake fluid, fluid leak, pedal floor, low fluid",Brake fluid may be leaking. Check reservoir and lines immediately.
My disc is causing issues,brake_disc_damage,"disc, rotor, warped, vibration",Brake disc/rotor may be damaged. Inspect and replace if warped.
"Brake feels strange, maybe grinding",brake_pad_wear,"brake pad, squeal, worn pad, grinding",Brake pads are worn. Replace pads to restore safe braking.
Car shows dashboard during braking,brake_system_alert,"warning light, dashboard, ABS, alert",Brake system alert. Check fluid level and ABS sensors.
Why is my alert acting up?,brake_system_alert,"warning light, dashboard, ABS, alert",Brake system alert. Check fluid level and ABS sensors.
"Brake feels strange, maybe spongy pedal",air_in_brake_lines,"spongy pedal, air lines, soft brake, bleed brakes",Air in brake lines. Bleed brakes to restore firmness.
"Brake feels strange, maybe brake pad",brake_pad_wear,"brake pad, squeal, worn pad, grinding",Brake pads are worn. Replace pads to restore safe braking.
The overheat problem keeps happening,brake_overheating,"overheat, smell, hot brakes, fade","Brakes overheating. Stop safely, let them cool, and avoid aggressive braking."
The alert problem keeps happening,brake_system_alert,"warning light, dashboard, ABS, alert",Brake system alert. Check fluid level and ABS sensors.
The warped problem keeps happening,brake_disc_damage,"disc, rotor, warped, vibration",Brake disc/rotor may be damaged. Inspect and replace if warped.
"Brake feels strange, maybe brake fluid",brake_fluid_leak,"brake fluid, fluid leak, pedal floor, low fluid",Brake fluid may be leaking. Check reservoir and lines immediately.
"Brake feels strange, maybe squeal",brake_pad_wear,"brake pad, squeal, worn pad, grinding",Brake pads are worn. Replace pads to restore safe braking.
Why is my rotor acting up?,brake_disc_damage,"disc, rotor, warped, vibration",Brake disc/rotor may be damaged. Inspect and replace if warped.
Car shows ABS during braking,brake_system_alert,"warning light, dashboard, ABS, alert",Brake system alert. Check fluid level and ABS sensors.
My low fluid is causing issues,brake_fluid_leak,"brake fluid, fluid leak, pedal floor, low fluid",Brake fluid may be leaking. Check reservoir and lines immediately.
Why is my smell acting up?,brake_overheating,"overheat, smell, hot brakes, fade","Brakes overheating. Stop safely, let them cool, and avoid aggressive braking."
My fluid leak is causing issues,brake_fluid_leak,"brake fluid, fluid leak, pedal floor, low fluid",Brake fluid may be leaking. Check reservoir and lines immediately.
My pulling side is causing issues,uneven_brake_force,"pulling side, uneven brake, caliper, imbalance",Uneven brake force. Inspect calipers and brake fluid distribution.
Why is my dashboard acting up?,brake_system_alert,"warning light, dashboard, ABS, alert",Brake system alert. Check fluid level and ABS sensors.
Car shows low fluid during braking,brake_fluid_leak,"brake fluid, fluid leak, pedal floor, low fluid",Brake fluid may be leaking. Check reservoir and lines immediately.
My ABS is causing issues,brake_system_alert,"warning light, dashboard, ABS, alert",Brake system alert. Check fluid level and ABS sensors.
I hear hot brakes when braking,brake_overheating,"overheat, smell, hot brakes, fade","Brakes overheating. Stop safely, let them cool, and avoid aggressive braking."
Why is my pedal floor acting up?,brake_fluid_leak,"brake fluid, fluid leak, pedal floor, low fluid",Brake fluid may be leaking. Check reservoir and lines immediately.
The low fluid problem keeps happening,brake_fluid_leak,"brake fluid, fluid leak, pedal floor, low fluid",Brake fluid may be leaking. Check reservoir and lines immediately.
I hear pulling side when braking,uneven_brake_force,"pulling side, uneven brake, caliper, imbalance",Uneven brake force. Inspect calipers and brake fluid distribution.
Why is my brake fluid acting up?,brake_fluid_leak,"brake fluid, fluid leak, pedal floor, low fluid",Brake fluid may be leaking. Check reservoir and lines immediately.
I hear low fluid when braking,brake_fluid_leak,"brake fluid, fluid leak, pedal floor, low fluid",Brake fluid may be leaking. Check reservoir and lines immediately.
I hear caliper when braking,uneven_brake_force,"pulling side, uneven brake, caliper, imbalance",Uneven brake force. Inspect calipers and brake fluid distribution.
Car shows fade during braking,brake_overheating,"overheat, smell, hot brakes, fade","Brakes overheating. Stop safely, let them cool, and avoid aggressive braking."
Car shows caliper during braking,uneven_brake_force,"pulling side, uneven brake, caliper, imbalance",Uneven brake force. Inspect calipers and brake fluid distribution.
Car shows spongy pedal during braking,air_in_brake_lines,"spongy pedal, air lines, soft brake, bleed brakes",Air in brake lines. Bleed brakes to restore firmness.
"Brake feels strange, maybe worn pad",brake_pad_wear,"brake pad, squeal, worn pad, grinding",Brake pads are worn. Replace pads to restore safe braking.
"Brake feels strange, maybe rotor",brake_disc_damage,"disc, rotor, warped, vibration",Brake disc/rotor may be damaged. Inspect and replace if warped.
Why is my brake pad acting up?,brake_pad_wear,"brake pad, squeal, worn pad, grinding",Brake pads are worn. Replace pads to restore safe braking.
Why is my disc acting up?,brake_disc_damage,"disc, rotor, warped, vibration",Brake disc/rotor may be damaged. Inspect and replace if warped.
"Brake feels strange, maybe squeal",brake_pad_wear,"brake pad, squeal, worn pad, grinding",Brake pads are worn. Replace pads to restore safe braking.
Car shows soft brake during braking,air_in_brake_lines,"spongy pedal, air lines, soft brake, bleed brakes",Air in brake lines. Bleed brakes to restore firmness.
I hear bleed brakes when braking,air_in_brake_lines,"spongy pedal, air lines, soft brake, bleed brakes",Air in brake lines. Bleed brakes to restore firmness.
I hear squeal when braking,brake_pad_wear,"brake pad, squeal, worn pad, grinding",Brake pads are worn. Replace pads to restore safe braking.
Why is my imbalance acting up?,uneven_brake_force,"pulling side, uneven brake, caliper, imbalance",Uneven brake force. Inspect calipers and brake fluid distribution.
The warning light problem keeps happening,brake_system_alert,"warning light, dashboard, ABS, alert",Brake system alert. Check fluid level and ABS sensors.
"Brake feels strange, maybe brake pad",brake_pad_wear,"brake pad, squeal, worn pad, grinding",Brake pads are worn. Replace pads to restore safe braking.
I hear air lines when braking,air_in_brake_lines,"spongy pedal, air lines, soft brake, bleed brakes",Air in brake lines. Bleed brakes to restore firmness.
I hear worn pad when braking,brake_pad_wear,"brake pad, squeal, worn pad, grinding",Brake pads are worn. Replace pads to restore safe braking.
My spongy pedal is causing issues,air_in_brake_lines,"spongy pedal, air lines, soft brake, bleed brakes",Air in brake lines. Bleed brakes to restore firmness.
Why is my pedal floor acting up?,brake_fluid_leak,"brake fluid, fluid leak, pedal floor, low fluid",Brake fluid may be leaking. Check reservoir and lines immediately.
Why is my squeal acting up?,brake_pad_wear,"brake pad, squeal, worn pad, grinding",Brake pads are worn. Replace pads to restore safe braking.
My uneven brake is causing issues,uneven_brake_force,"pulling side, uneven brake, caliper, imbalance",Uneven brake force. Inspect calipers and brake fluid distribution.
The pedal floor problem keeps happening,brake_fluid_leak,"brake fluid, fluid leak, pedal floor, low fluid",Brake fluid may be leaking. Check reservoir and lines immediately.
Why is my brake pad acting up?,brake_pad_wear,"brake pad, squeal, worn pad, grinding",Brake pads are worn. Replace pads to restore safe braking.
I hear caliper when braking,uneven_brake_force,"pulling side, uneven brake, caliper, imbalance",Uneven brake force. Inspect calipers and brake fluid distribution.
My spongy pedal is causing issues,air_in_brake_lines,"spongy pedal, air lines, soft brake, bleed brakes",Air in brake lines. Bleed brakes to restore firmness.
I hear low fluid when braking,brake_fluid_leak,"brake fluid, fluid leak, pedal floor, low fluid",Brake fluid may be leaking. Check reservoir and lines immediately.
"Brake feels strange, maybe rotor",brake_disc_damage,"disc, rotor, warped, vibration",Brake disc/rotor may be damaged. Inspect and replace if warped.
Car shows smell during braking,brake_overheating,"overheat, smell, hot brakes, fade","Brakes overheating. Stop safely, let them cool, and avoid aggressive braking."
Why is my vibration acting up?,brake_disc_damage,"disc, rotor, warped, vibration",Brake disc/rotor may be damaged. Inspect and replace if warped.
I hear soft brake when braking,air_in_brake_lines,"spongy pedal, air lines, soft brake, bleed brakes",Air in brake lines. Bleed brakes to restore firmness.
"Brake feels strange, maybe pedal floor",brake_fluid_leak,"brake fluid, fluid leak, pedal floor, low fluid",Brake fluid may be leaking. Check reservoir and lines immediately.
I hear imbalance when braking,uneven_brake_force,"pulling side, uneven brake, caliper, imbalance",Uneven brake force. Inspect calipers and brake fluid distribution.
"Brake feels strange, maybe imbalance",uneven_brake_force,"pulling side, uneven brake, caliper, imbalance",Uneven brake force. Inspect calipers and brake fluid distribution.
Why is my smell acting up?,brake_overheating,"overheat, smell, hot brakes, fade","Brakes overheating. Stop safely, let them cool, and avoid aggressive braking."
I hear imbalance when braking,uneven_brake_force,"pulling side, uneven brake, caliper, imbalance",Uneven brake force. Inspect calipers and brake fluid distribution.
The hot brakes problem keeps happening,brake_overheating,"overheat, smell, hot brakes, fade","Brakes overheating. Stop safely, let them cool, and avoid aggressive braking."
The rotor problem keeps happening,brake_disc_damage,"disc, rotor, warped, vibration",Brake disc/rotor may be damaged. Inspect and replace if warped.
Why is my fluid leak acting up?,brake_fluid_leak,"brake fluid, fluid leak, pedal floor, low fluid",Brake fluid may be leaking. Check reservoir and lines immediately.
My fade is causing issues,brake_overheating,"overheat, smell, hot brakes, fade","Brakes overheating. Stop safely, let them cool, and avoid aggressive braking."
"Brake feels strange, maybe overheat",brake_overheating,"overheat, smell, hot brakes, fade","Brakes overheating. Stop safely, let them cool, and avoid aggressive braking."
"Brake feels strange, maybe disc",brake_disc_damage,"disc, rotor, warped, vibration",Brake disc/rotor may be damaged. Inspect and replace if warped.
Why is my uneven brake acting up?,uneven_brake_force,"pulling side, uneven brake, caliper, imbalance",Uneven brake force. Inspect calipers and brake fluid distribution.
Why is my soft brake acting up?,air_in_brake_lines,"spongy pedal, air lines, soft brake, bleed brakes",Air in brake lines. Bleed brakes to restore firmness.
Car shows air lines during braking,air_in_brake_lines,"spongy pedal, air lines, soft brake, bleed brakes",Air in brake lines. Bleed brakes to restore firmness.
My dashboard is causing issues,brake_system_alert,"warning light, dashboard, ABS, alert",Brake system alert. Check fluid level and ABS sensors.
"Brake feels strange, maybe worn pad",brake_pad_wear,"brake pad, squeal, worn pad, grinding",Brake pads are worn. Replace pads to restore safe braking.
The warped problem keeps happening,brake_disc_damage,"disc, rotor, warped, vibration",Brake disc/rotor may be damaged. Inspect and replace if warped.
The fluid leak problem keeps happening,brake_fluid_leak,"brake fluid, fluid leak, pedal floor, low fluid",Brake fluid may be leaking. Check reservoir and lines immediately.
My warning light is causing issues,brake_system_alert,"warning light, dashboard, ABS, alert",Brake system alert. Check fluid level and ABS sensors.
"Brake feels strange, maybe imbalance",uneven_brake_force,"pulling side, uneven brake, caliper, imbalance",Uneven brake force. Inspect calipers and brake fluid distribution.
Why is my low fluid acting up?,brake_fluid_leak,"brake fluid, fluid leak, pedal floor, low fluid",Brake fluid may be leaking. Check reservoir and lines immediately.
"Brake feels strange, maybe low fluid",brake_fluid_leak,"brake fluid, fluid leak, pedal floor, low fluid",Brake fluid may be leaking. Check reservoir and lines immediately.
My hot brakes is causing issues,brake_overheating,"overheat, smell, hot brakes, fade","Brakes overheating. Stop safely, let them cool, and avoid aggressive braking."
I hear uneven brake when braking,uneven_brake_force,"pulling side, uneven brake, caliper, imbalance",Uneven brake force. Inspect calipers and brake fluid distribution.
The worn pad problem keeps happening,brake_pad_wear,"brake pad, squeal, worn pad, grinding",Brake pads are worn. Replace pads to restore safe braking.
Why is my brake pad acting up?,brake_pad_wear,"brake pad, squeal, worn pad, grinding",Brake pads are worn. Replace pads to restore safe braking.
My caliper is causing issues,uneven_brake_force,"pulling side, uneven brake, caliper, imbalance",Uneven brake force. Inspect calipers and brake fluid distribution.
"Brake feels strange, maybe vibration",brake_disc_damage,"disc, rotor, warped, vibration",Brake disc/rotor may be damaged. Inspect and replace if warped.
My warning light is causing issues,brake_system_alert,"warning light, dashboard, ABS, alert",Brake system alert. Check fluid level and ABS sensors.
Car shows disc during braking,brake_disc_damage,"disc, rotor, warped, vibration",Brake disc/rotor may be damaged. Inspect and replace if warped.
Why is my vibration acting up?,brake_disc_damage,"disc, rotor, warped, vibration",Brake disc/rotor may be damaged. Inspect and replace if warped.
I hear imbalance when braking,uneven_brake_force,"pulling side, uneven brake, caliper, imbalance",Uneven brake force. Inspect calipers and brake fluid distribution.
My vibration is causing issues,brake_disc_damage,"disc, rotor, warped, vibration",Brake disc/rotor may be damaged. Inspect and replace if warped.
"Brake feels strange, maybe dashboard",brake_system_alert,"warning light, dashboard, ABS, alert",Brake system alert. Check fluid level and ABS sensors.
The smell problem keeps happening,brake_overheating,"overheat, smell, hot brakes, fade","Brakes overheating. Stop safely, let them cool, and avoid aggressive braking."
The warped problem keeps happening,brake_disc_damage,"disc, rotor, warped, vibration",Brake disc/rotor may be damaged. Inspect and replace if warped.
"Brake feels strange, maybe low fluid",brake_fluid_leak,"brake fluid, fluid leak, pedal floor, low fluid",Brake fluid may be leaking. Check reservoir and lines immediately.
My pulling side is causing issues,uneven_brake_force,"pulling side, uneven brake, caliper, imbalance",Uneven brake force. Inspect calipers and brake fluid distribution.
The grinding problem keeps happening,brake_pad_wear,"brake pad, squeal, worn pad, grinding",Brake pads are worn. Replace pads to restore safe braking.
I hear uneven brake when braking,uneven_brake_force,"pulling side, uneven brake, caliper, imbalance",Uneven brake force. Inspect calipers and brake fluid distribution.
I hear ABS when braking,brake_system_alert,"warning light, dashboard, ABS, alert",Brake system alert. Check fluid level and ABS sensors.
Car shows vibration during braking,brake_disc_damage,"disc, rotor, warped, vibration",Brake disc/rotor may be damaged. Inspect and replace if warped.
Why is my uneven brake acting up?,uneven_brake_force,"pulling side, uneven brake, caliper, imbalance",Uneven brake force. Inspect calipers and brake fluid distribution.
My rotor is causing issues,brake_disc_damage,"disc, rotor, warped, vibration",Brake disc/rotor may be damaged. Inspect and replace if warped.
Why is my disc acting up?,brake_disc_damage,"disc, rotor, warped, vibration",Brake disc/rotor may be damaged. Inspect and replace if warped.
My air lines is causing issues,air_in_brake_lines,"spongy pedal, air lines, soft brake, bleed brakes",Air in brake lines. Bleed brakes to restore firmness.
I hear bleed brakes when braking,air_in_brake_lines,"spongy pedal, air lines, soft brake, bleed brakes",Air in brake lines. Bleed brakes to restore firmness.
"Brake feels strange, maybe air lines",air_in_brake_lines,"spongy pedal, air lines, soft brake, bleed brakes",Air in brake lines. Bleed brakes to restore firmness.
The disc problem keeps happening,brake_disc_damage,"disc, rotor, warped, vibration",Brake disc/rotor may be damaged. Inspect and replace if warped.
My bleed brakes is causing issues,air_in_brake_lines,"spongy pedal, air lines, soft brake, bleed brakes",Air in brake lines. Bleed brakes to restore firmness.
The disc problem keeps happening,brake_disc_damage,"disc, rotor, warped, vibration",Brake disc/rotor may be damaged. Inspect and replace if warped.
I hear fluid leak when braking,brake_fluid_leak,"brake fluid, fluid leak, pedal floor, low fluid",Brake fluid may be leaking. Check reservoir and lines immediately.
Car shows smell during braking,brake_overheating,"overheat, smell, hot brakes, fade","Brakes overheating. Stop safely, let them cool, and avoid aggressive braking."
My ABS is causing issues,brake_system_alert,"warning light, dashboard, ABS, alert",Brake system alert. Check fluid level and ABS sensors.
Car shows pedal floor during braking,brake_fluid_leak,"brake fluid, fluid leak, pedal floor, low fluid",Brake fluid may be leaking. Check reservoir and lines immediately.
"Brake feels strange, maybe caliper",uneven_brake_force,"pulling side, uneven brake, caliper, imbalance",Uneven brake force. Inspect calipers and brake fluid distribution.
The alert problem keeps happening,brake_system_alert,"warning light, dashboard, ABS, alert",Brake system alert. Check fluid level and ABS sensors.
Why is my squeal acting up?,brake_pad_wear,"brake pad, squeal, worn pad, grinding",Brake pads are worn. Replace pads to restore safe braking.
Why is my soft brake acting up?,air_in_brake_lines,"spongy pedal, air lines, soft brake, bleed brakes",Air in brake lines. Bleed brakes to restore firmness.
The uneven brake problem keeps happening,uneven_brake_force,"pulling side, uneven brake, caliper, imbalance",Uneven brake force. Inspect calipers and brake fluid distribution.
"Brake feels strange, maybe soft brake",air_in_brake_lines,"spongy pedal, air lines, soft brake, bleed brakes",Air in brake lines. Bleed brakes to restore firmness.
My caliper is causing issues,uneven_brake_force,"pulling side, uneven brake, caliper, imbalance",Uneven brake force. Inspect calipers and brake fluid distribution.
"Brake feels strange, maybe smell",brake_overheating,"overheat, smell, hot brakes, fade","Brakes overheating. Stop safely, let them cool, and avoid aggressive braking."
Car shows pulling side during braking,uneven_brake_force,"pulling side, uneven brake, caliper, imbalance",Uneven brake force. Inspect calipers and brake fluid distribution.
The disc problem keeps happening,brake_disc_damage,"disc, rotor, warped, vibration",Brake disc/rotor may be damaged. Inspect and replace if warped.
I hear brake fluid when braking,brake_fluid_leak,"brake fluid, fluid leak, pedal floor, low fluid",Brake fluid may be leaking. Check reservoir and lines immediately.
"Brake feels strange, maybe caliper",uneven_brake_force,"pulling side, uneven brake, caliper, imbalance",Uneven brake force. Inspect calipers and brake fluid distribution.
My hot brakes is causing issues,brake_overheating,"overheat, smell, hot brakes, fade","Brakes overheating. Stop safely, let them cool, and avoid aggressive braking."
I hear soft brake when braking,air_in_brake_lines,"spongy pedal, air lines, soft brake, bleed brakes",Air in brake lines. Bleed brakes to restore firmness.
Why is my low fluid acting up?,brake_fluid_leak,"brake fluid, fluid leak, pedal floor, low fluid",Brake fluid may be leaking. Check reservoir and lines immediately.
I hear worn pad when braking,brake_pad_wear,"brake pad, squeal, worn pad, grinding",Brake pads are worn. Replace pads to restore safe braking.
My pedal floor is causing issues,brake_fluid_leak,"brake fluid, fluid leak, pedal floor, low fluid",Brake fluid may be leaking. Check reservoir and lines immediately.
I hear overheat when braking,brake_overheating,"overheat, smell, hot brakes, fade","Brakes overheating. Stop safely, let them cool, and avoid aggressive braking."
"Brake feels strange, maybe imbalance",uneven_brake_force,"pulling side, uneven brake, caliper, imbalance",Uneven brake force. Inspect calipers and brake fluid distribution.
The worn pad problem keeps happening,brake_pad_wear,"brake pad, squeal, worn pad, grinding",Brake pads are worn. Replace pads to restore safe braking.
My warped is causing issues,brake_disc_damage,"disc, rotor, warped, vibration",Brake disc/rotor may be damaged. Inspect and replace if warped.
I hear rotor when braking,brake_disc_damage,"disc, rotor, warped, vibration",Brake disc/rotor may be damaged. Inspect and replace if warped.
The grinding problem keeps happening,brake_pad_wear,"brake pad, squeal, worn pad, grinding",Brake pads are worn. Replace pads to restore safe braking.
Why is my imbalance acting up?,uneven_brake_force,"pulling side, uneven brake, caliper, imbalance",Uneven brake force. Inspect calipers and brake fluid distribution.
My grinding is causing issues,brake_pad_wear,"brake pad, squeal, worn pad, grinding",Brake pads are worn. Replace pads to restore safe braking.
"Brake feels strange, maybe fade",brake_overheating,"overheat, smell, hot brakes, fade","Brakes overheating. Stop safely, let them cool, and avoid aggressive braking."
My warning light is causing issues,brake_system_alert,"warning light, dashboard, ABS, alert",Brake system alert. Check fluid level and ABS sensors.
Car shows fluid leak during braking,brake_fluid_leak,"brake fluid, fluid leak, pedal floor, low fluid",Brake fluid may be leaking. Check reservoir and lines immediately.
My alert is causing issues,brake_system_alert,"warning light, dashboard, ABS, alert",Brake system alert. Check fluid level and ABS sensors.
My bleed brakes is causing issues,air_in_brake_lines,"spongy pedal, air lines, soft brake, bleed brakes",Air in brake lines. Bleed brakes to restore firmness.
My air lines is causing issues,air_in_brake_lines,"spongy pedal, air lines, soft brake, bleed brakes",Air in brake lines. Bleed brakes to restore firmness.
Why is my caliper acting up?,uneven_brake_force,"pulling side, uneven brake, caliper, imbalance",Uneven brake force. Inspect calipers and brake fluid distribution.
Car shows vibration during braking,brake_disc_damage,"disc, rotor, warped, vibration",Brake disc/rotor may be damaged. Inspect and replace if warped.
Car shows vibration during braking,brake_disc_damage,"disc, rotor, warped, vibration",Brake disc/rotor may be damaged. Inspect and replace if warped.
The warning light problem keeps happening,brake_system_alert,"warning light, dashboard, ABS, alert",Brake system alert. Check fluid level and ABS sensors.
The caliper problem keeps happening,uneven_brake_force,"pulling side, uneven brake, caliper, imbalance",Uneven brake force. Inspect calipers and brake fluid distribution.
The bleed brakes problem keeps happening,air_in_brake_lines,"spongy pedal, air lines, soft brake, bleed brakes",Air in brake lines. Bleed brakes to restore firmness.
I hear air lines when braking,air_in_brake_lines,"spongy pedal, air lines, soft brake, bleed brakes",Air in brake lines. Bleed brakes to restore firmness.
"Brake feels strange, maybe dashboard",brake_system_alert,"warning light, dashboard, ABS, alert",Brake system alert. Check fluid level and ABS sensors.
Why is my smell acting up?,brake_overheating,"overheat, smell, hot brakes, fade","Brakes overheating. Stop safely, let them cool, and avoid aggressive braking."
Car shows smell during braking,brake_overheating,"overheat, smell, hot brakes, fade","Brakes overheating. Stop safely, let them cool, and avoid aggressive braking."
My brake pad is causing issues,brake_pad_wear,"brake pad, squeal, worn pad, grinding",Brake pads are worn. Replace pads to restore safe braking.
Car shows soft brake during braking,air_in_brake_lines,"spongy pedal, air lines, soft brake, bleed brakes",Air in brake lines. Bleed brakes to restore firmness.
My warning light is causing issues,brake_system_alert,"warning light, dashboard, ABS, alert",Brake system alert. Check fluid level and ABS sensors.
"Brake feels strange, maybe fade",brake_overheating,"overheat, smell, hot brakes, fade","Brakes overheating. Stop safely, let them cool, and avoid aggressive braking."
Why is my low fluid acting up?,brake_fluid_leak,"brake fluid, fluid leak, pedal floor, low fluid",Brake fluid may be leaking. Check reservoir and lines immediately.
Car shows soft brake during braking,air_in_brake_lines,"spongy pedal, air lines, soft brake, bleed brakes",Air in brake lines. Bleed brakes to restore firmness.
Car shows warning light during braking,brake_system_alert,"warning light, dashboard, ABS, alert",Brake system alert. Check fluid level and ABS sensors.
My disc is causing issues,brake_disc_damage,"disc, rotor, warped, vibration",Brake disc/rotor may be damaged. Inspect and replace if warped.
I hear fluid leak when braking,brake_fluid_leak,"brake fluid, fluid leak, pedal floor, low fluid",Brake fluid may be leaking. Check reservoir and lines immediately.
My soft brake is causing issues,air_in_brake_lines,"spongy pedal, air lines, soft brake, bleed brakes",Air in brake lines. Bleed brakes to restore firmness.
Why is my rotor acting up?,brake_disc_damage,"disc, rotor, warped, vibration",Brake disc/rotor may be damaged. Inspect and replace if warped.
Car shows vibration during braking,brake_disc_damage,"disc, rotor, warped, vibration",Brake disc/rotor may be damaged. Inspect and replace if warped.
Why is my brake pad acting up?,brake_pad_wear,"brake pad, squeal, worn pad, grinding",Brake pads are worn. Replace pads to restore safe braking.
I hear spongy pedal when braking,air_in_brake_lines,"spongy pedal, air lines, soft brake, bleed brakes",Air in brake lines. Bleed brakes to restore firmness.
I hear squeal when braking,brake_pad_wear,"brake pad, squeal, worn pad, grinding",Brake pads are worn. Replace pads to restore safe braking.
I hear alert when braking,brake_system_alert,"warning light, dashboard, ABS, alert",Brake system alert. Check fluid level and ABS sensors.
Why is my pedal floor acting up?,brake_fluid_leak,"brake fluid, fluid leak, pedal floor, low fluid",Brake fluid may be leaking. Check reservoir and lines immediately.
"Brake feels strange, maybe smell",brake_overheating,"overheat, smell, hot brakes, fade","Brakes overheating. Stop safely, let them cool, and avoid aggressive braking."
Why is my brake fluid acting up?,brake_fluid_leak,"brake fluid, fluid leak, pedal floor, low fluid",Brake fluid may be leaking. Check reservoir and lines immediately.
Why is my dashboard acting up?,brake_system_alert,"warning light, dashboard, ABS, alert",Brake system alert. Check fluid level and ABS sensors.
My uneven brake is causing issues,uneven_brake_force,"pulling side, uneven brake, caliper, imbalance",Uneven brake force. Inspect calipers and brake fluid distribution.
My grinding is causing issues,brake_pad_wear,"brake pad, squeal, worn pad, grinding",Brake pads are worn. Replace pads to restore safe braking.
The imbalance problem keeps happening,uneven_brake_force,"pulling side, uneven brake, caliper, imbalance",Uneven brake force. Inspect calipers and brake fluid distribution.
Car shows grinding during braking,brake_pad_wear,"brake pad, squeal, worn pad, grinding",Brake pads are worn. Replace pads to restore safe braking.
Car shows disc during braking,brake_disc_damage,"disc, rotor, warped, vibration",Brake disc/rotor may be damaged. Inspect and replace if warped.
I hear ABS when braking,brake_system_alert,"warning light, dashboard, ABS, alert",Brake system alert. Check fluid level and ABS sensors.
Why is my overheat acting up?,brake_overheating,"overheat, smell, hot brakes, fade","Brakes overheating. Stop safely, let them cool, and avoid aggressive braking."
"Brake feels strange, maybe pulling side",uneven_brake_force,"pulling side, uneven brake, caliper, imbalance",Uneven brake force. Inspect calipers and brake fluid distribution.
Car shows worn pad during braking,brake_pad_wear,"brake pad, squeal, worn pad, grinding",Brake pads are worn. Replace pads to restore safe braking.
Car shows smell during braking,brake_overheating,"overheat, smell, hot brakes, fade","Brakes overheating. Stop safely, let them cool, and avoid aggressive braking."
My air lines is causing issues,air_in_brake_lines,"spongy pedal, air lines, soft brake, bleed brakes",Air in brake lines. Bleed brakes to restore firmness.
The worn pad problem keeps happening,brake_pad_wear,"brake pad, squeal, worn pad, grinding",Brake pads are worn. Replace pads to restore safe braking.
Why is my fade acting up?,brake_overheating,"overheat, smell, hot brakes, fade","Brakes overheating. Stop safely, let them cool, and avoid aggressive braking."
Car shows imbalance during braking,uneven_brake_force,"pulling side, uneven brake, caliper, imbalance",Uneven brake force. Inspect calipers and brake fluid distribution.
Why is my fluid leak acting up?,brake_fluid_leak,"brake fluid, fluid leak, pedal floor, low fluid",Brake fluid may be leaking. Check reservoir and lines immediately.
"Brake feels strange, maybe uneven brake",uneven_brake_force,"pulling side, uneven brake, caliper, imbalance",Uneven brake force. Inspect calipers and brake fluid distribution.
My grinding is causing issues,brake_pad_wear,"brake pad, squeal, worn pad, grinding",Brake pads are worn. Replace pads to restore safe braking.
I hear worn pad when braking,brake_pad_wear,"brake pad, squeal, worn pad, grinding",Brake pads are worn. Replace pads to restore safe braking.
Why is my warped acting up?,brake_disc_damage,"disc, rotor, warped, vibration",Brake disc/rotor may be damaged. Inspect and replace if warped.
"Brake feels strange, maybe worn pad",brake_pad_wear,"brake pad, squeal, worn pad, grinding",Brake pads are worn. Replace pads to restore safe braking.
Why is my soft brake acting up?,air_in_brake_lines,"spongy pedal, air lines, soft brake, bleed brakes",Air in brake lines. Bleed brakes to restore firmness.
The squeal problem keeps happening,brake_pad_wear,"brake pad, squeal, worn pad, grinding",Brake pads are worn. Replace pads to restore safe braking.
"Brake feels strange, maybe overheat",brake_overheating,"overheat, smell, hot brakes, fade","Brakes overheating. Stop safely, let them cool, and avoid aggressive braking."
Why is my brake fluid acting up?,brake_fluid_leak,"brake fluid, fluid leak, pedal floor, low fluid",Brake fluid may be leaking. Check reservoir and lines immediately.
The vibration problem keeps happening,brake_disc_damage,"disc, rotor, warped, vibration",Brake disc/rotor may be damaged. Inspect and replace if warped.
Why is my pedal floor acting up?,brake_fluid_leak,"brake fluid, fluid leak, pedal floor, low fluid",Brake fluid may be leaking. Check reservoir and lines immediately.
The pedal floor problem keeps happening,brake_fluid_leak,"brake fluid, fluid leak, pedal floor, low fluid",Brake fluid may be leaking. Check reservoir and lines immediately.
Car shows rotor during braking,brake_disc_damage,"disc, rotor, warped, vibration",Brake disc/rotor may be damaged. Inspect and replace if warped.
My imbalance is causing issues,uneven_brake_force,"pulling side, uneven brake, caliper, imbalance",Uneven brake force. Inspect calipers and brake fluid distribution.
I hear smell when braking,brake_overheating,"overheat, smell, hot brakes, fade","Brakes overheating. Stop safely, let them cool, and avoid aggressive braking."
Car shows warped during braking,brake_disc_damage,"disc, rotor, warped, vibration",Brake disc/rotor may be damaged. Inspect and replace if warped.
I hear soft brake when braking,air_in_brake_lines,"spongy pedal, air lines, soft brake, bleed brakes",Air in brake lines. Bleed brakes to restore firmness.
Car shows grinding during braking,brake_pad_wear,"brake pad, squeal, worn pad, grinding",Brake pads are worn. Replace pads to restore safe braking.
My grinding is causing issues,brake_pad_wear,"brake pad, squeal, worn pad, grinding",Brake pads are worn. Replace pads to restore safe braking.
The disc problem keeps happening,brake_disc_damage,"disc, rotor, warped, vibration",Brake disc/rotor may be damaged. Inspect and replace if warped.
"Brake feels strange, maybe fluid leak",brake_fluid_leak,"brake fluid, fluid leak, pedal floor, low fluid",Brake fluid may be leaking. Check reservoir and lines immediately.
My overheat is causing issues,brake_overheating,"overheat, smell, hot brakes, fade","Brakes overheating. Stop safely, let them cool, and avoid aggressive braking."
The alert problem keeps happening,brake_system_alert,"warning light, dashboard, ABS, alert",Brake system alert. Check fluid level and ABS sensors.
I hear disc when braking,brake_disc_damage,"disc, rotor, warped, vibration",Brake disc/rotor may be damaged. Inspect and replace if warped.
I hear soft brake when braking,air_in_brake_lines,"spongy pedal, air lines, soft brake, bleed brakes",Air in brake lines. Bleed brakes to restore firmness.
The warped problem keeps happening,brake_disc_damage,"disc, rotor, warped, vibration",Brake disc/rotor may be damaged. Inspect and replace if warped.
The brake fluid problem keeps happening,brake_fluid_leak,"brake fluid, fluid leak, pedal floor, low fluid",Brake fluid may be leaking. Check reservoir and lines immediately.
Car shows worn pad during braking,brake_pad_wear,"brake pad, squeal, worn pad, grinding",Brake pads are worn. Replace pads to restore safe braking.
My fade is causing issues,brake_overheating,"overheat, smell, hot brakes, fade","Brakes overheating. Stop safely, let them cool, and avoid aggressive braking."
Why is my worn pad acting up?,brake_pad_wear,"brake pad, squeal, worn pad, grinding",Brake pads are worn. Replace pads to restore safe braking.
Car shows caliper during braking,uneven_brake_force,"pulling side, uneven brake, caliper, imbalance",Uneven brake force. Inspect calipers and brake fluid distribution.
The fade problem keeps happening,brake_overheating,"overheat, smell, hot brakes, fade","Brakes overheating. Stop safely, let them cool, and avoid aggressive braking."
Car shows ABS during braking,brake_system_alert,"warning light, dashboard, ABS, alert",Brake system alert. Check fluid level and ABS sensors.
Car shows overheat during braking,brake_overheating,"overheat, smell, hot brakes, fade","Brakes overheating. Stop safely, let them cool, and avoid aggressive braking."
My warning light is causing issues,brake_system_alert,"warning light, dashboard, ABS, alert",Brake system alert. Check fluid level and ABS sensors.
My bleed brakes is causing issues,air_in_brake_lines,"spongy pedal, air lines, soft brake, bleed brakes",Air in brake lines. Bleed brakes to restore firmness.
Why is my brake fluid acting up?,brake_fluid_leak,"brake fluid, fluid leak, pedal floor, low fluid",Brake fluid may be leaking. Check reservoir and lines immediately.
The fade problem keeps happening,brake_overheating,"overheat, smell, hot brakes, fade","Brakes overheating. Stop safely, let them cool, and avoid aggressive braking."
I hear grinding when braking,brake_pad_wear,"brake pad, squeal, worn pad, grinding",Brake pads are worn. Replace pads to restore safe braking.
My fluid leak is causing issues,brake_fluid_leak,"brake fluid, fluid leak, pedal floor, low fluid",Brake fluid may be leaking. Check reservoir and lines immediately.
The brake fluid problem keeps happening,brake_fluid_leak,"brake fluid, fluid leak, pedal floor, low fluid",Brake fluid may be leaking. Check reservoir and lines immediately.
Why is my air lines acting up?,air_in_brake_lines,"spongy pedal, air lines, soft brake, bleed brakes",Air in brake lines. Bleed brakes to restore firmness.
Why is my pedal floor acting up?,brake_fluid_leak,"brake fluid, fluid leak, pedal floor, low fluid",Brake fluid may be leaking. Check reservoir and lines immediately.
Why is my grinding acting up?,brake_pad_wear,"brake pad, squeal, worn pad, grinding",Brake pads are worn. Replace pads to restore safe braking.
I hear brake fluid when braking,brake_fluid_leak,"brake fluid, fluid leak, pedal floor, low fluid",Brake fluid may be leaking. Check reservoir and lines immediately.
Why is my soft brake acting up?,air_in_brake_lines,"spongy pedal, air lines, soft brake, bleed brakes",Air in brake lines. Bleed brakes to restore firmness.
Car shows ABS during braking,brake_system_alert,"warning light, dashboard, ABS, alert",Brake system alert. Check fluid level and ABS sensors.
My dashboard is causing issues,brake_system_alert,"warning light, dashboard, ABS, alert",Brake system alert. Check fluid level and ABS sensors.
My pedal floor is causing issues,brake_fluid_leak,"brake fluid, fluid leak, pedal floor, low fluid",Brake fluid may be leaking. Check reservoir and lines immediately.
My brake fluid is causing issues,brake_fluid_leak,"brake fluid, fluid leak, pedal floor, low fluid",Brake fluid may be leaking. Check reservoir and lines immediately.
I hear brake fluid when braking,brake_fluid_leak,"brake fluid, fluid leak, pedal floor, low fluid",Brake fluid may be leaking. Check reservoir and lines immediately.
Why is my brake fluid acting up?,brake_fluid_leak,"brake fluid, fluid leak, pedal floor, low fluid",Brake fluid may be leaking. Check reservoir and lines immediately.
"Brake feels strange, maybe pedal floor",brake_fluid_leak,"brake fluid, fluid leak, pedal floor, low fluid",Brake fluid may be leaking. Check reservoir and lines immediately.
"Brake feels strange, maybe fluid leak",brake_fluid_leak,"brake fluid, fluid leak, pedal floor, low fluid",Brake fluid may be leaking. Check reservoir and lines immediately.
Car shows disc during braking,brake_disc_damage,"disc, rotor, warped, vibration",Brake disc/rotor may be damaged. Inspect and replace if warped.
The fluid leak problem keeps happening,brake_fluid_leak,"brake fluid, fluid leak, pedal floor, low fluid",Brake fluid may be leaking. Check reservoir and lines immediately.
Why is my dashboard acting up?,brake_system_alert,"warning light, dashboard, ABS, alert",Brake system alert. Check fluid level and ABS sensors.
Car shows overheat during braking,brake_overheating,"overheat, smell, hot brakes, fade","Brakes overheating. Stop safely, let them cool, and avoid aggressive braking."
Car shows uneven brake during braking,uneven_brake_force,"pulling side, uneven brake, caliper, imbalance",Uneven brake force. Inspect calipers and brake fluid distribution.
"Brake feels strange, maybe vibration",brake_disc_damage,"disc, rotor, warped, vibration",Brake disc/rotor may be damaged. Inspect and replace if warped.
Why is my soft brake acting up?,air_in_brake_lines,"spongy pedal, air lines, soft brake, bleed brakes",Air in brake lines. Bleed brakes to restore firmness.
Car shows soft brake during braking,air_in_brake_lines,"spongy pedal, air lines, soft brake, bleed brakes",Air in brake lines. Bleed brakes to restore firmness.
I hear soft brake when braking,air_in_brake_lines,"spongy pedal, air lines, soft brake, bleed brakes",Air in brake lines. Bleed brakes to restore firmness.
Car shows brake pad during braking,brake_pad_wear,"brake pad, squeal, worn pad, grinding",Brake pads are worn. Replace pads to restore safe braking.
Why is my worn pad acting up?,brake_pad_wear,"brake pad, squeal, worn pad, grinding",Brake pads are worn. Replace pads to restore safe braking.
My ABS is causing issues,brake_system_alert,"warning light, dashboard, ABS, alert",Brake system alert. Check fluid level and ABS sensors.
The hot brakes problem keeps happening,brake_overheating,"overheat, smell, hot brakes, fade","Brakes overheating. Stop safely, let them cool, and avoid aggressive braking."
Why is my alert acting up?,brake_system_alert,"warning light, dashboard, ABS, alert",Brake system alert. Check fluid level and ABS sensors.
I hear smell when braking,brake_overheating,"overheat, smell, hot brakes, fade","Brakes overheating. Stop safely, let them cool, and avoid aggressive braking."
The smell problem keeps happening,brake_overheating,"overheat, smell, hot brakes, fade","Brakes overheating. Stop safely, let them cool, and avoid aggressive braking."
The low fluid problem keeps happening,brake_fluid_leak,"brake fluid, fluid leak, pedal floor, low fluid",Brake fluid may be leaking. Check reservoir and lines immediately.
My worn pad is causing issues,brake_pad_wear,"brake pad, squeal, worn pad, grinding",Brake pads are worn. Replace pads to restore safe braking.
I hear disc when braking,brake_disc_damage,"disc, rotor, warped, vibration",Brake disc/rotor may be damaged. Inspect and replace if warped.
Car shows vibration during braking,brake_disc_damage,"disc, rotor, warped, vibration",Brake disc/rotor may be damaged. Inspect and replace if warped.
My spongy pedal is causing issues,air_in_brake_lines,"spongy pedal, air lines, soft brake, bleed brakes",Air in brake lines. Bleed brakes to restore firmness.
My warning light is causing issues,brake_system_alert,"warning light, dashboard, ABS, alert",Brake system alert. Check fluid level and ABS sensors.
The caliper problem keeps happening,uneven_brake_force,"pulling side, uneven brake, caliper, imbalance",Uneven brake force. Inspect calipers and brake fluid distribution.
"Brake feels strange, maybe brake fluid",brake_fluid_leak,"brake fluid, fluid leak, pedal floor, low fluid",Brake fluid may be leaking. Check reservoir and lines immediately.
Why is my disc acting up?,brake_disc_damage,"disc, rotor, warped, vibration",Brake disc/rotor may be damaged. Inspect and replace if warped.
Why is my brake pad acting up?,brake_pad_wear,"brake pad, squeal, worn pad, grinding",Brake pads are worn. Replace pads to restore safe braking.
"Brake feels strange, maybe air lines",air_in_brake_lines,"spongy pedal, air lines, soft brake, bleed brakes",Air in brake lines. Bleed brakes to restore firmness.
The dashboard problem keeps happening,brake_system_alert,"warning light, dashboard, ABS, alert",Brake system alert. Check fluid level and ABS sensors.
I hear soft brake when braking,air_in_brake_lines,"spongy pedal, air lines, soft brake, bleed brakes",Air in brake lines. Bleed brakes to restore firmness.
Car shows vibration during braking,brake_disc_damage,"disc, rotor, warped, vibration",Brake disc/rotor may be damaged. Inspect and replace if warped.
Why is my ABS acting up?,brake_system_alert,"warning light, dashboard, ABS, alert",Brake system alert. Check fluid level and ABS sensors.
"Brake feels strange, maybe ABS",brake_system_alert,"warning light, dashboard, ABS, alert",Brake system alert. Check fluid level and ABS sensors.
Car shows fluid leak during braking,brake_fluid_leak,"brake fluid, fluid leak, pedal floor, low fluid",Brake fluid may be leaking. Check reservoir and lines immediately.
"Brake feels strange, maybe alert",brake_system_alert,"warning light, dashboard, ABS, alert",Brake system alert. Check fluid level and ABS sensors.
"Brake feels strange, maybe ABS",brake_system_alert,"warning light, dashboard, ABS, alert",Brake system alert. Check fluid level and ABS sensors.
"Brake feels strange, maybe fade",brake_overheating,"overheat, smell, hot brakes, fade","Brakes overheating. Stop safely, let them cool, and avoid aggressive braking."
"Brake feels strange, maybe brake fluid",brake_fluid_leak,"brake fluid, fluid leak, pedal floor, low fluid",Brake fluid may be leaking. Check reservoir and lines immediately.
I hear dashboard when braking,brake_system_alert,"warning light, dashboard, ABS, alert",Brake system alert. Check fluid level and ABS sensors.
The alert problem keeps happening,brake_system_alert,"warning light, dashboard, ABS, alert",Brake system alert. Check fluid level and ABS sensors.
I hear smell when braking,brake_overheating,"overheat, smell, hot brakes, fade","Brakes overheating. Stop safely, let them cool, and avoid aggressive braking."
Why is my ABS acting up?,brake_system_alert,"warning light, dashboard, ABS, alert",Brake system alert. Check fluid level and ABS sensors.
Car shows smell during braking,brake_overheating,"overheat, smell, hot brakes, fade","Brakes overheating. Stop safely, let them cool, and avoid aggressive braking."
I hear spongy pedal when braking,air_in_brake_lines,"spongy pedal, air lines, soft brake, bleed brakes",Air in brake lines. Bleed brakes to restore firmness.
Car shows vibration during braking,brake_disc_damage,"disc, rotor, warped, vibration",Brake disc/rotor may be damaged. Inspect and replace if warped.
I hear pulling side when braking,uneven_brake_force,"pulling side, uneven brake, caliper, imbalance",Uneven brake force. Inspect calipers and brake fluid distribution.
I hear smell when braking,brake_overheating,"overheat, smell, hot brakes, fade","Brakes overheating. Stop safely, let them cool, and avoid aggressive braking."
My brake pad is causing issues,brake_pad_wear,"brake pad, squeal, worn pad, grinding",Brake pads are worn. Replace pads to restore safe braking.
My fade is causing issues,brake_overheating,"overheat, smell, hot brakes, fade","Brakes overheating. Stop safely, let them cool, and avoid aggressive braking."
My soft brake is causing issues,air_in_brake_lines,"spongy pedal, air lines, soft brake, bleed brakes",Air in brake lines. Bleed brakes to restore firmness.
I hear imbalance when braking,uneven_brake_force,"pulling side, uneven brake, caliper, imbalance",Uneven brake force. Inspect calipers and brake fluid distribution.
"Brake feels strange, maybe hot brakes",brake_overheating,"overheat, smell, hot brakes, fade","Brakes overheating. Stop safely, let them cool, and avoid aggressive braking."
I hear ABS when braking,brake_system_alert,"warning light, dashboard, ABS, alert",Brake system alert. Check fluid level and ABS sensors.
Car shows pulling side during braking,uneven_brake_force,"pulling side, uneven brake, caliper, imbalance",Uneven brake force. Inspect calipers and brake fluid distribution.
The brake pad problem keeps happening,brake_pad_wear,"brake pad, squeal, worn pad, grinding",Brake pads are worn. Replace pads to restore safe braking.
"Brake feels strange, maybe squeal",brake_pad_wear,"brake pad, squeal, worn pad, grinding",Brake pads are worn. Replace pads to restore safe braking.
Car shows fade during braking,brake_overheating,"overheat, smell, hot brakes, fade","Brakes overheating. Stop safely, let them cool, and avoid aggressive braking."
Why is my pulling side acting up?,uneven_brake_force,"pulling side, uneven brake, caliper, imbalance",Uneven brake force. Inspect calipers and brake fluid distribution.
My brake pad is causing issues,brake_pad_wear,"brake pad, squeal, worn pad, grinding",Brake pads are worn. Replace pads to restore safe braking.
Why is my warning light acting up?,brake_system_alert,"warning light, dashboard, ABS, alert",Brake system alert. Check fluid level and ABS sensors.
The pulling side problem keeps happening,uneven_brake_force,"pulling side, uneven brake, caliper, imbalance",Uneven brake force. Inspect calipers and brake fluid distribution.
I hear low fluid when braking,brake_fluid_leak,"brake fluid, fluid leak, pedal floor, low fluid",Brake fluid may be leaking. Check reservoir and lines immediately.
The brake pad problem keeps happening,brake_pad_wear,"brake pad, squeal, worn pad, grinding",Brake pads are worn. Replace pads to restore safe braking.
I hear disc when braking,brake_disc_damage,"disc, rotor, warped, vibration",Brake disc/rotor may be damaged. Inspect and replace if warped.
I hear alert when braking,brake_system_alert,"warning light, dashboard, ABS, alert",Brake system alert. Check fluid level and ABS sensors.
Why is my overheat acting up?,brake_overheating,"overheat, smell, hot brakes, fade","Brakes overheating. Stop safely, let them cool, and avoid aggressive braking."
I hear low fluid when braking,brake_fluid_leak,"brake fluid, fluid leak, pedal floor, low fluid",Brake fluid may be leaking. Check reservoir and lines immediately.
Car shows vibration during braking,brake_disc_damage,"disc, rotor, warped, vibration",Brake disc/rotor may be damaged. Inspect and replace if warped.
Car shows low fluid during braking,brake_fluid_leak,"brake fluid, fluid leak, pedal floor, low fluid",Brake fluid may be leaking. Check reservoir and lines immediately.
I hear soft brake when braking,air_in_brake_lines,"spongy pedal, air lines, soft brake, bleed brakes",Air in brake lines. Bleed brakes to restore firmness.
Why is my brake pad acting up?,brake_pad_wear,"brake pad, squeal, worn pad, grinding",Brake pads are worn. Replace pads to restore safe braking.
The warning light problem keeps happening,brake_system_alert,"warning light, dashboard, ABS, alert",Brake system alert. Check fluid level and ABS sensors.
Why is my vibration acting up?,brake_disc_damage,"disc, rotor, warped, vibration",Brake disc/rotor may be damaged. Inspect and replace if warped.
"Brake feels strange, maybe smell",brake_overheating,"overheat, smell, hot brakes, fade","Brakes overheating. Stop safely, let them cool, and avoid aggressive braking."
I hear brake fluid when braking,brake_fluid_leak,"brake fluid, fluid leak, pedal floor, low fluid",Brake fluid may be leaking. Check reservoir and lines immediately.
Car shows hot brakes during braking,brake_overheating,"overheat, smell, hot brakes, fade","Brakes overheating. Stop safely, let them cool, and avoid aggressive braking."
My ABS is causing issues,brake_system_alert,"warning light, dashboard, ABS, alert",Brake system alert. Check fluid level and ABS sensors.
I hear squeal when braking,brake_pad_wear,"brake pad, squeal, worn pad, grinding",Brake pads are worn. Replace pads to restore safe braking.
Why is my fade acting up?,brake_overheating,"overheat, smell, hot brakes, fade","Brakes overheating. Stop safely, let them cool, and avoid aggressive braking."
"Brake feels strange, maybe air lines",air_in_brake_lines,"spongy pedal, air lines, soft brake, bleed brakes",Air in brake lines. Bleed brakes to restore firmness.
My brake pad is causing issues,brake_pad_wear,"brake pad, squeal, worn pad, grinding",Brake pads are worn. Replace pads to restore safe braking.
"Brake feels strange, maybe fluid leak",brake_fluid_leak,"brake fluid, fluid leak, pedal floor, low fluid",Brake fluid may be leaking. Check reservoir and lines immediately.
"Brake feels strange, maybe uneven brake",uneven_brake_force,"pulling side, uneven brake, caliper, imbalance",Uneven brake force. Inspect calipers and brake fluid distribution.
The pedal floor problem keeps happening,brake_fluid_leak,"brake fluid, fluid leak, pedal floor, low fluid",Brake fluid may be leaking. Check reservoir and lines immediately.
"Brake feels strange, maybe hot brakes",brake_overheating,"overheat, smell, hot brakes, fade","Brakes overheating. Stop safely, let them cool, and avoid aggressive braking."
"Brake feels strange, maybe smell",brake_overheating,"overheat, smell, hot brakes, fade","Brakes overheating. Stop safely, let them cool, and avoid aggressive braking."
"Brake feels strange, maybe imbalance",uneven_brake_force,"pulling side, uneven brake, caliper, imbalance",Uneven brake force. Inspect calipers and brake fluid distribution.
Car shows ABS during braking,brake_system_alert,"warning light, dashboard, ABS, alert",Brake system alert. Check fluid level and ABS sensors.
"Brake feels strange, maybe ABS",brake_system_alert,"warning light, dashboard, ABS, alert",Brake system alert. Check fluid level and ABS sensors.
"Brake feels strange, maybe low fluid",brake_fluid_leak,"brake fluid, fluid leak, pedal floor, low fluid",Brake fluid may be leaking. Check reservoir and lines immediately.
The air lines problem keeps happening,air_in_brake_lines,"spongy pedal, air lines, soft brake, bleed brakes",Air in brake lines. Bleed brakes to restore firmness.
My uneven brake is causing issues,uneven_brake_force,"pulling side, uneven brake, caliper, imbalance",Uneven brake force. Inspect calipers and brake fluid distribution.
I hear air lines when braking,air_in_brake_lines,"spongy pedal, air lines, soft brake, bleed brakes",Air in brake lines. Bleed brakes to restore firmness.
The smell problem keeps happening,brake_overheating,"overheat, smell, hot brakes, fade","Brakes overheating. Stop safely, let them cool, and avoid aggressive braking."
The imbalance problem keeps happening,uneven_brake_force,"pulling side, uneven brake, caliper, imbalance",Uneven brake force. Inspect calipers and brake fluid distribution.
The alert problem keeps happening,brake_system_alert,"warning light, dashboard, ABS, alert",Brake system alert. Check fluid level and ABS sensors.
Car shows disc during braking,brake_disc_damage,"disc, rotor, warped, vibration",Brake disc/rotor may be damaged. Inspect and replace if warped.
My squeal is causing issues,brake_pad_wear,"brake pad, squeal, worn pad, grinding",Brake pads are worn. Replace pads to restore safe braking.
I hear rotor when braking,brake_disc_damage,"disc, rotor, warped, vibration",Brake disc/rotor may be damaged. Inspect and replace if warped.
Why is my alert acting up?,brake_system_alert,"warning light, dashboard, ABS, alert",Brake system alert. Check fluid level and ABS sensors.
Why is my smell acting up?,brake_overheating,"overheat, smell, hot brakes, fade","Brakes overheating. Stop safely, let them cool, and avoid aggressive braking."
Why is my air lines acting up?,air_in_brake_lines,"spongy pedal, air lines, soft brake, bleed brakes",Air in brake lines. Bleed brakes to restore firmness.
The squeal problem keeps happening,brake_pad_wear,"brake pad, squeal, worn pad, grinding",Brake pads are worn. Replace pads to restore safe braking.
Why is my brake pad acting up?,brake_pad_wear,"brake pad, squeal, worn pad, grinding",Brake pads are worn. Replace pads to restore safe braking.
Car shows pedal floor during braking,brake_fluid_leak,"brake fluid, fluid leak, pedal floor, low fluid",Brake fluid may be leaking. Check reservoir and lines immediately.
My alert is causing issues,brake_system_alert,"warning light, dashboard, ABS, alert",Brake system alert. Check fluid level and ABS sensors.
Why is my worn pad acting up?,brake_pad_wear,"brake pad, squeal, worn pad, grinding",Brake pads are worn. Replace pads to restore safe braking.
The imbalance problem keeps happening,uneven_brake_force,"pulling side, uneven brake, caliper, imbalance",Uneven brake force. Inspect calipers and brake fluid distribution.
My disc is causing issues,brake_disc_damage,"disc, rotor, warped, vibration",Brake disc/rotor may be damaged. Inspect and replace if warped.
"Brake feels strange, maybe dashboard",brake_system_alert,"warning light, dashboard, ABS, alert",Brake system alert. Check fluid level and ABS sensors.
Why is my overheat acting up?,brake_overheating,"overheat, smell, hot brakes, fade","Brakes overheating. Stop safely, let them cool, and avoid aggressive braking."
"Brake feels strange, maybe brake fluid",brake_fluid_leak,"brake fluid, fluid leak, pedal floor, low fluid",Brake fluid may be leaking. Check reservoir and lines immediately.
Why is my smell acting up?,brake_overheating,"overheat, smell, hot brakes, fade","Brakes overheating. Stop safely, let them cool, and avoid aggressive braking."
Car shows alert during braking,brake_system_alert,"warning light, dashboard, ABS, alert",Brake system alert. Check fluid level and ABS sensors.
I hear pedal floor when braking,brake_fluid_leak,"brake fluid, fluid leak, pedal floor, low fluid",Brake fluid may be leaking. Check reservoir and lines immediately.
Car shows alert during braking,brake_system_alert,"warning light, dashboard, ABS, alert",Brake system alert. Check fluid level and ABS sensors.
"Brake feels strange, maybe ABS",brake_system_alert,"warning light, dashboard, ABS, alert",Brake system alert. Check fluid level and ABS sensors.
The grinding problem keeps happening,brake_pad_wear,"brake pad, squeal, worn pad, grinding",Brake pads are worn. Replace pads to restore safe braking.
Car shows dashboard during braking,brake_system_alert,"warning light, dashboard, ABS, alert",Brake system alert. Check fluid level and ABS sensors.
I hear dashboard when braking,brake_system_alert,"warning light, dashboard, ABS, alert",Brake system alert. Check fluid level and ABS sensors.
The bleed brakes problem keeps happening,air_in_brake_lines,"spongy pedal, air lines, soft brake, bleed brakes",Air in brake lines. Bleed brakes to restore firmness.
Car shows fluid leak during braking,brake_fluid_leak,"brake fluid, fluid leak, pedal floor, low fluid",Brake fluid may be leaking. Check reservoir and lines immediately.
"Brake feels strange, maybe squeal",brake_pad_wear,"brake pad, squeal, worn pad, grinding",Brake pads are worn. Replace pads to restore safe braking.
"Brake feels strange, maybe imbalance",uneven_brake_force,"pulling side, uneven brake, caliper, imbalance",Uneven brake force. Inspect calipers and brake fluid distribution.
The low fluid problem keeps happening,brake_fluid_leak,"brake fluid, fluid leak, pedal floor, low fluid",Brake fluid may be leaking. Check reservoir and lines immediately.
Car shows spongy pedal during braking,air_in_brake_lines,"spongy pedal, air lines, soft brake, bleed brakes",Air in brake lines. Bleed brakes to restore firmness.
Why is my fluid leak acting up?,brake_fluid_leak,"brake fluid, fluid leak, pedal floor, low fluid",Brake fluid may be leaking. Check reservoir and lines immediately.
"Brake feels strange, maybe fade",brake_overheating,"overheat, smell, hot brakes, fade","Brakes overheating. Stop safely, let them cool, and avoid aggressive braking."
Car shows worn pad during braking,brake_pad_wear,"brake pad, squeal, worn pad, grinding",Brake pads are worn. Replace pads to restore safe braking.
Car shows dashboard during braking,brake_system_alert,"warning light, dashboard, ABS, alert",Brake system alert. Check fluid level and ABS sensors.
I hear rotor when braking,brake_disc_damage,"disc, rotor, warped, vibration",Brake disc/rotor may be damaged. Inspect and replace if warped.
Why is my ABS acting up?,brake_system_alert,"warning light, dashboard, ABS, alert",Brake system alert. Check fluid level and ABS sensors.
My overheat is causing issues,brake_overheating,"overheat, smell, hot brakes, fade","Brakes overheating. Stop safely, let them cool, and avoid aggressive braking."
Car shows alert during braking,brake_system_alert,"warning light, dashboard, ABS, alert",Brake system alert. Check fluid level and ABS sensors.
My imbalance is causing issues,uneven_brake_force,"pulling side, uneven brake, caliper, imbalance",Uneven brake force. Inspect calipers and brake fluid distribution.
I hear disc when braking,brake_disc_damage,"disc, rotor, warped, vibration",Brake disc/rotor may be damaged. Inspect and replace if warped.
Car shows warped during braking,brake_disc_damage,"disc, rotor, warped, vibration",Brake disc/rotor may be damaged. Inspect and replace if warped.
Car shows spongy pedal during braking,air_in_brake_lines,"spongy pedal, air lines, soft brake, bleed brakes",Air in brake lines. Bleed brakes to restore firmness.
Car shows imbalance during braking,uneven_brake_force,"pulling side, uneven brake, caliper, imbalance",Uneven brake force. Inspect calipers and brake fluid distribution.
"Brake feels strange, maybe warped",brake_disc_damage,"disc, rotor, warped, vibration",Brake disc/rotor may be damaged. Inspect and replace if warped.
My fluid leak is causing issues,brake_fluid_leak,"brake fluid, fluid leak, pedal floor, low fluid",Brake fluid may be leaking. Check reservoir and lines immediately.
The warning light problem keeps happening,brake_system_alert,"warning light, dashboard, ABS, alert",Brake system alert. Check fluid level and ABS sensors.
Car shows low fluid during braking,brake_fluid_leak,"brake fluid, fluid leak, pedal floor, low fluid",Brake fluid may be leaking. Check reservoir and lines immediately.
"Brake feels strange, maybe warning light",brake_system_alert,"warning light, dashboard, ABS, alert",Brake system alert. Check fluid level and ABS sensors.
"Brake feels strange, maybe fade",brake_overheating,"overheat, smell, hot brakes, fade","Brakes overheating. Stop safely, let them cool, and avoid aggressive braking."
Why is my warped acting up?,brake_disc_damage,"disc, rotor, warped, vibration",Brake disc/rotor may be damaged. Inspect and replace if warped.
"Brake feels strange, maybe spongy pedal",air_in_brake_lines,"spongy pedal, air lines, soft brake, bleed brakes",Air in brake lines. Bleed brakes to restore firmness.
Car shows ABS during braking,brake_system_alert,"warning light, dashboard, ABS, alert",Brake system alert. Check fluid level and ABS sensors.
The brake pad problem keeps happening,brake_pad_wear,"brake pad, squeal, worn pad, grinding",Brake pads are worn. Replace pads to restore safe braking.
I hear pedal floor when braking,brake_fluid_leak,"brake fluid, fluid leak, pedal floor, low fluid",Brake fluid may be leaking. Check reservoir and lines immediately.
Why is my smell acting up?,brake_overheating,"overheat, smell, hot brakes, fade","Brakes overheating. Stop safely, let them cool, and avoid aggressive braking."
My grinding is causing issues,brake_pad_wear,"brake pad, squeal, worn pad, grinding",Brake pads are worn. Replace pads to restore safe braking.
Why is my rotor acting up?,brake_disc_damage,"disc, rotor, warped, vibration",Brake disc/rotor may be damaged. Inspect and replace if warped.
My vibration is causing issues,brake_disc_damage,"disc, rotor, warped, vibration",Brake disc/rotor may be damaged. Inspect and replace if warped.
Why is my brake fluid acting up?,brake_fluid_leak,"brake fluid, fluid leak, pedal floor, low fluid",Brake fluid may be leaking. Check reservoir and lines immediately.
Car shows air lines during braking,air_in_brake_lines,"spongy pedal, air lines, soft brake, bleed brakes",Air in brake lines. Bleed brakes to restore firmness.
Why is my squeal acting up?,brake_pad_wear,"brake pad, squeal, worn pad, grinding",Brake pads are worn. Replace pads to restore safe braking.
Why is my spongy pedal acting up?,air_in_brake_lines,"spongy pedal, air lines, soft brake, bleed brakes",Air in brake lines. Bleed brakes to restore firmness.
The soft brake problem keeps happening,air_in_brake_lines,"spongy pedal, air lines, soft brake, bleed brakes",Air in brake lines. Bleed brakes to restore firmness.
Car shows hot brakes during braking,brake_overheating,"overheat, smell, hot brakes, fade","Brakes overheating. Stop safely, let them cool, and avoid aggressive braking."
Car shows squeal during braking,brake_pad_wear,"brake pad, squeal, worn pad, grinding",Brake pads are worn. Replace pads to restore safe braking.
My squeal is causing issues,brake_pad_wear,"brake pad, squeal, worn pad, grinding",Brake pads are worn. Replace pads to restore safe braking.
I hear spongy pedal when braking,air_in_brake_lines,"spongy pedal, air lines, soft brake, bleed brakes",Air in brake lines. Bleed brakes to restore firmness.
"Brake feels strange, maybe smell",brake_overheating,"overheat, smell, hot brakes, fade","Brakes overheating. Stop safely, let them cool, and avoid aggressive braking."
Car shows caliper during braking,uneven_brake_force,"pulling side, uneven brake, caliper, imbalance",Uneven brake force. Inspect calipers and brake fluid distribution.
Car shows fade during braking,brake_overheating,"overheat, smell, hot brakes, fade","Brakes overheating. Stop safely, let them cool, and avoid aggressive braking."
I hear air lines when braking,air_in_brake_lines,"spongy pedal, air lines, soft brake, bleed brakes",Air in brake lines. Bleed brakes to restore firmness.
The squeal problem keeps happening,brake_pad_wear,"brake pad, squeal, worn pad, grinding",Brake pads are worn. Replace pads to restore safe braking.
My fluid leak is causing issues,brake_fluid_leak,"brake fluid, fluid leak, pedal floor, low fluid",Brake fluid may be leaking. Check reservoir and lines immediately.
The disc problem keeps happening,brake_disc_damage,"disc, rotor, warped, vibration",Brake disc/rotor may be damaged. Inspect and replace if warped.
My fade is causing issues,brake_overheating,"overheat, smell, hot brakes, fade","Brakes overheating. Stop safely, let them cool, and avoid aggressive braking."
The warning light problem keeps happening,brake_system_alert,"warning light, dashboard, ABS, alert",Brake system alert. Check fluid level and ABS sensors.
The caliper problem keeps happening,uneven_brake_force,"pulling side, uneven brake, caliper, imbalance",Uneven brake force. Inspect calipers and brake fluid distribution.
"Brake feels strange, maybe vibration",brake_disc_damage,"disc, rotor, warped, vibration",Brake disc/rotor may be damaged. Inspect and replace if warped.
Car shows bleed brakes during braking,air_in_brake_lines,"spongy pedal, air lines, soft brake, bleed brakes",Air in brake lines. Bleed brakes to restore firmness.
I hear worn pad when braking,brake_pad_wear,"brake pad, squeal, worn pad, grinding",Brake pads are worn. Replace pads to restore safe braking.
"Brake feels strange, maybe ABS",brake_system_alert,"warning light, dashboard, ABS, alert",Brake system alert. Check fluid level and ABS sensors.
I hear ABS when braking,brake_system_alert,"warning light, dashboard, ABS, alert",Brake system alert. Check fluid level and ABS sensors.
I hear caliper when braking,uneven_brake_force,"pulling side, uneven brake, caliper, imbalance",Uneven brake force. Inspect calipers and brake fluid distribution.
I hear smell when braking,brake_overheating,"overheat, smell, hot brakes, fade","Brakes overheating. Stop safely, let them cool, and avoid aggressive braking."
Why is my soft brake acting up?,air_in_brake_lines,"spongy pedal, air lines, soft brake, bleed brakes",Air in brake lines. Bleed brakes to restore firmness.
Why is my imbalance acting up?,uneven_brake_force,"pulling side, uneven brake, caliper, imbalance",Uneven brake force. Inspect calipers and brake fluid distribution.
Why is my pulling side acting up?,uneven_brake_force,"pulling side, uneven brake, caliper, imbalance",Uneven brake force. Inspect calipers and brake fluid distribution.
My disc is causing issues,brake_disc_damage,"disc, rotor, warped, vibration",Brake disc/rotor may be damaged. Inspect and replace if warped.
Car shows pulling side during braking,uneven_brake_force,"pulling side, uneven brake, caliper, imbalance",Uneven brake force. Inspect calipers and brake fluid distribution.
Why is my overheat acting up?,brake_overheating,"overheat, smell, hot brakes, fade","Brakes overheating. Stop safely, let them cool, and avoid aggressive braking."
"Brake feels strange, maybe low fluid",brake_fluid_leak,"brake fluid, fluid leak, pedal floor, low fluid",Brake fluid may be leaking. Check reservoir and lines immediately.
"Brake feels strange, maybe fade",brake_overheating,"overheat, smell, hot brakes, fade","Brakes overheating. Stop safely, let them cool, and avoid aggressive braking."
My grinding is causing issues,brake_pad_wear,"brake pad, squeal, worn pad, grinding",Brake pads are worn. Replace pads to restore safe braking.
My grinding is causing issues,brake_pad_wear,"brake pad, squeal, worn pad, grinding",Brake pads are worn. Replace pads to restore safe braking.
I hear bleed brakes when braking,air_in_brake_lines,"spongy pedal, air lines, soft brake, bleed brakes",Air in brake lines. Bleed brakes to restore firmness.
Why is my brake fluid acting up?,brake_fluid_leak,"brake fluid, fluid leak, pedal floor, low fluid",Brake fluid may be leaking. Check reservoir and lines immediately.
My air lines is causing issues,air_in_brake_lines,"spongy pedal, air lines, soft brake, bleed brakes",Air in brake lines. Bleed brakes to restore firmness.
"Brake feels strange, maybe hot brakes",brake_overheating,"overheat, smell, hot brakes, fade","Brakes overheating. Stop safely, let them cool, and avoid aggressive braking."
I hear squeal when braking,brake_pad_wear,"brake pad, squeal, worn pad, grinding",Brake pads are worn. Replace pads to restore safe braking.
Why is my pulling side acting up?,uneven_brake_force,"pulling side, uneven brake, caliper, imbalance",Uneven brake force. Inspect calipers and brake fluid distribution.
Why is my caliper acting up?,uneven_brake_force,"pulling side, uneven brake, caliper, imbalance",Uneven brake force. Inspect calipers and brake fluid distribution.
The squeal problem keeps happening,brake_pad_wear,"brake pad, squeal, worn pad, grinding",Brake pads are worn. Replace pads to restore safe braking.
Car shows air lines during braking,air_in_brake_lines,"spongy pedal, air lines, soft brake, bleed brakes",Air in brake lines. Bleed brakes to restore firmness.
The warning light problem keeps happening,brake_system_alert,"warning light, dashboard, ABS, alert",Brake system alert. Check fluid level and ABS sensors.
Why is my alert acting up?,brake_system_alert,"warning light, dashboard, ABS, alert",Brake system alert. Check fluid level and ABS sensors.
Car shows imbalance during braking,uneven_brake_force,"pulling side, uneven brake, caliper, imbalance",Uneven brake force. Inspect calipers and brake fluid distribution.
"Brake feels strange, maybe air lines",air_in_brake_lines,"spongy pedal, air lines, soft brake, bleed brakes",Air in brake lines. Bleed brakes to restore firmness.
I hear grinding when braking,brake_pad_wear,"brake pad, squeal, worn pad, grinding",Brake pads are worn. Replace pads to restore safe braking.
I hear soft brake when braking,air_in_brake_lines,"spongy pedal, air lines, soft brake, bleed brakes",Air in brake lines. Bleed brakes to restore firmness.
The disc problem keeps happening,brake_disc_damage,"disc, rotor, warped, vibration",Brake disc/rotor may be damaged. Inspect and replace if warped.
Why is my ABS acting up?,brake_system_alert,"warning light, dashboard, ABS, alert",Brake system alert. Check fluid level and ABS sensors.
The soft brake problem keeps happening,air_in_brake_lines,"spongy pedal, air lines, soft brake, bleed brakes",Air in brake lines. Bleed brakes to restore firmness.
The pulling side problem keeps happening,uneven_brake_force,"pulling side, uneven brake, caliper, imbalance",Uneven brake force. Inspect calipers and brake fluid distribution.
I hear uneven brake when braking,uneven_brake_force,"pulling side, uneven brake, caliper, imbalance",Uneven brake force. Inspect calipers and brake fluid distribution.
I hear rotor when braking,brake_disc_damage,"disc, rotor, warped, vibration",Brake disc/rotor may be damaged. Inspect and replace if warped.
The spongy pedal problem keeps happening,air_in_brake_lines,"spongy pedal, air lines, soft brake, bleed brakes",Air in brake lines. Bleed brakes to restore firmness.
The warped problem keeps happening,brake_disc_damage,"disc, rotor, warped, vibration",Brake disc/rotor may be damaged. Inspect and replace if warped.
My worn pad is causing issues,brake_pad_wear,"brake pad, squeal, worn pad, grinding",Brake pads are worn. Replace pads to restore safe braking.
"Brake feels strange, maybe fade",brake_overheating,"overheat, smell, hot brakes, fade","Brakes overheating. Stop safely, let them cool, and avoid aggressive braking."
My fade is causing issues,brake_overheating,"overheat, smell, hot brakes, fade","Brakes overheating. Stop safely, let them cool, and avoid aggressive braking."
I hear fade when braking,brake_overheating,"overheat, smell, hot brakes, fade","Brakes overheating. Stop safely, let them cool, and avoid aggressive braking."
Car shows dashboard during braking,brake_system_alert,"warning light, dashboard, ABS, alert",Brake system alert. Check fluid level and ABS sensors.
"Brake feels strange, maybe pedal floor",brake_fluid_leak,"brake fluid, fluid leak, pedal floor, low fluid",Brake fluid may be leaking. Check reservoir and lines immediately.
"Brake feels strange, maybe air lines",air_in_brake_lines,"spongy pedal, air lines, soft brake, bleed brakes",Air in brake lines. Bleed brakes to restore firmness.
I hear caliper when braking,uneven_brake_force,"pulling side, uneven brake, caliper, imbalance",Uneven brake force. Inspect calipers and brake fluid distribution.
The low fluid problem keeps happening,brake_fluid_leak,"brake fluid, fluid leak, pedal floor, low fluid",Brake fluid may be leaking. Check reservoir and lines immediately.
My rotor is causing issues,brake_disc_damage,"disc, rotor, warped, vibration",Brake disc/rotor may be damaged. Inspect and replace if warped.
Car shows bleed brakes during braking,air_in_brake_lines,"spongy pedal, air lines, soft brake, bleed brakes",Air in brake lines. Bleed brakes to restore firmness.
"Brake feels strange, maybe brake pad",brake_pad_wear,"brake pad, squeal, worn pad, grinding",Brake pads are worn. Replace pads to restore safe braking.
I hear fade when braking,brake_overheating,"overheat, smell, hot brakes, fade","Brakes overheating. Stop safely, let them cool, and avoid aggressive braking."
"Brake feels strange, maybe dashboard",brake_system_alert,"warning light, dashboard, ABS, alert",Brake system alert. Check fluid level and ABS sensors.
I hear imbalance when braking,uneven_brake_force,"pulling side, uneven brake, caliper, imbalance",Uneven brake force. Inspect calipers and brake fluid distribution.
Car shows alert during braking,brake_system_alert,"warning light, dashboard, ABS, alert",Brake system alert. Check fluid level and ABS sensors.
I hear bleed brakes when braking,air_in_brake_lines,"spongy pedal, air lines, soft brake, bleed brakes",Air in brake lines. Bleed brakes to restore firmness.
Why is my rotor acting up?,brake_disc_damage,"disc, rotor, warped, vibration",Brake disc/rotor may be damaged. Inspect and replace if warped.
I hear caliper when braking,uneven_brake_force,"pulling side, uneven brake, caliper, imbalance",Uneven brake force. Inspect calipers and brake fluid distribution.
My warped is causing issues,brake_disc_damage,"disc, rotor, warped, vibration",Brake disc/rotor may be damaged. Inspect and replace if warped.
My imbalance is causing issues,uneven_brake_force,"pulling side, uneven brake, caliper, imbalance",Uneven brake force. Inspect calipers and brake fluid distribution.
The squeal problem keeps happening,brake_pad_wear,"brake pad, squeal, worn pad, grinding",Brake pads are worn. Replace pads to restore safe braking.
I hear smell when braking,brake_overheating,"overheat, smell, hot brakes, fade","Brakes overheating. Stop safely, let them cool, and avoid aggressive braking."
"Brake feels strange, maybe caliper",uneven_brake_force,"pulling side, uneven brake, caliper, imbalance",Uneven brake force. Inspect calipers and brake fluid distribution.
"Brake feels strange, maybe air lines",air_in_brake_lines,"spongy pedal, air lines, soft brake, bleed brakes",Air in brake lines. Bleed brakes to restore firmness.
My pedal floor is causing issues,brake_fluid_leak,"brake fluid, fluid leak, pedal floor, low fluid",Brake fluid may be leaking. Check reservoir and lines immediately.
The low fluid problem keeps happening,brake_fluid_leak,"brake fluid, fluid leak, pedal floor, low fluid",Brake fluid may be leaking. Check reservoir and lines immediately.
The pedal floor problem keeps happening,brake_fluid_leak,"brake fluid, fluid leak, pedal floor, low fluid",Brake fluid may be leaking. Check reservoir and lines immediately.
Why is my warning light acting up?,brake_system_alert,"warning light, dashboard, ABS, alert",Brake system alert. Check fluid level and ABS sensors.
"Brake feels strange, maybe dashboard",brake_system_alert,"warning light, dashboard, ABS, alert",Brake system alert. Check fluid level and ABS sensors.
Car shows bleed brakes during braking,air_in_brake_lines,"spongy pedal, air lines, soft brake, bleed brakes",Air in brake lines. Bleed brakes to restore firmness.
I hear rotor when braking,brake_disc_damage,"disc, rotor, warped, vibration",Brake disc/rotor may be damaged. Inspect and replace if warped.
The brake fluid problem keeps happening,brake_fluid_leak,"brake fluid, fluid leak, pedal floor, low fluid",Brake fluid may be leaking. Check reservoir and lines immediately.
The brake fluid problem keeps happening,brake_fluid_leak,"brake fluid, fluid leak, pedal floor, low fluid",Brake fluid may be leaking. Check reservoir and lines immediately.
"Brake feels strange, maybe pulling side",uneven_brake_force,"pulling side, uneven brake, caliper, imbalance",Uneven brake force. Inspect calipers and brake fluid distribution.
"Brake feels strange, maybe disc",brake_disc_damage,"disc, rotor, warped, vibration",Brake disc/rotor may be damaged. Inspect and replace if warped.
The pulling side problem keeps happening,uneven_brake_force,"pulling side, uneven brake, caliper, imbalance",Uneven brake force. Inspect calipers and brake fluid distribution.
Car shows squeal during braking,brake_pad_wear,"brake pad, squeal, worn pad, grinding",Brake pads are worn. Replace pads to restore safe braking.
My uneven brake is causing issues,uneven_brake_force,"pulling side, uneven brake, caliper, imbalance",Uneven brake force. Inspect calipers and brake fluid distribution.
Car shows worn pad during braking,brake_pad_wear,"brake pad, squeal, worn pad, grinding",Brake pads are worn. Replace pads to restore safe braking.
"Brake feels strange, maybe disc",brake_disc_damage,"disc, rotor, warped, vibration",Brake disc/rotor may be damaged. Inspect and replace if warped.
My rotor is causing issues,brake_disc_damage,"disc, rotor, warped, vibration",Brake disc/rotor may be damaged. Inspect and replace if warped.
Why is my vibration acting up?,brake_disc_damage,"disc, rotor, warped, vibration",Brake disc/rotor may be damaged. Inspect and replace if warped.
The caliper problem keeps happening,uneven_brake_force,"pulling side, uneven brake, caliper, imbalance",Uneven brake force. Inspect calipers and brake fluid distribution.
Car shows worn pad during braking,brake_pad_wear,"brake pad, squeal, worn pad, grinding",Brake pads are worn. Replace pads to restore safe braking.
I hear squeal when braking,brake_pad_wear,"brake pad, squeal, worn pad, grinding",Brake pads are worn. Replace pads to restore safe braking.
The pedal floor problem keeps happening,brake_fluid_leak,"brake fluid, fluid leak, pedal floor, low fluid",Brake fluid may be leaking. Check reservoir and lines immediately.
The dashboard problem keeps happening,brake_system_alert,"warning light, dashboard, ABS, alert",Brake system alert. Check fluid level and ABS sensors.
I hear grinding when braking,brake_pad_wear,"brake pad, squeal, worn pad, grinding",Brake pads are worn. Replace pads to restore safe braking.
Car shows smell during braking,brake_overheating,"overheat, smell, hot brakes, fade","Brakes overheating. Stop safely, let them cool, and avoid aggressive braking."
Car shows brake fluid during braking,brake_fluid_leak,"brake fluid, fluid leak, pedal floor, low fluid",Brake fluid may be leaking. Check reservoir and lines immediately.
I hear uneven brake when braking,uneven_brake_force,"pulling side, uneven brake, caliper, imbalance",Uneven brake force. Inspect calipers and brake fluid distribution.
I hear spongy pedal when braking,air_in_brake_lines,"spongy pedal, air lines, soft brake, bleed brakes",Air in brake lines. Bleed brakes to restore firmness.
"Brake feels strange, maybe fluid leak",brake_fluid_leak,"brake fluid, fluid leak, pedal floor, low fluid",Brake fluid may be leaking. Check reservoir and lines immediately.
My spongy pedal is causing issues,air_in_brake_lines,"spongy pedal, air lines, soft brake, bleed brakes",Air in brake lines. Bleed brakes to restore firmness.
The smell problem keeps happening,brake_overheating,"overheat, smell, hot brakes, fade","Brakes overheating. Stop safely, let them cool, and avoid aggressive braking."
I hear dashboard when braking,brake_system_alert,"warning light, dashboard, ABS, alert",Brake system alert. Check fluid level and ABS sensors.
The fade problem keeps happening,brake_overheating,"overheat, smell, hot brakes, fade","Brakes overheating. Stop safely, let them cool, and avoid aggressive braking."
Car shows low fluid during braking,brake_fluid_leak,"brake fluid, fluid leak, pedal floor, low fluid",Brake fluid may be leaking. Check reservoir and lines immediately.
Car shows smell during braking,brake_overheating,"overheat, smell, hot brakes, fade","Brakes overheating. Stop safely, let them cool, and avoid aggressive braking."
The air lines problem keeps happening,air_in_brake_lines,"spongy pedal, air lines, soft brake, bleed brakes",Air in brake lines. Bleed brakes to restore firmness.
The uneven brake problem keeps happening,uneven_brake_force,"pulling side, uneven brake, caliper, imbalance",Uneven brake force. Inspect calipers and brake fluid distribution.
Why is my fluid leak acting up?,brake_fluid_leak,"brake fluid, fluid leak, pedal floor, low fluid",Brake fluid may be leaking. Check reservoir and lines immediately.
Car shows low fluid during braking,brake_fluid_leak,"brake fluid, fluid leak, pedal floor, low fluid",Brake fluid may be leaking. Check reservoir and lines immediately.
My warning light is causing issues,brake_system_alert,"warning light, dashboard, ABS, alert",Brake system alert. Check fluid level and ABS sensors.
My hot brakes is causing issues,brake_overheating,"overheat, smell, hot brakes, fade","Brakes overheating. Stop safely, let them cool, and avoid aggressive braking."
My caliper is causing issues,uneven_brake_force,"pulling side, uneven brake, caliper, imbalance",Uneven brake force. Inspect calipers and brake fluid distribution.
I hear brake pad when braking,brake_pad_wear,"brake pad, squeal, worn pad, grinding",Brake pads are worn. Replace pads to restore safe braking.
My fade is causing issues,brake_overheating,"overheat, smell, hot brakes, fade","Brakes overheating. Stop safely, let them cool, and avoid aggressive braking."
Why is my warning light acting up?,brake_system_alert,"warning light, dashboard, ABS, alert",Brake system alert. Check fluid level and ABS sensors.
Why is my brake fluid acting up?,brake_fluid_leak,"brake fluid, fluid leak, pedal floor, low fluid",Brake fluid may be leaking. Check reservoir and lines immediately.
I hear overheat when braking,brake_overheating,"overheat, smell, hot brakes, fade","Brakes overheating. Stop safely, let them cool, and avoid aggressive braking."
The low fluid problem keeps happening,brake_fluid_leak,"brake fluid, fluid leak, pedal floor, low fluid",Brake fluid may be leaking. Check reservoir and lines immediately.
Car shows soft brake during braking,air_in_brake_lines,"spongy pedal, air lines, soft brake, bleed brakes",Air in brake lines. Bleed brakes to restore firmness.
"Brake feels strange, maybe overheat",brake_overheating,"overheat, smell, hot brakes, fade","Brakes overheating. Stop safely, let them cool, and avoid aggressive braking."
I hear grinding when braking,brake_pad_wear,"brake pad, squeal, worn pad, grinding",Brake pads are worn. Replace pads to restore safe braking.
My brake pad is causing issues,brake_pad_wear,"brake pad, squeal, worn pad, grinding",Brake pads are worn. Replace pads to restore safe braking.
Why is my brake fluid acting up?,brake_fluid_leak,"brake fluid, fluid leak, pedal floor, low fluid",Brake fluid may be leaking. Check reservoir and lines immediately.
The smell problem keeps happening,brake_overheating,"overheat, smell, hot brakes, fade","Brakes overheating. Stop safely, let them cool, and avoid aggressive braking."
My rotor is causing issues,brake_disc_damage,"disc, rotor, warped, vibration",Brake disc/rotor may be damaged. Inspect and replace if warped.
"Brake feels strange, maybe dashboard",brake_system_alert,"warning light, dashboard, ABS, alert",Brake system alert. Check fluid level and ABS sensors.
"Brake feels strange, maybe grinding",brake_pad_wear,"brake pad, squeal, worn pad, grinding",Brake pads are worn. Replace pads to restore safe braking.
I hear fade when braking,brake_overheating,"overheat, smell, hot brakes, fade","Brakes overheating. Stop safely, let them cool, and avoid aggressive braking."
The soft brake problem keeps happening,air_in_brake_lines,"spongy pedal, air lines, soft brake, bleed brakes",Air in brake lines. Bleed brakes to restore firmness.
"Brake feels strange, maybe warped",brake_disc_damage,"disc, rotor, warped, vibration",Brake disc/rotor may be damaged. Inspect and replace if warped.
"Brake feels strange, maybe rotor",brake_disc_damage,"disc, rotor, warped, vibration",Brake disc/rotor may be damaged. Inspect and replace if warped.
My brake fluid is causing issues,brake_fluid_leak,"brake fluid, fluid leak, pedal floor, low fluid",Brake fluid may be leaking. Check reservoir and lines immediately.
Car shows dashboard during braking,brake_system_alert,"warning light, dashboard, ABS, alert",Brake system alert. Check fluid level and ABS sensors.
I hear overheat when braking,brake_overheating,"overheat, smell, hot brakes, fade","Brakes overheating. Stop safely, let them cool, and avoid aggressive braking."
The pedal floor problem keeps happening,brake_fluid_leak,"brake fluid, fluid leak, pedal floor, low fluid",Brake fluid may be leaking. Check reservoir and lines immediately.
"Brake feels strange, maybe dashboard",brake_system_alert,"warning light, dashboard, ABS, alert",Brake system alert. Check fluid level and ABS sensors.
"Brake feels strange, maybe bleed brakes",air_in_brake_lines,"spongy pedal, air lines, soft brake, bleed brakes",Air in brake lines. Bleed brakes to restore firmness.
My air lines is causing issues,air_in_brake_lines,"spongy pedal, air lines, soft brake, bleed brakes",Air in brake lines. Bleed brakes to restore firmness.
The warped problem keeps happening,brake_disc_damage,"disc, rotor, warped, vibration",Brake disc/rotor may be damaged. Inspect and replace if warped.
Why is my vibration acting up?,brake_disc_damage,"disc, rotor, warped, vibration",Brake disc/rotor may be damaged. Inspect and replace if warped.
The overheat problem keeps happening,brake_overheating,"overheat, smell, hot brakes, fade","Brakes overheating. Stop safely, let them cool, and avoid aggressive braking."
Car shows soft brake during braking,air_in_brake_lines,"spongy pedal, air lines, soft brake, bleed brakes",Air in brake lines. Bleed brakes to restore firmness.
Why is my smell acting up?,brake_overheating,"overheat, smell, hot brakes, fade","Brakes overheating. Stop safely, let them cool, and avoid aggressive braking."
"Brake feels strange, maybe hot brakes",brake_overheating,"overheat, smell, hot brakes, fade","Brakes overheating. Stop safely, let them cool, and avoid aggressive braking."
"Brake feels strange, maybe rotor",brake_disc_damage,"disc, rotor, warped, vibration",Brake disc/rotor may be damaged. Inspect and replace if warped.
My dashboard is causing issues,brake_system_alert,"warning light, dashboard, ABS, alert",Brake system alert. Check fluid level and ABS sensors.
The brake pad problem keeps happening,brake_pad_wear,"brake pad, squeal, worn pad, grinding",Brake pads are worn. Replace pads to restore safe braking.
Car shows disc during braking,brake_disc_damage,"disc, rotor, warped, vibration",Brake disc/rotor may be damaged. Inspect and replace if warped.
Why is my ABS acting up?,brake_system_alert,"warning light, dashboard, ABS, alert",Brake system alert. Check fluid level and ABS sensors.
"Brake feels strange, maybe worn pad",brake_pad_wear,"brake pad, squeal, worn pad, grinding",Brake pads are worn. Replace pads to restore safe braking.
Why is my alert acting up?,brake_system_alert,"warning light, dashboard, ABS, alert",Brake system alert. Check fluid level and ABS sensors.
My worn pad is causing issues,brake_pad_wear,"brake pad, squeal, worn pad, grinding",Brake pads are worn. Replace pads to restore safe braking.
"Brake feels strange, maybe low fluid",brake_fluid_leak,"brake fluid, fluid leak, pedal floor, low fluid",Brake fluid may be leaking. Check reservoir and lines immediately.
Car shows overheat during braking,brake_overheating,"overheat, smell, hot brakes, fade","Brakes overheating. Stop safely, let them cool, and avoid aggressive braking."
Why is my squeal acting up?,brake_pad_wear,"brake pad, squeal, worn pad, grinding",Brake pads are worn. Replace pads to restore safe braking.
"Brake feels strange, maybe hot brakes",brake_overheating,"overheat, smell, hot brakes, fade","Brakes overheating. Stop safely, let them cool, and avoid aggressive braking."
Why is my vibration acting up?,brake_disc_damage,"disc, rotor, warped, vibration",Brake disc/rotor may be damaged. Inspect and replace if warped.
I hear worn pad when braking,brake_pad_wear,"brake pad, squeal, worn pad, grinding",Brake pads are worn. Replace pads to restore safe braking.
Car shows pedal floor during braking,brake_fluid_leak,"brake fluid, fluid leak, pedal floor, low fluid",Brake fluid may be leaking. Check reservoir and lines immediately.
The air lines problem keeps happening,air_in_brake_lines,"spongy pedal, air lines, soft brake, bleed brakes",Air in brake lines. Bleed brakes to restore firmness.
Car shows dashboard during braking,brake_system_alert,"warning light, dashboard, ABS, alert",Brake system alert. Check fluid level and ABS sensors.
Why is my fade acting up?,brake_overheating,"overheat, smell, hot brakes, fade","Brakes overheating. Stop safely, let them cool, and avoid aggressive braking."
The spongy pedal problem keeps happening,air_in_brake_lines,"spongy pedal, air lines, soft brake, bleed brakes",Air in brake lines. Bleed brakes to restore firmness.
The disc problem keeps happening,brake_disc_damage,"disc, rotor, warped, vibration",Brake disc/rotor may be damaged. Inspect and replace if warped.
"Brake feels strange, maybe brake pad",brake_pad_wear,"brake pad, squeal, worn pad, grinding",Brake pads are worn. Replace pads to restore safe braking.
Car shows pulling side during braking,uneven_brake_force,"pulling side, uneven brake, caliper, imbalance",Uneven brake force. Inspect calipers and brake fluid distribution.
"Brake feels strange, maybe disc",brake_disc_damage,"disc, rotor, warped, vibration",Brake disc/rotor may be damaged. Inspect and replace if warped.
Why is my bleed brakes acting up?,air_in_brake_lines,"spongy pedal, air lines, soft brake, bleed brakes",Air in brake lines. Bleed brakes to restore firmness.
I hear brake fluid when braking,brake_fluid_leak,"brake fluid, fluid leak, pedal floor, low fluid",Brake fluid may be leaking. Check reservoir and lines immediately.
The imbalance problem keeps happening,uneven_brake_force,"pulling side, uneven brake, caliper, imbalance",Uneven brake force. Inspect calipers and brake fluid distribution.
I hear overheat when braking,brake_overheating,"overheat, smell, hot brakes, fade","Brakes overheating. Stop safely, let them cool, and avoid aggressive braking."
I hear hot brakes when braking,brake_overheating,"overheat, smell, hot brakes, fade","Brakes overheating. Stop safely, let them cool, and avoid aggressive braking."
Why is my worn pad acting up?,brake_pad_wear,"brake pad, squeal, worn pad, grinding",Brake pads are worn. Replace pads to restore safe braking.
My bleed brakes is causing issues,air_in_brake_lines,"spongy pedal, air lines, soft brake, bleed brakes",Air in brake lines. Bleed brakes to restore firmness.
Why is my alert acting up?,brake_system_alert,"warning light, dashboard, ABS, alert",Brake system alert. Check fluid level and ABS sensors.
The bleed brakes problem keeps happening,air_in_brake_lines,"spongy pedal, air lines, soft brake, bleed brakes",Air in brake lines. Bleed brakes to restore firmness.
I hear warning light when braking,brake_system_alert,"warning light, dashboard, ABS, alert",Brake system alert. Check fluid level and ABS sensors.
"Brake feels strange, maybe disc",brake_disc_damage,"disc, rotor, warped, vibration",Brake disc/rotor may be damaged. Inspect and replace if warped.
I hear brake fluid when braking,brake_fluid_leak,"brake fluid, fluid leak, pedal floor, low fluid",Brake fluid may be leaking. Check reservoir and lines immediately.
Car shows pedal floor during braking,brake_fluid_leak,"brake fluid, fluid leak, pedal floor, low fluid",Brake fluid may be leaking. Check reservoir and lines immediately.
"Brake feels strange, maybe caliper",uneven_brake_force,"pulling side, uneven brake, caliper, imbalance",Uneven brake force. Inspect calipers and brake fluid distribution.
Car shows pedal floor during braking,brake_fluid_leak,"brake fluid, fluid leak, pedal floor, low fluid",Brake fluid may be leaking. Check reservoir and lines immediately.
I hear rotor when braking,brake_disc_damage,"disc, rotor, warped, vibration",Brake disc/rotor may be damaged. Inspect and replace if warped.
Why is my warped acting up?,brake_disc_damage,"disc, rotor, warped, vibration",Brake disc/rotor may be damaged. Inspect and replace if warped.
"Brake feels strange, maybe low fluid",brake_fluid_leak,"brake fluid, fluid leak, pedal floor, low fluid",Brake fluid may be leaking. Check reservoir and lines immediately.
Car shows caliper during braking,uneven_brake_force,"pulling side, uneven brake, caliper, imbalance",Uneven brake force. Inspect calipers and brake fluid distribution.
Why is my warning light acting up?,brake_system_alert,"warning light, dashboard, ABS, alert",Brake system alert. Check fluid level and ABS sensors.
"Brake feels strange, maybe dashboard",brake_system_alert,"warning light, dashboard, ABS, alert",Brake system alert. Check fluid level and ABS sensors.
Car shows imbalance during braking,uneven_brake_force,"pulling side, uneven brake, caliper, imbalance",Uneven brake force. Inspect calipers and brake fluid distribution.
My brake fluid is causing issues,brake_fluid_leak,"brake fluid, fluid leak, pedal floor, low fluid",Brake fluid may be leaking. Check reservoir and lines immediately.
"Brake feels strange, maybe imbalance",uneven_brake_force,"pulling side, uneven brake, caliper, imbalance",Uneven brake force. Inspect calipers and brake fluid distribution.
The dashboard problem keeps happening,brake_system_alert,"warning light, dashboard, ABS, alert",Brake system alert. Check fluid level and ABS sensors.
Why is my alert acting up?,brake_system_alert,"warning light, dashboard, ABS, alert",Brake system alert. Check fluid level and ABS sensors.
"Brake feels strange, maybe low fluid",brake_fluid_leak,"brake fluid, fluid leak, pedal floor, low fluid",Brake fluid may be leaking. Check reservoir and lines immediately.
I hear overheat when braking,brake_overheating,"overheat, smell, hot brakes, fade","Brakes overheating. Stop safely, let them cool, and avoid aggressive braking."
Car shows overheat during braking,brake_overheating,"overheat, smell, hot brakes, fade","Brakes overheating. Stop safely, let them cool, and avoid aggressive braking."
"Brake feels strange, maybe grinding",brake_pad_wear,"brake pad, squeal, worn pad, grinding",Brake pads are worn. Replace pads to restore safe braking.
I hear soft brake when braking,air_in_brake_lines,"spongy pedal, air lines, soft brake, bleed brakes",Air in brake lines. Bleed brakes to restore firmness.
"Brake feels strange, maybe grinding",brake_pad_wear,"brake pad, squeal, worn pad, grinding",Brake pads are worn. Replace pads to restore safe braking.
"Brake feels strange, maybe pedal floor",brake_fluid_leak,"brake fluid, fluid leak, pedal floor, low fluid",Brake fluid may be leaking. Check reservoir and lines immediately.
I hear pulling side when braking,uneven_brake_force,"pulling side, uneven brake, caliper, imbalance",Uneven brake force. Inspect calipers and brake fluid distribution.
Why is my spongy pedal acting up?,air_in_brake_lines,"spongy pedal, air lines, soft brake, bleed brakes",Air in brake lines. Bleed brakes to restore firmness.
The overheat problem keeps happening,brake_overheating,"overheat, smell, hot brakes, fade","Brakes overheating. Stop safely, let them cool, and avoid aggressive braking."
Why is my grinding acting up?,brake_pad_wear,"brake pad, squeal, worn pad, grinding",Brake pads are worn. Replace pads to restore safe braking.
My squeal is causing issues,brake_pad_wear,"brake pad, squeal, worn pad, grinding",Brake pads are worn. Replace pads to restore safe braking.
My uneven brake is causing issues,uneven_brake_force,"pulling side, uneven brake, caliper, imbalance",Uneven brake force. Inspect calipers and brake fluid distribution.
My fluid leak is causing issues,brake_fluid_leak,"brake fluid, fluid leak, pedal floor, low fluid",Brake fluid may be leaking. Check reservoir and lines immediately.
The smell problem keeps happening,brake_overheating,"overheat, smell, hot brakes, fade","Brakes overheating. Stop safely, let them cool, and avoid aggressive braking."
My imbalance is causing issues,uneven_brake_force,"pulling side, uneven brake, caliper, imbalance",Uneven brake force. Inspect calipers and brake fluid distribution.
Car shows warning light during braking,brake_system_alert,"warning light, dashboard, ABS, alert",Brake system alert. Check fluid level and ABS sensors.
The warning light problem keeps happening,brake_system_alert,"warning light, dashboard, ABS, alert",Brake system alert. Check fluid level and ABS sensors.
My fade is causing issues,brake_overheating,"overheat, smell, hot brakes, fade","Brakes overheating. Stop safely, let them cool, and avoid aggressive braking."
"Brake feels strange, maybe dashboard",brake_system_alert,"warning light, dashboard, ABS, alert",Brake system alert. Check fluid level and ABS sensors.
"Brake feels strange, maybe hot brakes",brake_overheating,"overheat, smell, hot brakes, fade","Brakes overheating. Stop safely, let them cool, and avoid aggressive braking."
The low fluid problem keeps happening,brake_fluid_leak,"brake fluid, fluid leak, pedal floor, low fluid",Brake fluid may be leaking. Check reservoir and lines immediately.
The smell problem keeps happening,brake_overheating,"overheat, smell, hot brakes, fade","Brakes overheating. Stop safely, let them cool, and avoid aggressive braking."
Car shows fluid leak during braking,brake_fluid_leak,"brake fluid, fluid leak, pedal floor, low fluid",Brake fluid may be leaking. Check reservoir and lines immediately.
My spongy pedal is causing issues,air_in_brake_lines,"spongy pedal, air lines, soft brake, bleed brakes",Air in brake lines. Bleed brakes to restore firmness.
"Brake feels strange, maybe overheat",brake_overheating,"overheat, smell, hot brakes, fade","Brakes overheating. Stop safely, let them cool, and avoid aggressive braking."
Car shows warped during braking,brake_disc_damage,"disc, rotor, warped, vibration",Brake disc/rotor may be damaged. Inspect and replace if warped.
The grinding problem keeps happening,brake_pad_wear,"brake pad, squeal, worn pad, grinding",Brake pads are worn. Replace pads to restore safe braking.
"Brake feels strange, maybe ABS",brake_system_alert,"warning light, dashboard, ABS, alert",Brake system alert. Check fluid level and ABS sensors.
Why is my brake pad acting up?,brake_pad_wear,"brake pad, squeal, worn pad, grinding",Brake pads are worn. Replace pads to restore safe braking.
The disc problem keeps happening,brake_disc_damage,"disc, rotor, warped, vibration",Brake disc/rotor may be damaged. Inspect and replace if warped.
Why is my smell acting up?,brake_overheating,"overheat, smell, hot brakes, fade","Brakes overheating. Stop safely, let them cool, and avoid aggressive braking."
Car shows pedal floor during braking,brake_fluid_leak,"brake fluid, fluid leak, pedal floor, low fluid",Brake fluid may be leaking. Check reservoir and lines immediately.
I hear dashboard when braking,brake_system_alert,"warning light, dashboard, ABS, alert",Brake system alert. Check fluid level and ABS sensors.
Car shows air lines during braking,air_in_brake_lines,"spongy pedal, air lines, soft brake, bleed brakes",Air in brake lines. Bleed brakes to restore firmness.
I hear warped when braking,brake_disc_damage,"disc, rotor, warped, vibration",Brake disc/rotor may be damaged. Inspect and replace if warped.
My smell is causing issues,brake_overheating,"overheat, smell, hot brakes, fade","Brakes overheating. Stop safely, let them cool, and avoid aggressive braking."
I hear pedal floor when braking,brake_fluid_leak,"brake fluid, fluid leak, pedal floor, low fluid",Brake fluid may be leaking. Check reservoir and lines immediately.
My grinding is causing issues,brake_pad_wear,"brake pad, squeal, worn pad, grinding",Brake pads are worn. Replace pads to restore safe braking.
The disc problem keeps happening,brake_disc_damage,"disc, rotor, warped, vibration",Brake disc/rotor may be damaged. Inspect and replace if warped.
Car shows fluid leak during braking,brake_fluid_leak,"brake fluid, fluid leak, pedal floor, low fluid",Brake fluid may be leaking. Check reservoir and lines immediately.
Why is my pedal floor acting up?,brake_fluid_leak,"brake fluid, fluid leak, pedal floor, low fluid",Brake fluid may be leaking. Check reservoir and lines immediately.
The grinding problem keeps happening,brake_pad_wear,"brake pad, squeal, worn pad, grinding",Brake pads are worn. Replace pads to restore safe braking.
The imbalance problem keeps happening,uneven_brake_force,"pulling side, uneven brake, caliper, imbalance",Uneven brake force. Inspect calipers and brake fluid distribution.
The overheat problem keeps happening,brake_overheating,"overheat, smell, hot brakes, fade","Brakes overheating. Stop safely, let them cool, and avoid aggressive braking."
The warning light problem keeps happening,brake_system_alert,"warning light, dashboard, ABS, alert",Brake system alert. Check fluid level and ABS sensors.
"Brake feels strange, maybe squeal",brake_pad_wear,"brake pad, squeal, worn pad, grinding",Brake pads are worn. Replace pads to restore safe braking.
My soft brake is causing issues,air_in_brake_lines,"spongy pedal, air lines, soft brake, bleed brakes",Air in brake lines. Bleed brakes to restore firmness.
My pulling side is causing issues,uneven_brake_force,"pulling side, uneven brake, caliper, imbalance",Uneven brake force. Inspect calipers and brake fluid distribution.
Car shows caliper during braking,uneven_brake_force,"pulling side, uneven brake, caliper, imbalance",Uneven brake force. Inspect calipers and brake fluid distribution.
I hear dashboard when braking,brake_system_alert,"warning light, dashboard, ABS, alert",Brake system alert. Check fluid level and ABS sensors.
My disc is causing issues,brake_disc_damage,"disc, rotor, warped, vibration",Brake disc/rotor may be damaged. Inspect and replace if warped.
My alert is causing issues,brake_system_alert,"warning light, dashboard, ABS, alert",Brake system alert. Check fluid level and ABS sensors.
My disc is causing issues,brake_disc_damage,"disc, rotor, warped, vibration",Brake disc/rotor may be damaged. Inspect and replace if warped.
The bleed brakes problem keeps happening,air_in_brake_lines,"spongy pedal, air lines, soft brake, bleed brakes",Air in brake lines. Bleed brakes to restore firmness.
My brake fluid is causing issues,brake_fluid_leak,"brake fluid, fluid leak, pedal floor, low fluid",Brake fluid may be leaking. Check reservoir and lines immediately.
Car shows worn pad during braking,brake_pad_wear,"brake pad, squeal, worn pad, grinding",Brake pads are worn. Replace pads to restore safe braking.
The dashboard problem keeps happening,brake_system_alert,"warning light, dashboard, ABS, alert",Brake system alert. Check fluid level and ABS sensors.
Why is my pulling side acting up?,uneven_brake_force,"pulling side, uneven brake, caliper, imbalance",Uneven brake force. Inspect calipers and brake fluid distribution.
"Brake feels strange, maybe warning light",brake_system_alert,"warning light, dashboard, ABS, alert",Brake system alert. Check fluid level and ABS sensors.
The squeal problem keeps happening,brake_pad_wear,"brake pad, squeal, worn pad, grinding",Brake pads are worn. Replace pads to restore safe braking.
My soft brake is causing issues,air_in_brake_lines,"spongy pedal, air lines, soft brake, bleed brakes",Air in brake lines. Bleed brakes to restore firmness.
Car shows dashboard during braking,brake_system_alert,"warning light, dashboard, ABS, alert",Brake system alert. Check fluid level and ABS sensors.
My bleed brakes is causing issues,air_in_brake_lines,"spongy pedal, air lines, soft brake, bleed brakes",Air in brake lines. Bleed brakes to restore firmness.
I hear dashboard when braking,brake_system_alert,"warning light, dashboard, ABS, alert",Brake system alert. Check fluid level and ABS sensors.
Car shows hot brakes during braking,brake_overheating,"overheat, smell, hot brakes, fade","Brakes overheating. Stop safely, let them cool, and avoid aggressive braking."
Car shows low fluid during braking,brake_fluid_leak,"brake fluid, fluid leak, pedal floor, low fluid",Brake fluid may be leaking. Check reservoir and lines immediately.
I hear pedal floor when braking,brake_fluid_leak,"brake fluid, fluid leak, pedal floor, low fluid",Brake fluid may be leaking. Check reservoir and lines immediately.
Why is my fade acting up?,brake_overheating,"overheat, smell, hot brakes, fade","Brakes overheating. Stop safely, let them cool, and avoid aggressive braking."
Car shows spongy pedal during braking,air_in_brake_lines,"spongy pedal, air lines, soft brake, bleed brakes",Air in brake lines. Bleed brakes to restore firmness.
Car shows spongy pedal during braking,air_in_brake_lines,"spongy pedal, air lines, soft brake, bleed brakes",Air in brake lines. Bleed brakes to restore firmness.
"Brake feels strange, maybe smell",brake_overheating,"overheat, smell, hot brakes, fade","Brakes overheating. Stop safely, let them cool, and avoid aggressive braking."
Car shows warped during braking,brake_disc_damage,"disc, rotor, warped, vibration",Brake disc/rotor may be damaged. Inspect and replace if warped.
My smell is causing issues,brake_overheating,"overheat, smell, hot brakes, fade","Brakes overheating. Stop safely, let them cool, and avoid aggressive braking."
I hear low fluid when braking,brake_fluid_leak,"brake fluid, fluid leak, pedal floor, low fluid",Brake fluid may be leaking. Check reservoir and lines immediately.
I hear worn pad when braking,brake_pad_wear,"brake pad, squeal, worn pad, grinding",Brake pads are worn. Replace pads to restore safe braking.
"Brake feels strange, maybe ABS",brake_system_alert,"warning light, dashboard, ABS, alert",Brake system alert. Check fluid level and ABS sensors.
My soft brake is causing issues,air_in_brake_lines,"spongy pedal, air lines, soft brake, bleed brakes",Air in brake lines. Bleed brakes to restore firmness.
The soft brake problem keeps happening,air_in_brake_lines,"spongy pedal, air lines, soft brake, bleed brakes",Air in brake lines. Bleed brakes to restore firmness.
Car shows air lines during braking,air_in_brake_lines,"spongy pedal, air lines, soft brake, bleed brakes",Air in brake lines. Bleed brakes to restore firmness.
Car shows soft brake during braking,air_in_brake_lines,"spongy pedal, air lines, soft brake, bleed brakes",Air in brake lines. Bleed brakes to restore firmness.
Why is my warped acting up?,brake_disc_damage,"disc, rotor, warped, vibration",Brake disc/rotor may be damaged. Inspect and replace if warped.
Why is my rotor acting up?,brake_disc_damage,"disc, rotor, warped, vibration",Brake disc/rotor may be damaged. Inspect and replace if warped.
Car shows soft brake during braking,air_in_brake_lines,"spongy pedal, air lines, soft brake, bleed brakes",Air in brake lines. Bleed brakes to restore firmness.
My low fluid is causing issues,brake_fluid_leak,"brake fluid, fluid leak, pedal floor, low fluid",Brake fluid may be leaking. Check reservoir and lines immediately.
The warning light problem keeps happening,brake_system_alert,"warning light, dashboard, ABS, alert",Brake system alert. Check fluid level and ABS sensors.
My grinding is causing issues,brake_pad_wear,"brake pad, squeal, worn pad, grinding",Brake pads are worn. Replace pads to restore safe braking.
The smell problem keeps happening,brake_overheating,"overheat, smell, hot brakes, fade","Brakes overheating. Stop safely, let them cool, and avoid aggressive braking."
The bleed brakes problem keeps happening,air_in_brake_lines,"spongy pedal, air lines, soft brake, bleed brakes",Air in brake lines. Bleed brakes to restore firmness.
I hear disc when braking,brake_disc_damage,"disc, rotor, warped, vibration",Brake disc/rotor may be damaged. Inspect and replace if warped.
I hear fade when braking,brake_overheating,"overheat, smell, hot brakes, fade","Brakes overheating. Stop safely, let them cool, and avoid aggressive braking."
"Brake feels strange, maybe disc",brake_disc_damage,"disc, rotor, warped, vibration",Brake disc/rotor may be damaged. Inspect and replace if warped.
The uneven brake problem keeps happening,uneven_brake_force,"pulling side, uneven brake, caliper, imbalance",Uneven brake force. Inspect calipers and brake fluid distribution.
"Brake feels strange, maybe pedal floor",brake_fluid_leak,"brake fluid, fluid leak, pedal floor, low fluid",Brake fluid may be leaking. Check reservoir and lines immediately.
Why is my warning light acting up?,brake_system_alert,"warning light, dashboard, ABS, alert",Brake system alert. Check fluid level and ABS sensors.
"Brake feels strange, maybe bleed brakes",air_in_brake_lines,"spongy pedal, air lines, soft brake, bleed brakes",Air in brake lines. Bleed brakes to restore firmness.
Car shows alert during braking,brake_system_alert,"warning light, dashboard, ABS, alert",Brake system alert. Check fluid level and ABS sensors.
My worn pad is causing issues,brake_pad_wear,"brake pad, squeal, worn pad, grinding",Brake pads are worn. Replace pads to restore safe braking.
The soft brake problem keeps happening,air_in_brake_lines,"spongy pedal, air lines, soft brake, bleed brakes",Air in brake lines. Bleed brakes to restore firmness.
The grinding problem keeps happening,brake_pad_wear,"brake pad, squeal, worn pad, grinding",Brake pads are worn. Replace pads to restore safe braking.
I hear brake pad when braking,brake_pad_wear,"brake pad, squeal, worn pad, grinding",Brake pads are worn. Replace pads to restore safe braking.
The warning light problem keeps happening,brake_system_alert,"warning light, dashboard, ABS, alert",Brake system alert. Check fluid level and ABS sensors.
"Brake feels strange, maybe hot brakes",brake_overheating,"overheat, smell, hot brakes, fade","Brakes overheating. Stop safely, let them cool, and avoid aggressive braking."
I hear grinding when braking,brake_pad_wear,"brake pad, squeal, worn pad, grinding",Brake pads are worn. Replace pads to restore safe braking.
The vibration problem keeps happening,brake_disc_damage,"disc, rotor, warped, vibration",Brake disc/rotor may be damaged. Inspect and replace if warped.
My squeal is causing issues,brake_pad_wear,"brake pad, squeal, worn pad, grinding",Brake pads are worn. Replace pads to restore safe braking.
My smell is causing issues,brake_overheating,"overheat, smell, hot brakes, fade","Brakes overheating. Stop safely, let them cool, and avoid aggressive braking."
"Brake feels strange, maybe overheat",brake_overheating,"overheat, smell, hot brakes, fade","Brakes overheating. Stop safely, let them cool, and avoid aggressive braking."
"Brake feels strange, maybe warped",brake_disc_damage,"disc, rotor, warped, vibration",Brake disc/rotor may be damaged. Inspect and replace if warped.
My pulling side is causing issues,uneven_brake_force,"pulling side, uneven brake, caliper, imbalance",Uneven brake force. Inspect calipers and brake fluid distribution.
Car shows soft brake during braking,air_in_brake_lines,"spongy pedal, air lines, soft brake, bleed brakes",Air in brake lines. Bleed brakes to restore firmness.
Car shows warped during braking,brake_disc_damage,"disc, rotor, warped, vibration",Brake disc/rotor may be damaged. Inspect and replace if warped.
"Brake feels strange, maybe rotor",brake_disc_damage,"disc, rotor, warped, vibration",Brake disc/rotor may be damaged. Inspect and replace if warped.
"Brake feels strange, maybe alert",brake_system_alert,"warning light, dashboard, ABS, alert",Brake system alert. Check fluid level and ABS sensors.
Car shows low fluid during braking,brake_fluid_leak,"brake fluid, fluid leak, pedal floor, low fluid",Brake fluid may be leaking. Check reservoir and lines immediately.
Why is my soft brake acting up?,air_in_brake_lines,"spongy pedal, air lines, soft brake, bleed brakes",Air in brake lines. Bleed brakes to restore firmness.
I hear smell when braking,brake_overheating,"overheat, smell, hot brakes, fade","Brakes overheating. Stop safely, let them cool, and avoid aggressive braking."
I hear caliper when braking,uneven_brake_force,"pulling side, uneven brake, caliper, imbalance",Uneven brake force. Inspect calipers and brake fluid distribution.
My ABS is causing issues,brake_system_alert,"warning light, dashboard, ABS, alert",Brake system alert. Check fluid level and ABS sensors.
The disc problem keeps happening,brake_disc_damage,"disc, rotor, warped, vibration",Brake disc/rotor may be damaged. Inspect and replace if warped.
My air lines is causing issues,air_in_brake_lines,"spongy pedal, air lines, soft brake, bleed brakes",Air in brake lines. Bleed brakes to restore firmness.
The hot brakes problem keeps happening,brake_overheating,"overheat, smell, hot brakes, fade","Brakes overheating. Stop safely, let them cool, and avoid aggressive braking."
Why is my vibration acting up?,brake_disc_damage,"disc, rotor, warped, vibration",Brake disc/rotor may be damaged. Inspect and replace if warped.
I hear vibration when braking,brake_disc_damage,"disc, rotor, warped, vibration",Brake disc/rotor may be damaged. Inspect and replace if warped.
My pulling side is causing issues,uneven_brake_force,"pulling side, uneven brake, caliper, imbalance",Uneven brake force. Inspect calipers and brake fluid distribution.
Why is my brake pad acting up?,brake_pad_wear,"brake pad, squeal, worn pad, grinding",Brake pads are worn. Replace pads to restore safe braking.
My brake pad is causing issues,brake_pad_wear,"brake pad, squeal, worn pad, grinding",Brake pads are worn. Replace pads to restore safe braking.
"Brake feels strange, maybe dashboard",brake_system_alert,"warning light, dashboard, ABS, alert",Brake system alert. Check fluid level and ABS sensors.
The pedal floor problem keeps happening,brake_fluid_leak,"brake fluid, fluid leak, pedal floor, low fluid",Brake fluid may be leaking. Check reservoir and lines immediately.
I hear overheat when braking,brake_overheating,"overheat, smell, hot brakes, fade","Brakes overheating. Stop safely, let them cool, and avoid aggressive braking."
I hear brake pad when braking,brake_pad_wear,"brake pad, squeal, worn pad, grinding",Brake pads are worn. Replace pads to restore safe braking.
I hear alert when braking,brake_system_alert,"warning light, dashboard, ABS, alert",Brake system alert. Check fluid level and ABS sensors.
Car shows caliper during braking,uneven_brake_force,"pulling side, uneven brake, caliper, imbalance",Uneven brake force. Inspect calipers and brake fluid distribution.
Car shows rotor during braking,brake_disc_damage,"disc, rotor, warped, vibration",Brake disc/rotor may be damaged. Inspect and replace if warped.
The pedal floor problem keeps happening,brake_fluid_leak,"brake fluid, fluid leak, pedal floor, low fluid",Brake fluid may be leaking. Check reservoir and lines immediately.
My worn pad is causing issues,brake_pad_wear,"brake pad, squeal, worn pad, grinding",Brake pads are worn. Replace pads to restore safe braking.
I hear low fluid when braking,brake_fluid_leak,"brake fluid, fluid leak, pedal floor, low fluid",Brake fluid may be leaking. Check reservoir and lines immediately.
I hear overheat when braking,brake_overheating,"overheat, smell, hot brakes, fade","Brakes overheating. Stop safely, let them cool, and avoid aggressive braking."
Car shows caliper during braking,uneven_brake_force,"pulling side, uneven brake, caliper, imbalance",Uneven brake force. Inspect calipers and brake fluid distribution.
"Brake feels strange, maybe brake fluid",brake_fluid_leak,"brake fluid, fluid leak, pedal floor, low fluid",Brake fluid may be leaking. Check reservoir and lines immediately.
"Brake feels strange, maybe ABS",brake_system_alert,"warning light, dashboard, ABS, alert",Brake system alert. Check fluid level and ABS sensors.
Why is my worn pad acting up?,brake_pad_wear,"brake pad, squeal, worn pad, grinding",Brake pads are worn. Replace pads to restore safe braking.
Why is my smell acting up?,brake_overheating,"overheat, smell, hot brakes, fade","Brakes overheating. Stop safely, let them cool, and avoid aggressive braking."
Car shows uneven brake during braking,uneven_brake_force,"pulling side, uneven brake, caliper, imbalance",Uneven brake force. Inspect calipers and brake fluid distribution.
Car shows warped during braking,brake_disc_damage,"disc, rotor, warped, vibration",Brake disc/rotor may be damaged. Inspect and replace if warped.
Why is my ABS acting up?,brake_system_alert,"warning light, dashboard, ABS, alert",Brake system alert. Check fluid level and ABS sensors.
"Brake feels strange, maybe brake pad",brake_pad_wear,"brake pad, squeal, worn pad, grinding",Brake pads are worn. Replace pads to restore safe braking.
The overheat problem keeps happening,brake_overheating,"overheat, smell, hot brakes, fade","Brakes overheating. Stop safely, let them cool, and avoid aggressive braking."
Why is my overheat acting up?,brake_overheating,"overheat, smell, hot brakes, fade","Brakes overheating. Stop safely, let them cool, and avoid aggressive braking."
Car shows overheat during braking,brake_overheating,"overheat, smell, hot brakes, fade","Brakes overheating. Stop safely, let them cool, and avoid aggressive braking."
Car shows worn pad during braking,brake_pad_wear,"brake pad, squeal, worn pad, grinding",Brake pads are worn. Replace pads to restore safe braking.
"Brake feels strange, maybe fluid leak",brake_fluid_leak,"brake fluid, fluid leak, pedal floor, low fluid",Brake fluid may be leaking. Check reservoir and lines immediately.
My warped is causing issues,brake_disc_damage,"disc, rotor, warped, vibration",Brake disc/rotor may be damaged. Inspect and replace if warped.
Why is my ABS acting up?,brake_system_alert,"warning light, dashboard, ABS, alert",Brake system alert. Check fluid level and ABS sensors.
The dashboard problem keeps happening,brake_system_alert,"warning light, dashboard, ABS, alert",Brake system alert. Check fluid level and ABS sensors.
Car shows pulling side during braking,uneven_brake_force,"pulling side, uneven brake, caliper, imbalance",Uneven brake force. Inspect calipers and brake fluid distribution.
I hear rotor when braking,brake_disc_damage,"disc, rotor, warped, vibration",Brake disc/rotor may be damaged. Inspect and replace if warped.
The low fluid problem keeps happening,brake_fluid_leak,"brake fluid, fluid leak, pedal floor, low fluid",Brake fluid may be leaking. Check reservoir and lines immediately.
I hear fluid leak when braking,brake_fluid_leak,"brake fluid, fluid leak, pedal floor, low fluid",Brake fluid may be leaking. Check reservoir and lines immediately.
Why is my fluid leak acting up?,brake_fluid_leak,"brake fluid, fluid leak, pedal floor, low fluid",Brake fluid may be leaking. Check reservoir and lines immediately.
Car shows warped during braking,brake_disc_damage,"disc, rotor, warped, vibration",Brake disc/rotor may be damaged. Inspect and replace if warped.
My fluid leak is causing issues,brake_fluid_leak,"brake fluid, fluid leak, pedal floor, low fluid",Brake fluid may be leaking. Check reservoir and lines immediately.
I hear fluid leak when braking,brake_fluid_leak,"brake fluid, fluid leak, pedal floor, low fluid",Brake fluid may be leaking. Check reservoir and lines immediately.
The spongy pedal problem keeps happening,air_in_brake_lines,"spongy pedal, air lines, soft brake, bleed brakes",Air in brake lines. Bleed brakes to restore firmness.
Why is my warped acting up?,brake_disc_damage,"disc, rotor, warped, vibration",Brake disc/rotor may be damaged. Inspect and replace if warped.
My fade is causing issues,brake_overheating,"overheat, smell, hot brakes, fade","Brakes overheating. Stop safely, let them cool, and avoid aggressive braking."
My uneven brake is causing issues,uneven_brake_force,"pulling side, uneven brake, caliper, imbalance",Uneven brake force. Inspect calipers and brake fluid distribution.
"Brake feels strange, maybe air lines",air_in_brake_lines,"spongy pedal, air lines, soft brake, bleed brakes",Air in brake lines. Bleed brakes to restore firmness.
Car shows soft brake during braking,air_in_brake_lines,"spongy pedal, air lines, soft brake, bleed brakes",Air in brake lines. Bleed brakes to restore firmness.
Why is my brake pad acting up?,brake_pad_wear,"brake pad, squeal, worn pad, grinding",Brake pads are worn. Replace pads to restore safe braking.
"Brake feels strange, maybe fade",brake_overheating,"overheat, smell, hot brakes, fade","Brakes overheating. Stop safely, let them cool, and avoid aggressive braking."
My fluid leak is causing issues,brake_fluid_leak,"brake fluid, fluid leak, pedal floor, low fluid",Brake fluid may be leaking. Check reservoir and lines immediately.
Why is my imbalance acting up?,uneven_brake_force,"pulling side, uneven brake, caliper, imbalance",Uneven brake force. Inspect calipers and brake fluid distribution.
My ABS is causing issues,brake_system_alert,"warning light, dashboard, ABS, alert",Brake system alert. Check fluid level and ABS sensors.
The disc problem keeps happening,brake_disc_damage,"disc, rotor, warped, vibration",Brake disc/rotor may be damaged. Inspect and replace if warped.
Car shows pulling side during braking,uneven_brake_force,"pulling side, uneven brake, caliper, imbalance",Uneven brake force. Inspect calipers and brake fluid distribution.
Why is my brake pad acting up?,brake_pad_wear,"brake pad, squeal, worn pad, grinding",Brake pads are worn. Replace pads to restore safe braking.
Why is my fluid leak acting up?,brake_fluid_leak,"brake fluid, fluid leak, pedal floor, low fluid",Brake fluid may be leaking. Check reservoir and lines immediately.
My vibration is causing issues,brake_disc_damage,"disc, rotor, warped, vibration",Brake disc/rotor may be damaged. Inspect and replace if warped.
My disc is causing issues,brake_disc_damage,"disc, rotor, warped, vibration",Brake disc/rotor may be damaged. Inspect and replace if warped.
The imbalance problem keeps happening,uneven_brake_force,"pulling side, uneven brake, caliper, imbalance",Uneven brake force. Inspect calipers and brake fluid distribution.
Car shows hot brakes during braking,brake_overheating,"overheat, smell, hot brakes, fade","Brakes overheating. Stop safely, let them cool, and avoid aggressive braking."
The dashboard problem keeps happening,brake_system_alert,"warning light, dashboard, ABS, alert",Brake system alert. Check fluid level and ABS sensors.
Car shows squeal during braking,brake_pad_wear,"brake pad, squeal, worn pad, grinding",Brake pads are worn. Replace pads to restore safe braking.
My fluid leak is causing issues,brake_fluid_leak,"brake fluid, fluid leak, pedal floor, low fluid",Brake fluid may be leaking. Check reservoir and lines immediately.
I hear overheat when braking,brake_overheating,"overheat, smell, hot brakes, fade","Brakes overheating. Stop safely, let them cool, and avoid aggressive braking."
"Brake feels strange, maybe fluid leak",brake_fluid_leak,"brake fluid, fluid leak, pedal floor, low fluid",Brake fluid may be leaking. Check reservoir and lines immediately.
My brake fluid is causing issues,brake_fluid_leak,"brake fluid, fluid leak, pedal floor, low fluid",Brake fluid may be leaking. Check reservoir and lines immediately.
I hear soft brake when braking,air_in_brake_lines,"spongy pedal, air lines, soft brake, bleed brakes",Air in brake lines. Bleed brakes to restore firmness.
I hear rotor when braking,brake_disc_damage,"disc, rotor, warped, vibration",Brake disc/rotor may be damaged. Inspect and replace if warped.
The bleed brakes problem keeps happening,air_in_brake_lines,"spongy pedal, air lines, soft brake, bleed brakes",Air in brake lines. Bleed brakes to restore firmness.
The brake fluid problem keeps happening,brake_fluid_leak,"brake fluid, fluid leak, pedal floor, low fluid",Brake fluid may be leaking. Check reservoir and lines immediately.
I hear warped when braking,brake_disc_damage,"disc, rotor, warped, vibration",Brake disc/rotor may be damaged. Inspect and replace if warped.
Car shows warped during braking,brake_disc_damage,"disc, rotor, warped, vibration",Brake disc/rotor may be damaged. Inspect and replace if warped.
I hear brake pad when braking,brake_pad_wear,"brake pad, squeal, worn pad, grinding",Brake pads are worn. Replace pads to restore safe braking.
I hear grinding when braking,brake_pad_wear,"brake pad, squeal, worn pad, grinding",Brake pads are worn. Replace pads to restore safe braking.
My brake fluid is causing issues,brake_fluid_leak,"brake fluid, fluid leak, pedal floor, low fluid",Brake fluid may be leaking. Check reservoir and lines immediately.
I hear bleed brakes when braking,air_in_brake_lines,"spongy pedal, air lines, soft brake, bleed brakes",Air in brake lines. Bleed brakes to restore firmness.
Why is my hot brakes acting up?,brake_overheating,"overheat, smell, hot brakes, fade","Brakes overheating. Stop safely, let them cool, and avoid aggressive braking."
Car shows squeal during braking,brake_pad_wear,"brake pad, squeal, worn pad, grinding",Brake pads are worn. Replace pads to restore safe braking.
My pedal floor is causing issues,brake_fluid_leak,"brake fluid, fluid leak, pedal floor, low fluid",Brake fluid may be leaking. Check reservoir and lines immediately.
My fade is causing issues,brake_overheating,"overheat, smell, hot brakes, fade","Brakes overheating. Stop safely, let them cool, and avoid aggressive braking."
I hear warning light when braking,brake_system_alert,"warning light, dashboard, ABS, alert",Brake system alert. Check fluid level and ABS sensors.
I hear spongy pedal when braking,air_in_brake_lines,"spongy pedal, air lines, soft brake, bleed brakes",Air in brake lines. Bleed brakes to restore firmness.
My worn pad is causing issues,brake_pad_wear,"brake pad, squeal, worn pad, grinding",Brake pads are worn. Replace pads to restore safe braking.
"Brake feels strange, maybe brake pad",brake_pad_wear,"brake pad, squeal, worn pad, grinding",Brake pads are worn. Replace pads to restore safe braking.
Why is my ABS acting up?,brake_system_alert,"warning light, dashboard, ABS, alert",Brake system alert. Check fluid level and ABS sensors.
I hear fade when braking,brake_overheating,"overheat, smell, hot brakes, fade","Brakes overheating. Stop safely, let them cool, and avoid aggressive braking."
Why is my dashboard acting up?,brake_system_alert,"warning light, dashboard, ABS, alert",Brake system alert. Check fluid level and ABS sensors.
My warped is causing issues,brake_disc_damage,"disc, rotor, warped, vibration",Brake disc/rotor may be damaged. Inspect and replace if warped.
My vibration is causing issues,brake_disc_damage,"disc, rotor, warped, vibration",Brake disc/rotor may be damaged. Inspect and replace if warped.
The bleed brakes problem keeps happening,air_in_brake_lines,"spongy pedal, air lines, soft brake, bleed brakes",Air in brake lines. Bleed brakes to restore firmness.
Car shows brake pad during braking,brake_pad_wear,"brake pad, squeal, worn pad, grinding",Brake pads are worn. Replace pads to restore safe braking.
Car shows fade during braking,brake_overheating,"overheat, smell, hot brakes, fade","Brakes overheating. Stop safely, let them cool, and avoid aggressive braking."
Car shows pulling side during braking,uneven_brake_force,"pulling side, uneven brake, caliper, imbalance",Uneven brake force. Inspect calipers and brake fluid distribution.
The brake fluid problem keeps happening,brake_fluid_leak,"brake fluid, fluid leak, pedal floor, low fluid",Brake fluid may be leaking. Check reservoir and lines immediately.
My disc is causing issues,brake_disc_damage,"disc, rotor, warped, vibration",Brake disc/rotor may be damaged. Inspect and replace if warped.
"Brake feels strange, maybe pedal floor",brake_fluid_leak,"brake fluid, fluid leak, pedal floor, low fluid",Brake fluid may be leaking. Check reservoir and lines immediately.
"Brake feels strange, maybe rotor",brake_disc_damage,"disc, rotor, warped, vibration",Brake disc/rotor may be damaged. Inspect and replace if warped.
I hear uneven brake when braking,uneven_brake_force,"pulling side, uneven brake, caliper, imbalance",Uneven brake force. Inspect calipers and brake fluid distribution.
My fade is causing issues,brake_overheating,"overheat, smell, hot brakes, fade","Brakes overheating. Stop safely, let them cool, and avoid aggressive braking."
Why is my disc acting up?,brake_disc_damage,"disc, rotor, warped, vibration",Brake disc/rotor may be damaged. Inspect and replace if warped.
I hear alert when braking,brake_system_alert,"warning light, dashboard, ABS, alert",Brake system alert. Check fluid level and ABS sensors.
"Brake feels strange, maybe brake fluid",brake_fluid_leak,"brake fluid, fluid leak, pedal floor, low fluid",Brake fluid may be leaking. Check reservoir and lines immediately.
The spongy pedal problem keeps happening,air_in_brake_lines,"spongy pedal, air lines, soft brake, bleed brakes",Air in brake lines. Bleed brakes to restore firmness.
Why is my fluid leak acting up?,brake_fluid_leak,"brake fluid, fluid leak, pedal floor, low fluid",Brake fluid may be leaking. Check reservoir and lines immediately.
Why is my ABS acting up?,brake_system_alert,"warning light, dashboard, ABS, alert",Brake system alert. Check fluid level and ABS sensors.
I hear overheat when braking,brake_overheating,"overheat, smell, hot brakes, fade","Brakes overheating. Stop safely, let them cool, and avoid aggressive braking."
"Brake feels strange, maybe warning light",brake_system_alert,"warning light, dashboard, ABS, alert",Brake system alert. Check fluid level and ABS sensors.
The spongy pedal problem keeps happening,air_in_brake_lines,"spongy pedal, air lines, soft brake, bleed brakes",Air in brake lines. Bleed brakes to restore firmness.
I hear ABS when braking,brake_system_alert,"warning light, dashboard, ABS, alert",Brake system alert. Check fluid level and ABS sensors.
Why is my air lines acting up?,air_in_brake_lines,"spongy pedal, air lines, soft brake, bleed brakes",Air in brake lines. Bleed brakes to restore firmness.
Why is my hot brakes acting up?,brake_overheating,"overheat, smell, hot brakes, fade","Brakes overheating. Stop safely, let them cool, and avoid aggressive braking."
The air lines problem keeps happening,air_in_brake_lines,"spongy pedal, air lines, soft brake, bleed brakes",Air in brake lines. Bleed brakes to restore firmness.
The vibration problem keeps happening,brake_disc_damage,"disc, rotor, warped, vibration",Brake disc/rotor may be damaged. Inspect and replace if warped.
Car shows dashboard during braking,brake_system_alert,"warning light, dashboard, ABS, alert",Brake system alert. Check fluid level and ABS sensors.
I hear warning light when braking,brake_system_alert,"warning light, dashboard, ABS, alert",Brake system alert. Check fluid level and ABS sensors.
My ABS is causing issues,brake_system_alert,"warning light, dashboard, ABS, alert",Brake system alert. Check fluid level and ABS sensors.
Why is my brake fluid acting up?,brake_fluid_leak,"brake fluid, fluid leak, pedal floor, low fluid",Brake fluid may be leaking. Check reservoir and lines immediately.
Why is my pedal floor acting up?,brake_fluid_leak,"brake fluid, fluid leak, pedal floor, low fluid",Brake fluid may be leaking. Check reservoir and lines immediately.
Car shows warped during braking,brake_disc_damage,"disc, rotor, warped, vibration",Brake disc/rotor may be damaged. Inspect and replace if warped.
My low fluid is causing issues,brake_fluid_leak,"brake fluid, fluid leak, pedal floor, low fluid",Brake fluid may be leaking. Check reservoir and lines immediately.
The bleed brakes problem keeps happening,air_in_brake_lines,"spongy pedal, air lines, soft brake, bleed brakes",Air in brake lines. Bleed brakes to restore firmness.
"Brake feels strange, maybe low fluid",brake_fluid_leak,"brake fluid, fluid leak, pedal floor, low fluid",Brake fluid may be leaking. Check reservoir and lines immediately.
Car shows caliper during braking,uneven_brake_force,"pulling side, uneven brake, caliper, imbalance",Uneven brake force. Inspect calipers and brake fluid distribution.
The imbalance problem keeps happening,uneven_brake_force,"pulling side, uneven brake, caliper, imbalance",Uneven brake force. Inspect calipers and brake fluid distribution.
I hear grinding when braking,brake_pad_wear,"brake pad, squeal, worn pad, grinding",Brake pads are worn. Replace pads to restore safe braking.
"Brake feels strange, maybe brake fluid",brake_fluid_leak,"brake fluid, fluid leak, pedal floor, low fluid",Brake fluid may be leaking. Check reservoir and lines immediately.
"Brake feels strange, maybe bleed brakes",air_in_brake_lines,"spongy pedal, air lines, soft brake, bleed brakes",Air in brake lines. Bleed brakes to restore firmness.
The vibration problem keeps happening,brake_disc_damage,"disc, rotor, warped, vibration",Brake disc/rotor may be damaged. Inspect and replace if warped.
Why is my overheat acting up?,brake_overheating,"overheat, smell, hot brakes, fade","Brakes overheating. Stop safely, let them cool, and avoid aggressive braking."
My alert is causing issues,brake_system_alert,"warning light, dashboard, ABS, alert",Brake system alert. Check fluid level and ABS sensors.
"Brake feels strange, maybe warped",brake_disc_damage,"disc, rotor, warped, vibration",Brake disc/rotor may be damaged. Inspect and replace if warped.
Why is my caliper acting up?,uneven_brake_force,"pulling side, uneven brake, caliper, imbalance",Uneven brake force. Inspect calipers and brake fluid distribution.
Why is my hot brakes acting up?,brake_overheating,"overheat, smell, hot brakes, fade","Brakes overheating. Stop safely, let them cool, and avoid aggressive braking."
"Brake feels strange, maybe alert",brake_system_alert,"warning light, dashboard, ABS, alert",Brake system alert. Check fluid level and ABS sensors.
The worn pad problem keeps happening,brake_pad_wear,"brake pad, squeal, worn pad, grinding",Brake pads are worn. Replace pads to restore safe braking.
Car shows vibration during braking,brake_disc_damage,"disc, rotor, warped, vibration",Brake disc/rotor may be damaged. Inspect and replace if warped.
The warped problem keeps happening,brake_disc_damage,"disc, rotor, warped, vibration",Brake disc/rotor may be damaged. Inspect and replace if warped.
"Brake feels strange, maybe rotor",brake_disc_damage,"disc, rotor, warped, vibration",Brake disc/rotor may be damaged. Inspect and replace if warped.
I hear uneven brake when braking,uneven_brake_force,"pulling side, uneven brake, caliper, imbalance",Uneven brake force. Inspect calipers and brake fluid distribution.
The rotor problem keeps happening,brake_disc_damage,"disc, rotor, warped, vibration",Brake disc/rotor may be damaged. Inspect and replace if warped.
Car shows fade during braking,brake_overheating,"overheat, smell, hot brakes, fade","Brakes overheating. Stop safely, let them cool, and avoid aggressive braking."
"Brake feels strange, maybe imbalance",uneven_brake_force,"pulling side, uneven brake, caliper, imbalance",Uneven brake force. Inspect calipers and brake fluid distribution.
My grinding is causing issues,brake_pad_wear,"brake pad, squeal, worn pad, grinding",Brake pads are worn. Replace pads to restore safe braking.
Car shows warning light during braking,brake_system_alert,"warning light, dashboard, ABS, alert",Brake system alert. Check fluid level and ABS sensors.
"Brake feels strange, maybe vibration",brake_disc_damage,"disc, rotor, warped, vibration",Brake disc/rotor may be damaged. Inspect and replace if warped.
"Brake feels strange, maybe vibration",brake_disc_damage,"disc, rotor, warped, vibration",Brake disc/rotor may be damaged. Inspect and replace if warped.
The fluid leak problem keeps happening,brake_fluid_leak,"brake fluid, fluid leak, pedal floor, low fluid",Brake fluid may be leaking. Check reservoir and lines immediately.
Car shows overheat during braking,brake_overheating,"overheat, smell, hot brakes, fade","Brakes overheating. Stop safely, let them cool, and avoid aggressive braking."
Car shows dashboard during braking,brake_system_alert,"warning light, dashboard, ABS, alert",Brake system alert. Check fluid level and ABS sensors.
The alert problem keeps happening,brake_system_alert,"warning light, dashboard, ABS, alert",Brake system alert. Check fluid level and ABS sensors.
"Brake feels strange, maybe soft brake",air_in_brake_lines,"spongy pedal, air lines, soft brake, bleed brakes",Air in brake lines. Bleed brakes to restore firmness.
My alert is causing issues,brake_system_alert,"warning light, dashboard, ABS, alert",Brake system alert. Check fluid level and ABS sensors.
Car shows fluid leak during braking,brake_fluid_leak,"brake fluid, fluid leak, pedal floor, low fluid",Brake fluid may be leaking. Check reservoir and lines immediately.
I hear spongy pedal when braking,air_in_brake_lines,"spongy pedal, air lines, soft brake, bleed brakes",Air in brake lines. Bleed brakes to restore firmness.
"Brake feels strange, maybe caliper",uneven_brake_force,"pulling side, uneven brake, caliper, imbalance",Uneven brake force. Inspect calipers and brake fluid distribution.
My rotor is causing issues,brake_disc_damage,"disc, rotor, warped, vibration",Brake disc/rotor may be damaged. Inspect and replace if warped.
"Brake feels strange, maybe air lines",air_in_brake_lines,"spongy pedal, air lines, soft brake, bleed brakes",Air in brake lines. Bleed brakes to restore firmness.
Car shows ABS during braking,brake_system_alert,"warning light, dashboard, ABS, alert",Brake system alert. Check fluid level and ABS sensors.
The bleed brakes problem keeps happening,air_in_brake_lines,"spongy pedal, air lines, soft brake, bleed brakes",Air in brake lines. Bleed brakes to restore firmness.
I hear soft brake when braking,air_in_brake_lines,"spongy pedal, air lines, soft brake, bleed brakes",Air in brake lines. Bleed brakes to restore firmness.
The rotor problem keeps happening,brake_disc_damage,"disc, rotor, warped, vibration",Brake disc/rotor may be damaged. Inspect and replace if warped.
"Brake feels strange, maybe grinding",brake_pad_wear,"brake pad, squeal, worn pad, grinding",Brake pads are worn. Replace pads to restore safe braking.
Why is my imbalance acting up?,uneven_brake_force,"pulling side, uneven brake, caliper, imbalance",Uneven brake force. Inspect calipers and brake fluid distribution.
Car shows hot brakes during braking,brake_overheating,"overheat, smell, hot brakes, fade","Brakes overheating. Stop safely, let them cool, and avoid aggressive braking."
Car shows fluid leak during braking,brake_fluid_leak,"brake fluid, fluid leak, pedal floor, low fluid",Brake fluid may be leaking. Check reservoir and lines immediately.
I hear warped when braking,brake_disc_damage,"disc, rotor, warped, vibration",Brake disc/rotor may be damaged. Inspect and replace if warped.
I hear pulling side when braking,uneven_brake_force,"pulling side, uneven brake, caliper, imbalance",Uneven brake force. Inspect calipers and brake fluid distribution.
Why is my brake fluid acting up?,brake_fluid_leak,"brake fluid, fluid leak, pedal floor, low fluid",Brake fluid may be leaking. Check reservoir and lines immediately.
I hear pedal floor when braking,brake_fluid_leak,"brake fluid, fluid leak, pedal floor, low fluid",Brake fluid may be leaking. Check reservoir and lines immediately.
I hear pulling side when braking,uneven_brake_force,"pulling side, uneven brake, caliper, imbalance",Uneven brake force. Inspect calipers and brake fluid distribution.
I hear brake pad when braking,brake_pad_wear,"brake pad, squeal, worn pad, grinding",Brake pads are worn. Replace pads to restore safe braking.
Car shows vibration during braking,brake_disc_damage,"disc, rotor, warped, vibration",Brake disc/rotor may be damaged. Inspect and replace if warped.
My warped is causing issues,brake_disc_damage,"disc, rotor, warped, vibration",Brake disc/rotor may be damaged. Inspect and replace if warped.
My bleed brakes is causing issues,air_in_brake_lines,"spongy pedal, air lines, soft brake, bleed brakes",Air in brake lines. Bleed brakes to restore firmness.
I hear alert when braking,brake_system_alert,"warning light, dashboard, ABS, alert",Brake system alert. Check fluid level and ABS sensors.
Car shows fade during braking,brake_overheating,"overheat, smell, hot brakes, fade","Brakes overheating. Stop safely, let them cool, and avoid aggressive braking."
Why is my disc acting up?,brake_disc_damage,"disc, rotor, warped, vibration",Brake disc/rotor may be damaged. Inspect and replace if warped.
Why is my brake fluid acting up?,brake_fluid_leak,"brake fluid, fluid leak, pedal floor, low fluid",Brake fluid may be leaking. Check reservoir and lines immediately.
Car shows vibration during braking,brake_disc_damage,"disc, rotor, warped, vibration",Brake disc/rotor may be damaged. Inspect and replace if warped.
The hot brakes problem keeps happening,brake_overheating,"overheat, smell, hot brakes, fade","Brakes overheating. Stop safely, let them cool, and avoid aggressive braking."
"Brake feels strange, maybe brake pad",brake_pad_wear,"brake pad, squeal, worn pad, grinding",Brake pads are worn. Replace pads to restore safe braking.
Why is my alert acting up?,brake_system_alert,"warning light, dashboard, ABS, alert",Brake system alert. Check fluid level and ABS sensors.
Car shows fluid leak during braking,brake_fluid_leak,"brake fluid, fluid leak, pedal floor, low fluid",Brake fluid may be leaking. Check reservoir and lines immediately.
My dashboard is causing issues,brake_system_alert,"warning light, dashboard, ABS, alert",Brake system alert. Check fluid level and ABS sensors.
The fade problem keeps happening,brake_overheating,"overheat, smell, hot brakes, fade","Brakes overheating. Stop safely, let them cool, and avoid aggressive braking."
"Brake feels strange, maybe alert",brake_system_alert,"warning light, dashboard, ABS, alert",Brake system alert. Check fluid level and ABS sensors.
I hear warped when braking,brake_disc_damage,"disc, rotor, warped, vibration",Brake disc/rotor may be damaged. Inspect and replace if warped.
"Brake feels strange, maybe vibration",brake_disc_damage,"disc, rotor, warped, vibration",Brake disc/rotor may be damaged. Inspect and replace if warped.
My soft brake is causing issues,air_in_brake_lines,"spongy pedal, air lines, soft brake, bleed brakes",Air in brake lines. Bleed brakes to restore firmness.
I hear low fluid when braking,brake_fluid_leak,"brake fluid, fluid leak, pedal floor, low fluid",Brake fluid may be leaking. Check reservoir and lines immediately.
Car shows low fluid during braking,brake_fluid_leak,"brake fluid, fluid leak, pedal floor, low fluid",Brake fluid may be leaking. Check reservoir and lines immediately.
Car shows grinding during braking,brake_pad_wear,"brake pad, squeal, worn pad, grinding",Brake pads are worn. Replace pads to restore safe braking.
"Brake feels strange, maybe low fluid",brake_fluid_leak,"brake fluid, fluid leak, pedal floor, low fluid",Brake fluid may be leaking. Check reservoir and lines immediately.
"Brake feels strange, maybe warning light",brake_system_alert,"warning light, dashboard, ABS, alert",Brake system alert. Check fluid level and ABS sensors.
Why is my alert acting up?,brake_system_alert,"warning light, dashboard, ABS, alert",Brake system alert. Check fluid level and ABS sensors.
I hear caliper when braking,uneven_brake_force,"pulling side, uneven brake, caliper, imbalance",Uneven brake force. Inspect calipers and brake fluid distribution.
Why is my bleed brakes acting up?,air_in_brake_lines,"spongy pedal, air lines, soft brake, bleed brakes",Air in brake lines. Bleed brakes to restore firmness.
Why is my warped acting up?,brake_disc_damage,"disc, rotor, warped, vibration",Brake disc/rotor may be damaged. Inspect and replace if warped.
"Brake feels strange, maybe grinding",brake_pad_wear,"brake pad, squeal, worn pad, grinding",Brake pads are worn. Replace pads to restore safe braking.
Why is my alert acting up?,brake_system_alert,"warning light, dashboard, ABS, alert",Brake system alert. Check fluid level and ABS sensors.
Car shows disc during braking,brake_disc_damage,"disc, rotor, warped, vibration",Brake disc/rotor may be damaged. Inspect and replace if warped.
The pulling side problem keeps happening,uneven_brake_force,"pulling side, uneven brake, caliper, imbalance",Uneven brake force. Inspect calipers and brake fluid distribution.
I hear hot brakes when braking,brake_overheating,"overheat, smell, hot brakes, fade","Brakes overheating. Stop safely, let them cool, and avoid aggressive braking."
Car shows dashboard during braking,brake_system_alert,"warning light, dashboard, ABS, alert",Brake system alert. Check fluid level and ABS sensors.
My caliper is causing issues,uneven_brake_force,"pulling side, uneven brake, caliper, imbalance",Uneven brake force. Inspect calipers and brake fluid distribution.
My rotor is causing issues,brake_disc_damage,"disc, rotor, warped, vibration",Brake disc/rotor may be damaged. Inspect and replace if warped.
Car shows air lines during braking,air_in_brake_lines,"spongy pedal, air lines, soft brake, bleed brakes",Air in brake lines. Bleed brakes to restore firmness.
The warped problem keeps happening,brake_disc_damage,"disc, rotor, warped, vibration",Brake disc/rotor may be damaged. Inspect and replace if warped.
My warped is causing issues,brake_disc_damage,"disc, rotor, warped, vibration",Brake disc/rotor may be damaged. Inspect and replace if warped.
Car shows overheat during braking,brake_overheating,"overheat, smell, hot brakes, fade","Brakes overheating. Stop safely, let them cool, and avoid aggressive braking."
Car shows alert during braking,brake_system_alert,"warning light, dashboard, ABS, alert",Brake system alert. Check fluid level and ABS sensors.
The alert problem keeps happening,brake_system_alert,"warning light, dashboard, ABS, alert",Brake system alert. Check fluid level and ABS sensors.
"Brake feels strange, maybe fluid leak",brake_fluid_leak,"brake fluid, fluid leak, pedal floor, low fluid",Brake fluid may be leaking. Check reservoir and lines immediately.
My smell is causing issues,brake_overheating,"overheat, smell, hot brakes, fade","Brakes overheating. Stop safely, let them cool, and avoid aggressive braking."
My fluid leak is causing issues,brake_fluid_leak,"brake fluid, fluid leak, pedal floor, low fluid",Brake fluid may be leaking. Check reservoir and lines immediately.
Why is my dashboard acting up?,brake_system_alert,"warning light, dashboard, ABS, alert",Brake system alert. Check fluid level and ABS sensors.
I hear rotor when braking,brake_disc_damage,"disc, rotor, warped, vibration",Brake disc/rotor may be damaged. Inspect and replace if warped.
"Brake feels strange, maybe imbalance",uneven_brake_force,"pulling side, uneven brake, caliper, imbalance",Uneven brake force. Inspect calipers and brake fluid distribution.
I hear disc when braking,brake_disc_damage,"disc, rotor, warped, vibration",Brake disc/rotor may be damaged. Inspect and replace if warped.
Car shows rotor during braking,brake_disc_damage,"disc, rotor, warped, vibration",Brake disc/rotor may be damaged. Inspect and replace if warped.
"Brake feels strange, maybe fade",brake_overheating,"overheat, smell, hot brakes, fade","Brakes overheating. Stop safely, let them cool, and avoid aggressive braking."
"Brake feels strange, maybe squeal",brake_pad_wear,"brake pad, squeal, worn pad, grinding",Brake pads are worn. Replace pads to restore safe braking.
Why is my worn pad acting up?,brake_pad_wear,"brake pad, squeal, worn pad, grinding",Brake pads are worn. Replace pads to restore safe braking.
Why is my grinding acting up?,brake_pad_wear,"brake pad, squeal, worn pad, grinding",Brake pads are worn. Replace pads to restore safe braking.
My brake fluid is causing issues,brake_fluid_leak,"brake fluid, fluid leak, pedal floor, low fluid",Brake fluid may be leaking. Check reservoir and lines immediately.
Car shows warning light during braking,brake_system_alert,"warning light, dashboard, ABS, alert",Brake system alert. Check fluid level and ABS sensors.
My dashboard is causing issues,brake_system_alert,"warning light, dashboard, ABS, alert",Brake system alert. Check fluid level and ABS sensors.
I hear air lines when braking,air_in_brake_lines,"spongy pedal, air lines, soft brake, bleed brakes",Air in brake lines. Bleed brakes to restore firmness.
My ABS is causing issues,brake_system_alert,"warning light, dashboard, ABS, alert",Brake system alert. Check fluid level and ABS sensors.
My warped is causing issues,brake_disc_damage,"disc, rotor, warped, vibration",Brake disc/rotor may be damaged. Inspect and replace if warped.
The disc problem keeps happening,brake_disc_damage,"disc, rotor, warped, vibration",Brake disc/rotor may be damaged. Inspect and replace if warped.
My imbalance is causing issues,uneven_brake_force,"pulling side, uneven brake, caliper, imbalance",Uneven brake force. Inspect calipers and brake fluid distribution.
My fluid leak is causing issues,brake_fluid_leak,"brake fluid, fluid leak, pedal floor, low fluid",Brake fluid may be leaking. Check reservoir and lines immediately.
Why is my smell acting up?,brake_overheating,"overheat, smell, hot brakes, fade","Brakes overheating. Stop safely, let them cool, and avoid aggressive braking."
My soft brake is causing issues,air_in_brake_lines,"spongy pedal, air lines, soft brake, bleed brakes",Air in brake lines. Bleed brakes to restore firmness.
I hear vibration when braking,brake_disc_damage,"disc, rotor, warped, vibration",Brake disc/rotor may be damaged. Inspect and replace if warped.
Why is my caliper acting up?,uneven_brake_force,"pulling side, uneven brake, caliper, imbalance",Uneven brake force. Inspect calipers and brake fluid distribution.
I hear brake pad when braking,brake_pad_wear,"brake pad, squeal, worn pad, grinding",Brake pads are worn. Replace pads to restore safe braking.
My dashboard is causing issues,brake_system_alert,"warning light, dashboard, ABS, alert",Brake system alert. Check fluid level and ABS sensors.
I hear soft brake when braking,air_in_brake_lines,"spongy pedal, air lines, soft brake, bleed brakes",Air in brake lines. Bleed brakes to restore firmness.
Why is my smell acting up?,brake_overheating,"overheat, smell, hot brakes, fade","Brakes overheating. Stop safely, let them cool, and avoid aggressive braking."
Car shows rotor during braking,brake_disc_damage,"disc, rotor, warped, vibration",Brake disc/rotor may be damaged. Inspect and replace if warped.
"Brake feels strange, maybe squeal",brake_pad_wear,"brake pad, squeal, worn pad, grinding",Brake pads are worn. Replace pads to restore safe braking.
Car shows warped during braking,brake_disc_damage,"disc, rotor, warped, vibration",Brake disc/rotor may be damaged. Inspect and replace if warped.
Why is my brake fluid acting up?,brake_fluid_leak,"brake fluid, fluid leak, pedal floor, low fluid",Brake fluid may be leaking. Check reservoir and lines immediately.
Why is my vibration acting up?,brake_disc_damage,"disc, rotor, warped, vibration",Brake disc/rotor may be damaged. Inspect and replace if warped.
My warped is causing issues,brake_disc_damage,"disc, rotor, warped, vibration",Brake disc/rotor may be damaged. Inspect and replace if warped.
"Brake feels strange, maybe low fluid",brake_fluid_leak,"brake fluid, fluid leak, pedal floor, low fluid",Brake fluid may be leaking. Check reservoir and lines immediately.
Car shows squeal during braking,brake_pad_wear,"brake pad, squeal, worn pad, grinding",Brake pads are worn. Replace pads to restore safe braking.
"Brake feels strange, maybe squeal",brake_pad_wear,"brake pad, squeal, worn pad, grinding",Brake pads are worn. Replace pads to restore safe braking.
Why is my dashboard acting up?,brake_system_alert,"warning light, dashboard, ABS, alert",Brake system alert. Check fluid level and ABS sensors.
My worn pad is causing issues,brake_pad_wear,"brake pad, squeal, worn pad, grinding",Brake pads are worn. Replace pads to restore safe braking.
I hear smell when braking,brake_overheating,"overheat, smell, hot brakes, fade","Brakes overheating. Stop safely, let them cool, and avoid aggressive braking."
Car shows vibration during braking,brake_disc_damage,"disc, rotor, warped, vibration",Brake disc/rotor may be damaged. Inspect and replace if warped.
The overheat problem keeps happening,brake_overheating,"overheat, smell, hot brakes, fade","Brakes overheating. Stop safely, let them cool, and avoid aggressive braking."
Why is my pedal floor acting up?,brake_fluid_leak,"brake fluid, fluid leak, pedal floor, low fluid",Brake fluid may be leaking. Check reservoir and lines immediately.
"Brake feels strange, maybe warped",brake_disc_damage,"disc, rotor, warped, vibration",Brake disc/rotor may be damaged. Inspect and replace if warped.
Why is my uneven brake acting up?,uneven_brake_force,"pulling side, uneven brake, caliper, imbalance",Uneven brake force. Inspect calipers and brake fluid distribution.
Why is my worn pad acting up?,brake_pad_wear,"brake pad, squeal, worn pad, grinding",Brake pads are worn. Replace pads to restore safe braking.
My fluid leak is causing issues,brake_fluid_leak,"brake fluid, fluid leak, pedal floor, low fluid",Brake fluid may be leaking. Check reservoir and lines immediately.
Car shows brake pad during braking,brake_pad_wear,"brake pad, squeal, worn pad, grinding",Brake pads are worn. Replace pads to restore safe braking.
I hear warped when braking,brake_disc_damage,"disc, rotor, warped, vibration",Brake disc/rotor may be damaged. Inspect and replace if warped.
My smell is causing issues,brake_overheating,"overheat, smell, hot brakes, fade","Brakes overheating. Stop safely, let them cool, and avoid aggressive braking."
The rotor problem keeps happening,brake_disc_damage,"disc, rotor, warped, vibration",Brake disc/rotor may be damaged. Inspect and replace if warped.
My worn pad is causing issues,brake_pad_wear,"brake pad, squeal, worn pad, grinding",Brake pads are worn. Replace pads to restore safe braking.
My caliper is causing issues,uneven_brake_force,"pulling side, uneven brake, caliper, imbalance",Uneven brake force. Inspect calipers and brake fluid distribution.
I hear rotor when braking,brake_disc_damage,"disc, rotor, warped, vibration",Brake disc/rotor may be damaged. Inspect and replace if warped.
Why is my bleed brakes acting up?,air_in_brake_lines,"spongy pedal, air lines, soft brake, bleed brakes",Air in brake lines. Bleed brakes to restore firmness.
The overheat problem keeps happening,brake_overheating,"overheat, smell, hot brakes, fade","Brakes overheating. Stop safely, let them cool, and avoid aggressive braking."
The spongy pedal problem keeps happening,air_in_brake_lines,"spongy pedal, air lines, soft brake, bleed brakes",Air in brake lines. Bleed brakes to restore firmness.
The vibration problem keeps happening,brake_disc_damage,"disc, rotor, warped, vibration",Brake disc/rotor may be damaged. Inspect and replace if warped.
Car shows grinding during braking,brake_pad_wear,"brake pad, squeal, worn pad, grinding",Brake pads are worn. Replace pads to restore safe braking.
Why is my low fluid acting up?,brake_fluid_leak,"brake fluid, fluid leak, pedal floor, low fluid",Brake fluid may be leaking. Check reservoir and lines immediately.
I hear disc when braking,brake_disc_damage,"disc, rotor, warped, vibration",Brake disc/rotor may be damaged. Inspect and replace if warped.
Why is my smell acting up?,brake_overheating,"overheat, smell, hot brakes, fade","Brakes overheating. Stop safely, let them cool, and avoid aggressive braking."
Why is my air lines acting up?,air_in_brake_lines,"spongy pedal, air lines, soft brake, bleed brakes",Air in brake lines. Bleed brakes to restore firmness.
Car shows disc during braking,brake_disc_damage,"disc, rotor, warped, vibration",Brake disc/rotor may be damaged. Inspect and replace if warped.
I hear warped when braking,brake_disc_damage,"disc, rotor, warped, vibration",Brake disc/rotor may be damaged. Inspect and replace if warped.
Why is my brake fluid acting up?,brake_fluid_leak,"brake fluid, fluid leak, pedal floor, low fluid",Brake fluid may be leaking. Check reservoir and lines immediately.
Why is my uneven brake acting up?,uneven_brake_force,"pulling side, uneven brake, caliper, imbalance",Uneven brake force. Inspect calipers and brake fluid distribution.
Why is my low fluid acting up?,brake_fluid_leak,"brake fluid, fluid leak, pedal floor, low fluid",Brake fluid may be leaking. Check reservoir and lines immediately.
The vibration problem keeps happening,brake_disc_damage,"disc, rotor, warped, vibration",Brake disc/rotor may be damaged. Inspect and replace if warped.
My caliper is causing issues,uneven_brake_force,"pulling side, uneven brake, caliper, imbalance",Uneven brake force. Inspect calipers and brake fluid distribution.
The overheat problem keeps happening,brake_overheating,"overheat, smell, hot brakes, fade","Brakes overheating. Stop safely, let them cool, and avoid aggressive braking."
My pedal floor is causing issues,brake_fluid_leak,"brake fluid, fluid leak, pedal floor, low fluid",Brake fluid may be leaking. Check reservoir and lines immediately.
Why is my squeal acting up?,brake_pad_wear,"brake pad, squeal, worn pad, grinding",Brake pads are worn. Replace pads to restore safe braking.
Why is my caliper acting up?,uneven_brake_force,"pulling side, uneven brake, caliper, imbalance",Uneven brake force. Inspect calipers and brake fluid distribution.
Car shows disc during braking,brake_disc_damage,"disc, rotor, warped, vibration",Brake disc/rotor may be damaged. Inspect and replace if warped.
Why is my worn pad acting up?,brake_pad_wear,"brake pad, squeal, worn pad, grinding",Brake pads are worn. Replace pads to restore safe braking.
Why is my disc acting up?,brake_disc_damage,"disc, rotor, warped, vibration",Brake disc/rotor may be damaged. Inspect and replace if warped.
Why is my disc acting up?,brake_disc_damage,"disc, rotor, warped, vibration",Brake disc/rotor may be damaged. Inspect and replace if warped.
My alert is causing issues,brake_system_alert,"warning light, dashboard, ABS, alert",Brake system alert. Check fluid level and ABS sensors.
I hear disc when braking,brake_disc_damage,"disc, rotor, warped, vibration",Brake disc/rotor may be damaged. Inspect and replace if warped.
"Brake feels strange, maybe uneven brake",uneven_brake_force,"pulling side, uneven brake, caliper, imbalance",Uneven brake force. Inspect calipers and brake fluid distribution.
Car shows spongy pedal during braking,air_in_brake_lines,"spongy pedal, air lines, soft brake, bleed brakes",Air in brake lines. Bleed brakes to restore firmness.
My smell is causing issues,brake_overheating,"overheat, smell, hot brakes, fade","Brakes overheating. Stop safely, let them cool, and avoid aggressive braking."
Car shows pulling side during braking,uneven_brake_force,"pulling side, uneven brake, caliper, imbalance",Uneven brake force. Inspect calipers and brake fluid distribution.
The rotor problem keeps happening,brake_disc_damage,"disc, rotor, warped, vibration",Brake disc/rotor may be damaged. Inspect and replace if warped.
"Brake feels strange, maybe grinding",brake_pad_wear,"brake pad, squeal, worn pad, grinding",Brake pads are worn. Replace pads to restore safe braking.
Car shows low fluid during braking,brake_fluid_leak,"brake fluid, fluid leak, pedal floor, low fluid",Brake fluid may be leaking. Check reservoir and lines immediately.
Why is my grinding acting up?,brake_pad_wear,"brake pad, squeal, worn pad, grinding",Brake pads are worn. Replace pads to restore safe braking.
My ABS is causing issues,brake_system_alert,"warning light, dashboard, ABS, alert",Brake system alert. Check fluid level and ABS sensors.
The overheat problem keeps happening,brake_overheating,"overheat, smell, hot brakes, fade","Brakes overheating. Stop safely, let them cool, and avoid aggressive braking."
My imbalance is causing issues,uneven_brake_force,"pulling side, uneven brake, caliper, imbalance",Uneven brake force. Inspect calipers and brake fluid distribution.
Why is my spongy pedal acting up?,air_in_brake_lines,"spongy pedal, air lines, soft brake, bleed brakes",Air in brake lines. Bleed brakes to restore firmness.
Why is my warning light acting up?,brake_system_alert,"warning light, dashboard, ABS, alert",Brake system alert. Check fluid level and ABS sensors.
Why is my caliper acting up?,uneven_brake_force,"pulling side, uneven brake, caliper, imbalance",Uneven brake force. Inspect calipers and brake fluid distribution.
Car shows warning light during braking,brake_system_alert,"warning light, dashboard, ABS, alert",Brake system alert. Check fluid level and ABS sensors.
I hear bleed brakes when braking,air_in_brake_lines,"spongy pedal, air lines, soft brake, bleed brakes",Air in brake lines. Bleed brakes to restore firmness.
My uneven brake is causing issues,uneven_brake_force,"pulling side, uneven brake, caliper, imbalance",Uneven brake force. Inspect calipers and brake fluid distribution.
I hear grinding when braking,brake_pad_wear,"brake pad, squeal, worn pad, grinding",Brake pads are worn. Replace pads to restore safe braking.
Car shows fade during braking,brake_overheating,"overheat, smell, hot brakes, fade","Brakes overheating. Stop safely, let them cool, and avoid aggressive braking."
Car shows warning light during braking,brake_system_alert,"warning light, dashboard, ABS, alert",Brake system alert. Check fluid level and ABS sensors.
Car shows bleed brakes during braking,air_in_brake_lines,"spongy pedal, air lines, soft brake, bleed brakes",Air in brake lines. Bleed brakes to restore firmness.
"Brake feels strange, maybe uneven brake",uneven_brake_force,"pulling side, uneven brake, caliper, imbalance",Uneven brake force. Inspect calipers and brake fluid distribution.
"Brake feels strange, maybe low fluid",brake_fluid_leak,"brake fluid, fluid leak, pedal floor, low fluid",Brake fluid may be leaking. Check reservoir and lines immediately.
Why is my bleed brakes acting up?,air_in_brake_lines,"spongy pedal, air lines, soft brake, bleed brakes",Air in brake lines. Bleed brakes to restore firmness.
Car shows brake pad during braking,brake_pad_wear,"brake pad, squeal, worn pad, grinding",Brake pads are worn. Replace pads to restore safe braking.
"Brake feels strange, maybe overheat",brake_overheating,"overheat, smell, hot brakes, fade","Brakes overheating. Stop safely, let them cool, and avoid aggressive braking."
The vibration problem keeps happening,brake_disc_damage,"disc, rotor, warped, vibration",Brake disc/rotor may be damaged. Inspect and replace if warped.
Why is my grinding acting up?,brake_pad_wear,"brake pad, squeal, worn pad, grinding",Brake pads are worn. Replace pads to restore safe braking.
Car shows fluid leak during braking,brake_fluid_leak,"brake fluid, fluid leak, pedal floor, low fluid",Brake fluid may be leaking. Check reservoir and lines immediately.
I hear worn pad when braking,brake_pad_wear,"brake pad, squeal, worn pad, grinding",Brake pads are worn. Replace pads to restore safe braking.
Car shows ABS during braking,brake_system_alert,"warning light, dashboard, ABS, alert",Brake system alert. Check fluid level and ABS sensors.
The squeal problem keeps happening,brake_pad_wear,"brake pad, squeal, worn pad, grinding",Brake pads are worn. Replace pads to restore safe braking.
"Brake feels strange, maybe brake fluid",brake_fluid_leak,"brake fluid, fluid leak, pedal floor, low fluid",Brake fluid may be leaking. Check reservoir and lines immediately.
My pedal floor is causing issues,brake_fluid_leak,"brake fluid, fluid leak, pedal floor, low fluid",Brake fluid may be leaking. Check reservoir and lines immediately.
I hear smell when braking,brake_overheating,"overheat, smell, hot brakes, fade","Brakes overheating. Stop safely, let them cool, and avoid aggressive braking."
Car shows imbalance during braking,uneven_brake_force,"pulling side, uneven brake, caliper, imbalance",Uneven brake force. Inspect calipers and brake fluid distribution.
I hear alert when braking,brake_system_alert,"warning light, dashboard, ABS, alert",Brake system alert. Check fluid level and ABS sensors.
Car shows disc during braking,brake_disc_damage,"disc, rotor, warped, vibration",Brake disc/rotor may be damaged. Inspect and replace if warped.
My brake pad is causing issues,brake_pad_wear,"brake pad, squeal, worn pad, grinding",Brake pads are worn. Replace pads to restore safe braking.
"Brake feels strange, maybe overheat",brake_overheating,"overheat, smell, hot brakes, fade","Brakes overheating. Stop safely, let them cool, and avoid aggressive braking."
I hear imbalance when braking,uneven_brake_force,"pulling side, uneven brake, caliper, imbalance",Uneven brake force. Inspect calipers and brake fluid distribution.
The warped problem keeps happening,brake_disc_damage,"disc, rotor, warped, vibration",Brake disc/rotor may be damaged. Inspect and replace if warped.
Car shows uneven brake during braking,uneven_brake_force,"pulling side, uneven brake, caliper, imbalance",Uneven brake force. Inspect calipers and brake fluid distribution.
"Brake feels strange, maybe bleed brakes",air_in_brake_lines,"spongy pedal, air lines, soft brake, bleed brakes",Air in brake lines. Bleed brakes to restore firmness.
"Brake feels strange, maybe bleed brakes",air_in_brake_lines,"spongy pedal, air lines, soft brake, bleed brakes",Air in brake lines. Bleed brakes to restore firmness.
My brake pad is causing issues,brake_pad_wear,"brake pad, squeal, worn pad, grinding",Brake pads are worn. Replace pads to restore safe braking.
My grinding is causing issues,brake_pad_wear,"brake pad, squeal, worn pad, grinding",Brake pads are worn. Replace pads to restore safe braking.
"Brake feels strange, maybe bleed brakes",air_in_brake_lines,"spongy pedal, air lines, soft brake, bleed brakes",Air in brake lines. Bleed brakes to restore firmness.
My air lines is causing issues,air_in_brake_lines,"spongy pedal, air lines, soft brake, bleed brakes",Air in brake lines. Bleed brakes to restore firmness.
I hear soft brake when braking,air_in_brake_lines,"spongy pedal, air lines, soft brake, bleed brakes",Air in brake lines. Bleed brakes to restore firmness.
Why is my disc acting up?,brake_disc_damage,"disc, rotor, warped, vibration",Brake disc/rotor may be damaged. Inspect and replace if warped.
Car shows rotor during braking,brake_disc_damage,"disc, rotor, warped, vibration",Brake disc/rotor may be damaged. Inspect and replace if warped.
Car shows rotor during braking,brake_disc_damage,"disc, rotor, warped, vibration",Brake disc/rotor may be damaged. Inspect and replace if warped.
"Brake feels strange, maybe ABS",brake_system_alert,"warning light, dashboard, ABS, alert",Brake system alert. Check fluid level and ABS sensors.
Car shows worn pad during braking,brake_pad_wear,"brake pad, squeal, worn pad, grinding",Brake pads are worn. Replace pads to restore safe braking.
Car shows brake fluid during braking,brake_fluid_leak,"brake fluid, fluid leak, pedal floor, low fluid",Brake fluid may be leaking. Check reservoir and lines immediately.
Car shows overheat during braking,brake_overheating,"overheat, smell, hot brakes, fade","Brakes overheating. Stop safely, let them cool, and avoid aggressive braking."
The vibration problem keeps happening,brake_disc_damage,"disc, rotor, warped, vibration",Brake disc/rotor may be damaged. Inspect and replace if warped.
Car shows low fluid during braking,brake_fluid_leak,"brake fluid, fluid leak, pedal floor, low fluid",Brake fluid may be leaking. Check reservoir and lines immediately.
Why is my hot brakes acting up?,brake_overheating,"overheat, smell, hot brakes, fade","Brakes overheating. Stop safely, let them cool, and avoid aggressive braking."
The soft brake problem keeps happening,air_in_brake_lines,"spongy pedal, air lines, soft brake, bleed brakes",Air in brake lines. Bleed brakes to restore firmness.
I hear uneven brake when braking,uneven_brake_force,"pulling side, uneven brake, caliper, imbalance",Uneven brake force. Inspect calipers and brake fluid distribution.
The disc problem keeps happening,brake_disc_damage,"disc, rotor, warped, vibration",Brake disc/rotor may be damaged. Inspect and replace if warped.
Car shows vibration during braking,brake_disc_damage,"disc, rotor, warped, vibration",Brake disc/rotor may be damaged. Inspect and replace if warped.
Why is my disc acting up?,brake_disc_damage,"disc, rotor, warped, vibration",Brake disc/rotor may be damaged. Inspect and replace if warped.
I hear alert when braking,brake_system_alert,"warning light, dashboard, ABS, alert",Brake system alert. Check fluid level and ABS sensors.
My pulling side is causing issues,uneven_brake_force,"pulling side, uneven brake, caliper, imbalance",Uneven brake force. Inspect calipers and brake fluid distribution.
Car shows bleed brakes during braking,air_in_brake_lines,"spongy pedal, air lines, soft brake, bleed brakes",Air in brake lines. Bleed brakes to restore firmness.
"Brake feels strange, maybe air lines",air_in_brake_lines,"spongy pedal, air lines, soft brake, bleed brakes",Air in brake lines. Bleed brakes to restore firmness.
Car shows vibration during braking,brake_disc_damage,"disc, rotor, warped, vibration",Brake disc/rotor may be damaged. Inspect and replace if warped.
I hear soft brake when braking,air_in_brake_lines,"spongy pedal, air lines, soft brake, bleed brakes",Air in brake lines. Bleed brakes to restore firmness.
I hear pedal floor when braking,brake_fluid_leak,"brake fluid, fluid leak, pedal floor, low fluid",Brake fluid may be leaking. Check reservoir and lines immediately.
My brake pad is causing issues,brake_pad_wear,"brake pad, squeal, worn pad, grinding",Brake pads are worn. Replace pads to restore safe braking.
I hear rotor when braking,brake_disc_damage,"disc, rotor, warped, vibration",Brake disc/rotor may be damaged. Inspect and replace if warped.
The grinding problem keeps happening,brake_pad_wear,"brake pad, squeal, worn pad, grinding",Brake pads are worn. Replace pads to restore safe braking.
The fluid leak problem keeps happening,brake_fluid_leak,"brake fluid, fluid leak, pedal floor, low fluid",Brake fluid may be leaking. Check reservoir and lines immediately.
My vibration is causing issues,brake_disc_damage,"disc, rotor, warped, vibration",Brake disc/rotor may be damaged. Inspect and replace if warped.
"Brake feels strange, maybe overheat",brake_overheating,"overheat, smell, hot brakes, fade","Brakes overheating. Stop safely, let them cool, and avoid aggressive braking."
I hear fade when braking,brake_overheating,"overheat, smell, hot brakes, fade","Brakes overheating. Stop safely, let them cool, and avoid aggressive braking."
Car shows grinding during braking,brake_pad_wear,"brake pad, squeal, worn pad, grinding",Brake pads are worn. Replace pads to restore safe braking.
Why is my uneven brake acting up?,uneven_brake_force,"pulling side, uneven brake, caliper, imbalance",Uneven brake force. Inspect calipers and brake fluid distribution.
The pulling side problem keeps happening,uneven_brake_force,"pulling side, uneven brake, caliper, imbalance",Uneven brake force. Inspect calipers and brake fluid distribution.
I hear bleed brakes when braking,air_in_brake_lines,"spongy pedal, air lines, soft brake, bleed brakes",Air in brake lines. Bleed brakes to restore firmness.
"Brake feels strange, maybe fluid leak",brake_fluid_leak,"brake fluid, fluid leak, pedal floor, low fluid",Brake fluid may be leaking. Check reservoir and lines immediately.
"Brake feels strange, maybe brake fluid",brake_fluid_leak,"brake fluid, fluid leak, pedal floor, low fluid",Brake fluid may be leaking. Check reservoir and lines immediately.
The dashboard problem keeps happening,brake_system_alert,"warning light, dashboard, ABS, alert",Brake system alert. Check fluid level and ABS sensors.
"Brake feels strange, maybe brake fluid",brake_fluid_leak,"brake fluid, fluid leak, pedal floor, low fluid",Brake fluid may be leaking. Check reservoir and lines immediately.
I hear air lines when braking,air_in_brake_lines,"spongy pedal, air lines, soft brake, bleed brakes",Air in brake lines. Bleed brakes to restore firmness.
The low fluid problem keeps happening,brake_fluid_leak,"brake fluid, fluid leak, pedal floor, low fluid",Brake fluid may be leaking. Check reservoir and lines immediately.
Why is my rotor acting up?,brake_disc_damage,"disc, rotor, warped, vibration",Brake disc/rotor may be damaged. Inspect and replace if warped.
Why is my uneven brake acting up?,uneven_brake_force,"pulling side, uneven brake, caliper, imbalance",Uneven brake force. Inspect calipers and brake fluid distribution.
My fade is causing issues,brake_overheating,"overheat, smell, hot brakes, fade","Brakes overheating. Stop safely, let them cool, and avoid aggressive braking."
My low fluid is causing issues,brake_fluid_leak,"brake fluid, fluid leak, pedal floor, low fluid",Brake fluid may be leaking. Check reservoir and lines immediately.
Why is my caliper acting up?,uneven_brake_force,"pulling side, uneven brake, caliper, imbalance",Uneven brake force. Inspect calipers and brake fluid distribution.
Why is my vibration acting up?,brake_disc_damage,"disc, rotor, warped, vibration",Brake disc/rotor may be damaged. Inspect and replace if warped.
My vibration is causing issues,brake_disc_damage,"disc, rotor, warped, vibration",Brake disc/rotor may be damaged. Inspect and replace if warped.
The ABS problem keeps happening,brake_system_alert,"warning light, dashboard, ABS, alert",Brake system alert. Check fluid level and ABS sensors.
The fade problem keeps happening,brake_overheating,"overheat, smell, hot brakes, fade","Brakes overheating. Stop safely, let them cool, and avoid aggressive braking."
"Brake feels strange, maybe disc",brake_disc_damage,"disc, rotor, warped, vibration",Brake disc/rotor may be damaged. Inspect and replace if warped.
The hot brakes problem keeps happening,brake_overheating,"overheat, smell, hot brakes, fade","Brakes overheating. Stop safely, let them cool, and avoid aggressive braking."
Car shows fade during braking,brake_overheating,"overheat, smell, hot brakes, fade","Brakes overheating. Stop safely, let them cool, and avoid aggressive braking."
Why is my grinding acting up?,brake_pad_wear,"brake pad, squeal, worn pad, grinding",Brake pads are worn. Replace pads to restore safe braking.
My rotor is causing issues,brake_disc_damage,"disc, rotor, warped, vibration",Brake disc/rotor may be damaged. Inspect and replace if warped.
Why is my caliper acting up?,uneven_brake_force,"pulling side, uneven brake, caliper, imbalance",Uneven brake force. Inspect calipers and brake fluid distribution.
Car shows low fluid during braking,brake_fluid_leak,"brake fluid, fluid leak, pedal floor, low fluid",Brake fluid may be leaking. Check reservoir and lines immediately.
Why is my fluid leak acting up?,brake_fluid_leak,"brake fluid, fluid leak, pedal floor, low fluid",Brake fluid may be leaking. Check reservoir and lines immediately.
I hear alert when braking,brake_system_alert,"warning light, dashboard, ABS, alert",Brake system alert. Check fluid level and ABS sensors.
My air lines is causing issues,air_in_brake_lines,"spongy pedal, air lines, soft brake, bleed brakes",Air in brake lines. Bleed brakes to restore firmness.
I hear spongy pedal when braking,air_in_brake_lines,"spongy pedal, air lines, soft brake, bleed brakes",Air in brake lines. Bleed brakes to restore firmness.
Why is my brake pad acting up?,brake_pad_wear,"brake pad, squeal, worn pad, grinding",Brake pads are worn. Replace pads to restore safe braking.
"Brake feels strange, maybe spongy pedal",air_in_brake_lines,"spongy pedal, air lines, soft brake, bleed brakes",Air in brake lines. Bleed brakes to restore firmness.
I hear dashboard when braking,brake_system_alert,"warning light, dashboard, ABS, alert",Brake system alert. Check fluid level and ABS sensors.
Car shows air lines during braking,air_in_brake_lines,"spongy pedal, air lines, soft brake, bleed brakes",Air in brake lines. Bleed brakes to restore firmness.
Car shows ABS during braking,brake_system_alert,"warning light, dashboard, ABS, alert",Brake system alert. Check fluid level and ABS sensors.
Why is my squeal acting up?,brake_pad_wear,"brake pad, squeal, worn pad, grinding",Brake pads are worn. Replace pads to restore safe braking.
Car shows caliper during braking,uneven_brake_force,"pulling side, uneven brake, caliper, imbalance",Uneven brake force. Inspect calipers and brake fluid distribution.
My brake pad is causing issues,brake_pad_wear,"brake pad, squeal, worn pad, grinding",Brake pads are worn. Replace pads to restore safe braking.
Car shows fade during braking,brake_overheating,"overheat, smell, hot brakes, fade","Brakes overheating. Stop safely, let them cool, and avoid aggressive braking."
Why is my ABS acting up?,brake_system_alert,"warning light, dashboard, ABS, alert",Brake system alert. Check fluid level and ABS sensors.
The overheat problem keeps happening,brake_overheating,"overheat, smell, hot brakes, fade","Brakes overheating. Stop safely, let them cool, and avoid aggressive braking."
Car shows imbalance during braking,uneven_brake_force,"pulling side, uneven brake, caliper, imbalance",Uneven brake force. Inspect calipers and brake fluid distribution.
The brake fluid problem keeps happening,brake_fluid_leak,"brake fluid, fluid leak, pedal floor, low fluid",Brake fluid may be leaking. Check reservoir and lines immediately.
I hear pedal floor when braking,brake_fluid_leak,"brake fluid, fluid leak, pedal floor, low fluid",Brake fluid may be leaking. Check reservoir and lines immediately.
Car shows imbalance during braking,uneven_brake_force,"pulling side, uneven brake, caliper, imbalance",Uneven brake force. Inspect calipers and brake fluid distribution.
"Brake feels strange, maybe brake fluid",brake_fluid_leak,"brake fluid, fluid leak, pedal floor, low fluid",Brake fluid may be leaking. Check reservoir and lines immediately.
The dashboard problem keeps happening,brake_system_alert,"warning light, dashboard, ABS, alert",Brake system alert. Check fluid level and ABS sensors.
Car shows grinding during braking,brake_pad_wear,"brake pad, squeal, worn pad, grinding",Brake pads are worn. Replace pads to restore safe braking.
The bleed brakes problem keeps happening,air_in_brake_lines,"spongy pedal, air lines, soft brake, bleed brakes",Air in brake lines. Bleed brakes to restore firmness.
Why is my vibration acting up?,brake_disc_damage,"disc, rotor, warped, vibration",Brake disc/rotor may be damaged. Inspect and replace if warped.
Car shows worn pad during braking,brake_pad_wear,"brake pad, squeal, worn pad, grinding",Brake pads are worn. Replace pads to restore safe braking.
My rotor is causing issues,brake_disc_damage,"disc, rotor, warped, vibration",Brake disc/rotor may be damaged. Inspect and replace if warped.
Why is my imbalance acting up?,uneven_brake_force,"pulling side, uneven brake, caliper, imbalance",Uneven brake force. Inspect calipers and brake fluid distribution.
My air lines is causing issues,air_in_brake_lines,"spongy pedal, air lines, soft brake, bleed brakes",Air in brake lines. Bleed brakes to restore firmness.
Why is my alert acting up?,brake_system_alert,"warning light, dashboard, ABS, alert",Brake system alert. Check fluid level and ABS sensors.
I hear dashboard when braking,brake_system_alert,"warning light, dashboard, ABS, alert",Brake system alert. Check fluid level and ABS sensors.
"Brake feels strange, maybe warped",brake_disc_damage,"disc, rotor, warped, vibration",Brake disc/rotor may be damaged. Inspect and replace if warped.
Car shows pulling side during braking,uneven_brake_force,"pulling side, uneven brake, caliper, imbalance",Uneven brake force. Inspect calipers and brake fluid distribution.
The fluid leak problem keeps happening,brake_fluid_leak,"brake fluid, fluid leak, pedal floor, low fluid",Brake fluid may be leaking. Check reservoir and lines immediately.
Why is my bleed brakes acting up?,air_in_brake_lines,"spongy pedal, air lines, soft brake, bleed brakes",Air in brake lines. Bleed brakes to restore firmness.
The overheat problem keeps happening,brake_overheating,"overheat, smell, hot brakes, fade","Brakes overheating. Stop safely, let them cool, and avoid aggressive braking."
Why is my dashboard acting up?,brake_system_alert,"warning light, dashboard, ABS, alert",Brake system alert. Check fluid level and ABS sensors.
My squeal is causing issues,brake_pad_wear,"brake pad, squeal, worn pad, grinding",Brake pads are worn. Replace pads to restore safe braking.
Car shows ABS during braking,brake_system_alert,"warning light, dashboard, ABS, alert",Brake system alert. Check fluid level and ABS sensors.
"Brake feels strange, maybe hot brakes",brake_overheating,"overheat, smell, hot brakes, fade","Brakes overheating. Stop safely, let them cool, and avoid aggressive braking."
"Brake feels strange, maybe overheat",brake_overheating,"overheat, smell, hot brakes, fade","Brakes overheating. Stop safely, let them cool, and avoid aggressive braking."
My pulling side is causing issues,uneven_brake_force,"pulling side, uneven brake, caliper, imbalance",Uneven brake force. Inspect calipers and brake fluid distribution.
"Brake feels strange, maybe alert",brake_system_alert,"warning light, dashboard, ABS, alert",Brake system alert. Check fluid level and ABS sensors.
Car shows hot brakes during braking,brake_overheating,"overheat, smell, hot brakes, fade","Brakes overheating. Stop safely, let them cool, and avoid aggressive braking."
"Brake feels strange, maybe dashboard",brake_system_alert,"warning light, dashboard, ABS, alert",Brake system alert. Check fluid level and ABS sensors.
"Brake feels strange, maybe warning light",brake_system_alert,"warning light, dashboard, ABS, alert",Brake system alert. Check fluid level and ABS sensors.
Car shows brake pad during braking,brake_pad_wear,"brake pad, squeal, worn pad, grinding",Brake pads are worn. Replace pads to restore safe braking.
My smell is causing issues,brake_overheating,"overheat, smell, hot brakes, fade","Brakes overheating. Stop safely, let them cool, and avoid aggressive braking."
I hear caliper when braking,uneven_brake_force,"pulling side, uneven brake, caliper, imbalance",Uneven brake force. Inspect calipers and brake fluid distribution.
My warning light is causing issues,brake_system_alert,"warning light, dashboard, ABS, alert",Brake system alert. Check fluid level and ABS sensors.
Car shows air lines during braking,air_in_brake_lines,"spongy pedal, air lines, soft brake, bleed brakes",Air in brake lines. Bleed brakes to restore firmness.
I hear pedal floor when braking,brake_fluid_leak,"brake fluid, fluid leak, pedal floor, low fluid",Brake fluid may be leaking. Check reservoir and lines immediately.
Why is my smell acting up?,brake_overheating,"overheat, smell, hot brakes, fade","Brakes overheating. Stop safely, let them cool, and avoid aggressive braking."
My hot brakes is causing issues,brake_overheating,"overheat, smell, hot brakes, fade","Brakes overheating. Stop safely, let them cool, and avoid aggressive braking."
"Brake feels strange, maybe worn pad",brake_pad_wear,"brake pad, squeal, worn pad, grinding",Brake pads are worn. Replace pads to restore safe braking.
The low fluid problem keeps happening,brake_fluid_leak,"brake fluid, fluid leak, pedal floor, low fluid",Brake fluid may be leaking. Check reservoir and lines immediately.
"Brake feels strange, maybe imbalance",uneven_brake_force,"pulling side, uneven brake, caliper, imbalance",Uneven brake force. Inspect calipers and brake fluid distribution.
My pedal floor is causing issues,brake_fluid_leak,"brake fluid, fluid leak, pedal floor, low fluid",Brake fluid may be leaking. Check reservoir and lines immediately.
"Brake feels strange, maybe disc",brake_disc_damage,"disc, rotor, warped, vibration",Brake disc/rotor may be damaged. Inspect and replace if warped.
"Brake feels strange, maybe warning light",brake_system_alert,"warning light, dashboard, ABS, alert",Brake system alert. Check fluid level and ABS sensors.
I hear hot brakes when braking,brake_overheating,"overheat, smell, hot brakes, fade","Brakes overheating. Stop safely, let them cool, and avoid aggressive braking."
"Brake feels strange, maybe uneven brake",uneven_brake_force,"pulling side, uneven brake, caliper, imbalance",Uneven brake force. Inspect calipers and brake fluid distribution.
Why is my squeal acting up?,brake_pad_wear,"brake pad, squeal, worn pad, grinding",Brake pads are worn. Replace pads to restore safe braking.
My pedal floor is causing issues,brake_fluid_leak,"brake fluid, fluid leak, pedal floor, low fluid",Brake fluid may be leaking. Check reservoir and lines immediately.
Car shows smell during braking,brake_overheating,"overheat, smell, hot brakes, fade","Brakes overheating. Stop safely, let them cool, and avoid aggressive braking."
My grinding is causing issues,brake_pad_wear,"brake pad, squeal, worn pad, grinding",Brake pads are worn. Replace pads to restore safe braking.
I hear disc when braking,brake_disc_damage,"disc, rotor, warped, vibration",Brake disc/rotor may be damaged. Inspect and replace if warped.
The disc problem keeps happening,brake_disc_damage,"disc, rotor, warped, vibration",Brake disc/rotor may be damaged. Inspect and replace if warped.
Car shows caliper during braking,uneven_brake_force,"pulling side, uneven brake, caliper, imbalance",Uneven brake force. Inspect calipers and brake fluid distribution.
The brake fluid problem keeps happening,brake_fluid_leak,"brake fluid, fluid leak, pedal floor, low fluid",Brake fluid may be leaking. Check reservoir and lines immediately.
The smell problem keeps happening,brake_overheating,"overheat, smell, hot brakes, fade","Brakes overheating. Stop safely, let them cool, and avoid aggressive braking."
"Brake feels strange, maybe disc",brake_disc_damage,"disc, rotor, warped, vibration",Brake disc/rotor may be damaged. Inspect and replace if warped.
The worn pad problem keeps happening,brake_pad_wear,"brake pad, squeal, worn pad, grinding",Brake pads are worn. Replace pads to restore safe braking.
My warning light is causing issues,brake_system_alert,"warning light, dashboard, ABS, alert",Brake system alert. Check fluid level and ABS sensors.
Why is my rotor acting up?,brake_disc_damage,"disc, rotor, warped, vibration",Brake disc/rotor may be damaged. Inspect and replace if warped.
My caliper is causing issues,uneven_brake_force,"pulling side, uneven brake, caliper, imbalance",Uneven brake force. Inspect calipers and brake fluid distribution.
"Brake feels strange, maybe fluid leak",brake_fluid_leak,"brake fluid, fluid leak, pedal floor, low fluid",Brake fluid may be leaking. Check reservoir and lines immediately.
Why is my pulling side acting up?,uneven_brake_force,"pulling side, uneven brake, caliper, imbalance",Uneven brake force. Inspect calipers and brake fluid distribution.
I hear brake pad when braking,brake_pad_wear,"brake pad, squeal, worn pad, grinding",Brake pads are worn. Replace pads to restore safe braking.
Car shows dashboard during braking,brake_system_alert,"warning light, dashboard, ABS, alert",Brake system alert. Check fluid level and ABS sensors.
Why is my rotor acting up?,brake_disc_damage,"disc, rotor, warped, vibration",Brake disc/rotor may be damaged. Inspect and replace if warped.
My imbalance is causing issues,uneven_brake_force,"pulling side, uneven brake, caliper, imbalance",Uneven brake force. Inspect calipers and brake fluid distribution.
Car shows pulling side during braking,uneven_brake_force,"pulling side, uneven brake, caliper, imbalance",Uneven brake force. Inspect calipers and brake fluid distribution.
The air lines problem keeps happening,air_in_brake_lines,"spongy pedal, air lines, soft brake, bleed brakes",Air in brake lines. Bleed brakes to restore firmness.
The dashboard problem keeps happening,brake_system_alert,"warning light, dashboard, ABS, alert",Brake system alert. Check fluid level and ABS sensors.
I hear imbalance when braking,uneven_brake_force,"pulling side, uneven brake, caliper, imbalance",Uneven brake force. Inspect calipers and brake fluid distribution.
Why is my warped acting up?,brake_disc_damage,"disc, rotor, warped, vibration",Brake disc/rotor may be damaged. Inspect and replace if warped.
I hear pulling side when braking,uneven_brake_force,"pulling side, uneven brake, caliper, imbalance",Uneven brake force. Inspect calipers and brake fluid distribution.
The vibration problem keeps happening,brake_disc_damage,"disc, rotor, warped, vibration",Brake disc/rotor may be damaged. Inspect and replace if warped.
Why is my disc acting up?,brake_disc_damage,"disc, rotor, warped, vibration",Brake disc/rotor may be damaged. Inspect and replace if warped.
I hear squeal when braking,brake_pad_wear,"brake pad, squeal, worn pad, grinding",Brake pads are worn. Replace pads to restore safe braking.
I hear vibration when braking,brake_disc_damage,"disc, rotor, warped, vibration",Brake disc/rotor may be damaged. Inspect and replace if warped.
The spongy pedal problem keeps happening,air_in_brake_lines,"spongy pedal, air lines, soft brake, bleed brakes",Air in brake lines. Bleed brakes to restore firmness.
I hear warning light when braking,brake_system_alert,"warning light, dashboard, ABS, alert",Brake system alert. Check fluid level and ABS sensors.
I hear bleed brakes when braking,air_in_brake_lines,"spongy pedal, air lines, soft brake, bleed brakes",Air in brake lines. Bleed brakes to restore firmness.
My worn pad is causing issues,brake_pad_wear,"brake pad, squeal, worn pad, grinding",Brake pads are worn. Replace pads to restore safe braking.
The pulling side problem keeps happening,uneven_brake_force,"pulling side, uneven brake, caliper, imbalance",Uneven brake force. Inspect calipers and brake fluid distribution.
Car shows smell during braking,brake_overheating,"overheat, smell, hot brakes, fade","Brakes overheating. Stop safely, let them cool, and avoid aggressive braking."
Car shows alert during braking,brake_system_alert,"warning light, dashboard, ABS, alert",Brake system alert. Check fluid level and ABS sensors.
The disc problem keeps happening,brake_disc_damage,"disc, rotor, warped, vibration",Brake disc/rotor may be damaged. Inspect and replace if warped.
Why is my disc acting up?,brake_disc_damage,"disc, rotor, warped, vibration",Brake disc/rotor may be damaged. Inspect and replace if warped.
Car shows fade during braking,brake_overheating,"overheat, smell, hot brakes, fade","Brakes overheating. Stop safely, let them cool, and avoid aggressive braking."
Car shows alert during braking,brake_system_alert,"warning light, dashboard, ABS, alert",Brake system alert. Check fluid level and ABS sensors.
"Brake feels strange, maybe brake fluid",brake_fluid_leak,"brake fluid, fluid leak, pedal floor, low fluid",Brake fluid may be leaking. Check reservoir and lines immediately.
"Brake feels strange, maybe grinding",brake_pad_wear,"brake pad, squeal, worn pad, grinding",Brake pads are worn. Replace pads to restore safe braking.
My soft brake is causing issues,air_in_brake_lines,"spongy pedal, air lines, soft brake, bleed brakes",Air in brake lines. Bleed brakes to restore firmness.
My squeal is causing issues,brake_pad_wear,"brake pad, squeal, worn pad, grinding",Brake pads are worn. Replace pads to restore safe braking.
Car shows ABS during braking,brake_system_alert,"warning light, dashboard, ABS, alert",Brake system alert. Check fluid level and ABS sensors.
The low fluid problem keeps happening,brake_fluid_leak,"brake fluid, fluid leak, pedal floor, low fluid",Brake fluid may be leaking. Check reservoir and lines immediately.
"Brake feels strange, maybe pulling side",uneven_brake_force,"pulling side, uneven brake, caliper, imbalance",Uneven brake force. Inspect calipers and brake fluid distribution.
I hear smell when braking,brake_overheating,"overheat, smell, hot brakes, fade","Brakes overheating. Stop safely, let them cool, and avoid aggressive braking."
I hear overheat when braking,brake_overheating,"overheat, smell, hot brakes, fade","Brakes overheating. Stop safely, let them cool, and avoid aggressive braking."
Why is my fluid leak acting up?,brake_fluid_leak,"brake fluid, fluid leak, pedal floor, low fluid",Brake fluid may be leaking. Check reservoir and lines immediately.
Why is my ABS acting up?,brake_system_alert,"warning light, dashboard, ABS, alert",Brake system alert. Check fluid level and ABS sensors.
My warning light is causing issues,brake_system_alert,"warning light, dashboard, ABS, alert",Brake system alert. Check fluid level and ABS sensors.
My alert is causing issues,brake_system_alert,"warning light, dashboard, ABS, alert",Brake system alert. Check fluid level and ABS sensors.
Why is my smell acting up?,brake_overheating,"overheat, smell, hot brakes, fade","Brakes overheating. Stop safely, let them cool, and avoid aggressive braking."
My pedal floor is causing issues,brake_fluid_leak,"brake fluid, fluid leak, pedal floor, low fluid",Brake fluid may be leaking. Check reservoir and lines immediately.
I hear low fluid when braking,brake_fluid_leak,"brake fluid, fluid leak, pedal floor, low fluid",Brake fluid may be leaking. Check reservoir and lines immediately.
"Brake feels strange, maybe caliper",uneven_brake_force,"pulling side, uneven brake, caliper, imbalance",Uneven brake force. Inspect calipers and brake fluid distribution.
The low fluid problem keeps happening,brake_fluid_leak,"brake fluid, fluid leak, pedal floor, low fluid",Brake fluid may be leaking. Check reservoir and lines immediately.
The worn pad problem keeps happening,brake_pad_wear,"brake pad, squeal, worn pad, grinding",Brake pads are worn. Replace pads to restore safe braking.
The brake pad problem keeps happening,brake_pad_wear,"brake pad, squeal, worn pad, grinding",Brake pads are worn. Replace pads to restore safe braking.
Why is my pedal floor acting up?,brake_fluid_leak,"brake fluid, fluid leak, pedal floor, low fluid",Brake fluid may be leaking. Check reservoir and lines immediately.
The disc problem keeps happening,brake_disc_damage,"disc, rotor, warped, vibration",Brake disc/rotor may be damaged. Inspect and replace if warped.
Car shows bleed brakes during braking,air_in_brake_lines,"spongy pedal, air lines, soft brake, bleed brakes",Air in brake lines. Bleed brakes to restore firmness.
My ABS is causing issues,brake_system_alert,"warning light, dashboard, ABS, alert",Brake system alert. Check fluid level and ABS sensors.
The disc problem keeps happening,brake_disc_damage,"disc, rotor, warped, vibration",Brake disc/rotor may be damaged. Inspect and replace if warped.
The fade problem keeps happening,brake_overheating,"overheat, smell, hot brakes, fade","Brakes overheating. Stop safely, let them cool, and avoid aggressive braking."
The rotor problem keeps happening,brake_disc_damage,"disc, rotor, warped, vibration",Brake disc/rotor may be damaged. Inspect and replace if warped.
"Brake feels strange, maybe pedal floor",brake_fluid_leak,"brake fluid, fluid leak, pedal floor, low fluid",Brake fluid may be leaking. Check reservoir and lines immediately.
Car shows vibration during braking,brake_disc_damage,"disc, rotor, warped, vibration",Brake disc/rotor may be damaged. Inspect and replace if warped.
Car shows worn pad during braking,brake_pad_wear,"brake pad, squeal, worn pad, grinding",Brake pads are worn. Replace pads to restore safe braking.
My warning light is causing issues,brake_system_alert,"warning light, dashboard, ABS, alert",Brake system alert. Check fluid level and ABS sensors.
Car shows squeal during braking,brake_pad_wear,"brake pad, squeal, worn pad, grinding",Brake pads are worn. Replace pads to restore safe braking.
I hear hot brakes when braking,brake_overheating,"overheat, smell, hot brakes, fade","Brakes overheating. Stop safely, let them cool, and avoid aggressive braking."
My pedal floor is causing issues,brake_fluid_leak,"brake fluid, fluid leak, pedal floor, low fluid",Brake fluid may be leaking. Check reservoir and lines immediately.
Why is my vibration acting up?,brake_disc_damage,"disc, rotor, warped, vibration",Brake disc/rotor may be damaged. Inspect and replace if warped.
"Brake feels strange, maybe worn pad",brake_pad_wear,"brake pad, squeal, worn pad, grinding",Brake pads are worn. Replace pads to restore safe braking.
Why is my warning light acting up?,brake_system_alert,"warning light, dashboard, ABS, alert",Brake system alert. Check fluid level and ABS sensors.
Why is my hot brakes acting up?,brake_overheating,"overheat, smell, hot brakes, fade","Brakes overheating. Stop safely, let them cool, and avoid aggressive braking."
The alert problem keeps happening,brake_system_alert,"warning light, dashboard, ABS, alert",Brake system alert. Check fluid level and ABS sensors.
The warped problem keeps happening,brake_disc_damage,"disc, rotor, warped, vibration",Brake disc/rotor may be damaged. Inspect and replace if warped.
I hear fade when braking,brake_overheating,"overheat, smell, hot brakes, fade","Brakes overheating. Stop safely, let them cool, and avoid aggressive braking."
Car shows worn pad during braking,brake_pad_wear,"brake pad, squeal, worn pad, grinding",Brake pads are worn. Replace pads to restore safe braking.
Why is my alert acting up?,brake_system_alert,"warning light, dashboard, ABS, alert",Brake system alert. Check fluid level and ABS sensors.
The hot brakes problem keeps happening,brake_overheating,"overheat, smell, hot brakes, fade","Brakes overheating. Stop safely, let them cool, and avoid aggressive braking."
"Brake feels strange, maybe worn pad",brake_pad_wear,"brake pad, squeal, worn pad, grinding",Brake pads are worn. Replace pads to restore safe braking.
"Brake feels strange, maybe imbalance",uneven_brake_force,"pulling side, uneven brake, caliper, imbalance",Uneven brake force. Inspect calipers and brake fluid distribution.
"Brake feels strange, maybe air lines",air_in_brake_lines,"spongy pedal, air lines, soft brake, bleed brakes",Air in brake lines. Bleed brakes to restore firmness.
Why is my vibration acting up?,brake_disc_damage,"disc, rotor, warped, vibration",Brake disc/rotor may be damaged. Inspect and replace if warped.
I hear hot brakes when braking,brake_overheating,"overheat, smell, hot brakes, fade","Brakes overheating. Stop safely, let them cool, and avoid aggressive braking."
The squeal problem keeps happening,brake_pad_wear,"brake pad, squeal, worn pad, grinding",Brake pads are worn. Replace pads to restore safe braking.
Why is my disc acting up?,brake_disc_damage,"disc, rotor, warped, vibration",Brake disc/rotor may be damaged. Inspect and replace if warped.
My ABS is causing issues,brake_system_alert,"warning light, dashboard, ABS, alert",Brake system alert. Check fluid level and ABS sensors.
My rotor is causing issues,brake_disc_damage,"disc, rotor, warped, vibration",Brake disc/rotor may be damaged. Inspect and replace if warped.
My worn pad is causing issues,brake_pad_wear,"brake pad, squeal, worn pad, grinding",Brake pads are worn. Replace pads to restore safe braking.
Car shows air lines during braking,air_in_brake_lines,"spongy pedal, air lines, soft brake, bleed brakes",Air in brake lines. Bleed brakes to restore firmness.
Car shows hot brakes during braking,brake_overheating,"overheat, smell, hot brakes, fade","Brakes overheating. Stop safely, let them cool, and avoid aggressive braking."
My hot brakes is causing issues,brake_overheating,"overheat, smell, hot brakes, fade","Brakes overheating. Stop safely, let them cool, and avoid aggressive braking."
"Brake feels strange, maybe ABS",brake_system_alert,"warning light, dashboard, ABS, alert",Brake system alert. Check fluid level and ABS sensors.
I hear brake pad when braking,brake_pad_wear,"brake pad, squeal, worn pad, grinding",Brake pads are worn. Replace pads to restore safe braking.
The pulling side problem keeps happening,uneven_brake_force,"pulling side, uneven brake, caliper, imbalance",Uneven brake force. Inspect calipers and brake fluid distribution.
Car shows brake pad during braking,brake_pad_wear,"brake pad, squeal, worn pad, grinding",Brake pads are worn. Replace pads to restore safe braking.
Why is my fade acting up?,brake_overheating,"overheat, smell, hot brakes, fade","Brakes overheating. Stop safely, let them cool, and avoid aggressive braking."
The rotor problem keeps happening,brake_disc_damage,"disc, rotor, warped, vibration",Brake disc/rotor may be damaged. Inspect and replace if warped.
Why is my rotor acting up?,brake_disc_damage,"disc, rotor, warped, vibration",Brake disc/rotor may be damaged. Inspect and replace if warped.
I hear worn pad when braking,brake_pad_wear,"brake pad, squeal, worn pad, grinding",Brake pads are worn. Replace pads to restore safe braking.
I hear air lines when braking,air_in_brake_lines,"spongy pedal, air lines, soft brake, bleed brakes",Air in brake lines. Bleed brakes to restore firmness.
My hot brakes is causing issues,brake_overheating,"overheat, smell, hot brakes, fade","Brakes overheating. Stop safely, let them cool, and avoid aggressive braking."
"Brake feels strange, maybe fade",brake_overheating,"overheat, smell, hot brakes, fade","Brakes overheating. Stop safely, let them cool, and avoid aggressive braking."
Why is my uneven brake acting up?,uneven_brake_force,"pulling side, uneven brake, caliper, imbalance",Uneven brake force. Inspect calipers and brake fluid distribution.
My hot brakes is causing issues,brake_overheating,"overheat, smell, hot brakes, fade","Brakes overheating. Stop safely, let them cool, and avoid aggressive braking."
Car shows caliper during braking,uneven_brake_force,"pulling side, uneven brake, caliper, imbalance",Uneven brake force. Inspect calipers and brake fluid distribution.
Why is my fade acting up?,brake_overheating,"overheat, smell, hot brakes, fade","Brakes overheating. Stop safely, let them cool, and avoid aggressive braking."
"Brake feels strange, maybe low fluid",brake_fluid_leak,"brake fluid, fluid leak, pedal floor, low fluid",Brake fluid may be leaking. Check reservoir and lines immediately.
My vibration is causing issues,brake_disc_damage,"disc, rotor, warped, vibration",Brake disc/rotor may be damaged. Inspect and replace if warped.
I hear uneven brake when braking,uneven_brake_force,"pulling side, uneven brake, caliper, imbalance",Uneven brake force. Inspect calipers and brake fluid distribution.
I hear worn pad when braking,brake_pad_wear,"brake pad, squeal, worn pad, grinding",Brake pads are worn. Replace pads to restore safe braking.
"Brake feels strange, maybe worn pad",brake_pad_wear,"brake pad, squeal, worn pad, grinding",Brake pads are worn. Replace pads to restore safe braking.
Why is my caliper acting up?,uneven_brake_force,"pulling side, uneven brake, caliper, imbalance",Uneven brake force. Inspect calipers and brake fluid distribution.
My bleed brakes is causing issues,air_in_brake_lines,"spongy pedal, air lines, soft brake, bleed brakes",Air in brake lines. Bleed brakes to restore firmness.
Why is my hot brakes acting up?,brake_overheating,"overheat, smell, hot brakes, fade","Brakes overheating. Stop safely, let them cool, and avoid aggressive braking."
Why is my low fluid acting up?,brake_fluid_leak,"brake fluid, fluid leak, pedal floor, low fluid",Brake fluid may be leaking. Check reservoir and lines immediately.
My warped is causing issues,brake_disc_damage,"disc, rotor, warped, vibration",Brake disc/rotor may be damaged. Inspect and replace if warped.
"Brake feels strange, maybe warning light",brake_system_alert,"warning light, dashboard, ABS, alert",Brake system alert. Check fluid level and ABS sensors.
Car shows dashboard during braking,brake_system_alert,"warning light, dashboard, ABS, alert",Brake system alert. Check fluid level and ABS sensors.
I hear soft brake when braking,air_in_brake_lines,"spongy pedal, air lines, soft brake, bleed brakes",Air in brake lines. Bleed brakes to restore firmness.
Why is my brake fluid acting up?,brake_fluid_leak,"brake fluid, fluid leak, pedal floor, low fluid",Brake fluid may be leaking. Check reservoir and lines immediately.
I hear spongy pedal when braking,air_in_brake_lines,"spongy pedal, air lines, soft brake, bleed brakes",Air in brake lines. Bleed brakes to restore firmness.
I hear disc when braking,brake_disc_damage,"disc, rotor, warped, vibration",Brake disc/rotor may be damaged. Inspect and replace if warped.
Why is my warped acting up?,brake_disc_damage,"disc, rotor, warped, vibration",Brake disc/rotor may be damaged. Inspect and replace if warped.
Why is my disc acting up?,brake_disc_damage,"disc, rotor, warped, vibration",Brake disc/rotor may be damaged. Inspect and replace if warped.
"Brake feels strange, maybe caliper",uneven_brake_force,"pulling side, uneven brake, caliper, imbalance",Uneven brake force. Inspect calipers and brake fluid distribution.
Why is my uneven brake acting up?,uneven_brake_force,"pulling side, uneven brake, caliper, imbalance",Uneven brake force. Inspect calipers and brake fluid distribution.
My hot brakes is causing issues,brake_overheating,"overheat, smell, hot brakes, fade","Brakes overheating. Stop safely, let them cool, and avoid aggressive braking."
Why is my caliper acting up?,uneven_brake_force,"pulling side, uneven brake, caliper, imbalance",Uneven brake force. Inspect calipers and brake fluid distribution.
Car shows squeal during braking,brake_pad_wear,"brake pad, squeal, worn pad, grinding",Brake pads are worn. Replace pads to restore safe braking.
The hot brakes problem keeps happening,brake_overheating,"overheat, smell, hot brakes, fade","Brakes overheating. Stop safely, let them cool, and avoid aggressive braking."
My bleed brakes is causing issues,air_in_brake_lines,"spongy pedal, air lines, soft brake, bleed brakes",Air in brake lines. Bleed brakes to restore firmness.
"Brake feels strange, maybe pulling side",uneven_brake_force,"pulling side, uneven brake, caliper, imbalance",Uneven brake force. Inspect calipers and brake fluid distribution.
"Brake feels strange, maybe pulling side",uneven_brake_force,"pulling side, uneven brake, caliper, imbalance",Uneven brake force. Inspect calipers and brake fluid distribution.
Why is my soft brake acting up?,air_in_brake_lines,"spongy pedal, air lines, soft brake, bleed brakes",Air in brake lines. Bleed brakes to restore firmness.
Why is my soft brake acting up?,air_in_brake_lines,"spongy pedal, air lines, soft brake, bleed brakes",Air in brake lines. Bleed brakes to restore firmness.
Car shows brake fluid during braking,brake_fluid_leak,"brake fluid, fluid leak, pedal floor, low fluid",Brake fluid may be leaking. Check reservoir and lines immediately.
Car shows warped during braking,brake_disc_damage,"disc, rotor, warped, vibration",Brake disc/rotor may be damaged. Inspect and replace if warped.
"Brake feels strange, maybe air lines",air_in_brake_lines,"spongy pedal, air lines, soft brake, bleed brakes",Air in brake lines. Bleed brakes to restore firmness.
Car shows fluid leak during braking,brake_fluid_leak,"brake fluid, fluid leak, pedal floor, low fluid",Brake fluid may be leaking. Check reservoir and lines immediately.
Car shows warped during braking,brake_disc_damage,"disc, rotor, warped, vibration",Brake disc/rotor may be damaged. Inspect and replace if warped.
The vibration problem keeps happening,brake_disc_damage,"disc, rotor, warped, vibration",Brake disc/rotor may be damaged. Inspect and replace if warped.
The imbalance problem keeps happening,uneven_brake_force,"pulling side, uneven brake, caliper, imbalance",Uneven brake force. Inspect calipers and brake fluid distribution.
"Brake feels strange, maybe rotor",brake_disc_damage,"disc, rotor, warped, vibration",Brake disc/rotor may be damaged. Inspect and replace if warped.
Car shows squeal during braking,brake_pad_wear,"brake pad, squeal, worn pad, grinding",Brake pads are worn. Replace pads to restore safe braking.
"Brake feels strange, maybe fade",brake_overheating,"overheat, smell, hot brakes, fade","Brakes overheating. Stop safely, let them cool, and avoid aggressive braking."
"Brake feels strange, maybe smell",brake_overheating,"overheat, smell, hot brakes, fade","Brakes overheating. Stop safely, let them cool, and avoid aggressive braking."
My overheat is causing issues,brake_overheating,"overheat, smell, hot brakes, fade","Brakes overheating. Stop safely, let them cool, and avoid aggressive braking."
Car shows imbalance during braking,uneven_brake_force,"pulling side, uneven brake, caliper, imbalance",Uneven brake force. Inspect calipers and brake fluid distribution.
Car shows low fluid during braking,brake_fluid_leak,"brake fluid, fluid leak, pedal floor, low fluid",Brake fluid may be leaking. Check reservoir and lines immediately.
Car shows disc during braking,brake_disc_damage,"disc, rotor, warped, vibration",Brake disc/rotor may be damaged. Inspect and replace if warped.
Car shows pedal floor during braking,brake_fluid_leak,"brake fluid, fluid leak, pedal floor, low fluid",Brake fluid may be leaking. Check reservoir and lines immediately.
Car shows low fluid during braking,brake_fluid_leak,"brake fluid, fluid leak, pedal floor, low fluid",Brake fluid may be leaking. Check reservoir and lines immediately.
Why is my ABS acting up?,brake_system_alert,"warning light, dashboard, ABS, alert",Brake system alert. Check fluid level and ABS sensors.
I hear dashboard when braking,brake_system_alert,"warning light, dashboard, ABS, alert",Brake system alert. Check fluid level and ABS sensors.
I hear soft brake when braking,air_in_brake_lines,"spongy pedal, air lines, soft brake, bleed brakes",Air in brake lines. Bleed brakes to restore firmness.
My warped is causing issues,brake_disc_damage,"disc, rotor, warped, vibration",Brake disc/rotor may be damaged. Inspect and replace if warped.
"Brake feels strange, maybe warning light",brake_system_alert,"warning light, dashboard, ABS, alert",Brake system alert. Check fluid level and ABS sensors.
I hear soft brake when braking,air_in_brake_lines,"spongy pedal, air lines, soft brake, bleed brakes",Air in brake lines. Bleed brakes to restore firmness.
Car shows squeal during braking,brake_pad_wear,"brake pad, squeal, worn pad, grinding",Brake pads are worn. Replace pads to restore safe braking.
Why is my disc acting up?,brake_disc_damage,"disc, rotor, warped, vibration",Brake disc/rotor may be damaged. Inspect and replace if warped.
Car shows dashboard during braking,brake_system_alert,"warning light, dashboard, ABS, alert",Brake system alert. Check fluid level and ABS sensors.
Why is my dashboard acting up?,brake_system_alert,"warning light, dashboard, ABS, alert",Brake system alert. Check fluid level and ABS sensors.
Car shows ABS during braking,brake_system_alert,"warning light, dashboard, ABS, alert",Brake system alert. Check fluid level and ABS sensors.
Car shows air lines during braking,air_in_brake_lines,"spongy pedal, air lines, soft brake, bleed brakes",Air in brake lines. Bleed brakes to restore firmness.
My brake fluid is causing issues,brake_fluid_leak,"brake fluid, fluid leak, pedal floor, low fluid",Brake fluid may be leaking. Check reservoir and lines immediately.
The brake pad problem keeps happening,brake_pad_wear,"brake pad, squeal, worn pad, grinding",Brake pads are worn. Replace pads to restore safe braking.
My spongy pedal is causing issues,air_in_brake_lines,"spongy pedal, air lines, soft brake, bleed brakes",Air in brake lines. Bleed brakes to restore firmness.
My brake fluid is causing issues,brake_fluid_leak,"brake fluid, fluid leak, pedal floor, low fluid",Brake fluid may be leaking. Check reservoir and lines immediately.
"Brake feels strange, maybe hot brakes",brake_overheating,"overheat, smell, hot brakes, fade","Brakes overheating. Stop safely, let them cool, and avoid aggressive braking."
I hear imbalance when braking,uneven_brake_force,"pulling side, uneven brake, caliper, imbalance",Uneven brake force. Inspect calipers and brake fluid distribution.
Why is my squeal acting up?,brake_pad_wear,"brake pad, squeal, worn pad, grinding",Brake pads are worn. Replace pads to restore safe braking.
"Brake feels strange, maybe caliper",uneven_brake_force,"pulling side, uneven brake, caliper, imbalance",Uneven brake force. Inspect calipers and brake fluid distribution.
I hear fade when braking,brake_overheating,"overheat, smell, hot brakes, fade","Brakes overheating. Stop safely, let them cool, and avoid aggressive braking."
"Brake feels strange, maybe disc",brake_disc_damage,"disc, rotor, warped, vibration",Brake disc/rotor may be damaged. Inspect and replace if warped.
Car shows worn pad during braking,brake_pad_wear,"brake pad, squeal, worn pad, grinding",Brake pads are worn. Replace pads to restore safe braking.
"Brake feels strange, maybe fade",brake_overheating,"overheat, smell, hot brakes, fade","Brakes overheating. Stop safely, let them cool, and avoid aggressive braking."
Why is my pedal floor acting up?,brake_fluid_leak,"brake fluid, fluid leak, pedal floor, low fluid",Brake fluid may be leaking. Check reservoir and lines immediately.
"Brake feels strange, maybe warning light",brake_system_alert,"warning light, dashboard, ABS, alert",Brake system alert. Check fluid level and ABS sensors.
"Brake feels strange, maybe grinding",brake_pad_wear,"brake pad, squeal, worn pad, grinding",Brake pads are worn. Replace pads to restore safe braking.
"Brake feels strange, maybe pedal floor",brake_fluid_leak,"brake fluid, fluid leak, pedal floor, low fluid",Brake fluid may be leaking. Check reservoir and lines immediately.
Car shows vibration during braking,brake_disc_damage,"disc, rotor, warped, vibration",Brake disc/rotor may be damaged. Inspect and replace if warped.
Why is my ABS acting up?,brake_system_alert,"warning light, dashboard, ABS, alert",Brake system alert. Check fluid level and ABS sensors.
Car shows caliper during braking,uneven_brake_force,"pulling side, uneven brake, caliper, imbalance",Uneven brake force. Inspect calipers and brake fluid distribution.
My warning light is causing issues,brake_system_alert,"warning light, dashboard, ABS, alert",Brake system alert. Check fluid level and ABS sensors.
"Brake feels strange, maybe fade",brake_overheating,"overheat, smell, hot brakes, fade","Brakes overheating. Stop safely, let them cool, and avoid aggressive braking."
"Brake feels strange, maybe warning light",brake_system_alert,"warning light, dashboard, ABS, alert",Brake system alert. Check fluid level and ABS sensors.
Why is my worn pad acting up?,brake_pad_wear,"brake pad, squeal, worn pad, grinding",Brake pads are worn. Replace pads to restore safe braking.
My air lines is causing issues,air_in_brake_lines,"spongy pedal, air lines, soft brake, bleed brakes",Air in brake lines. Bleed brakes to restore firmness.
My fade is causing issues,brake_overheating,"overheat, smell, hot brakes, fade","Brakes overheating. Stop safely, let them cool, and avoid aggressive braking."
"Brake feels strange, maybe fluid leak",brake_fluid_leak,"brake fluid, fluid leak, pedal floor, low fluid",Brake fluid may be leaking. Check reservoir and lines immediately.
Why is my brake fluid acting up?,brake_fluid_leak,"brake fluid, fluid leak, pedal floor, low fluid",Brake fluid may be leaking. Check reservoir and lines immediately.
Car shows squeal during braking,brake_pad_wear,"brake pad, squeal, worn pad, grinding",Brake pads are worn. Replace pads to restore safe braking.
I hear low fluid when braking,brake_fluid_leak,"brake fluid, fluid leak, pedal floor, low fluid",Brake fluid may be leaking. Check reservoir and lines immediately.
The disc problem keeps happening,brake_disc_damage,"disc, rotor, warped, vibration",Brake disc/rotor may be damaged. Inspect and replace if warped.
"Brake feels strange, maybe rotor",brake_disc_damage,"disc, rotor, warped, vibration",Brake disc/rotor may be damaged. Inspect and replace if warped.
The alert problem keeps happening,brake_system_alert,"warning light, dashboard, ABS, alert",Brake system alert. Check fluid level and ABS sensors.
The warning light problem keeps happening,brake_system_alert,"warning light, dashboard, ABS, alert",Brake system alert. Check fluid level and ABS sensors.
"Brake feels strange, maybe warning light",brake_system_alert,"warning light, dashboard, ABS, alert",Brake system alert. Check fluid level and ABS sensors.
My pulling side is causing issues,uneven_brake_force,"pulling side, uneven brake, caliper, imbalance",Uneven brake force. Inspect calipers and brake fluid distribution.
"Brake feels strange, maybe bleed brakes",air_in_brake_lines,"spongy pedal, air lines, soft brake, bleed brakes",Air in brake lines. Bleed brakes to restore firmness.
"Brake feels strange, maybe imbalance",uneven_brake_force,"pulling side, uneven brake, caliper, imbalance",Uneven brake force. Inspect calipers and brake fluid distribution.
Why is my worn pad acting up?,brake_pad_wear,"brake pad, squeal, worn pad, grinding",Brake pads are worn. Replace pads to restore safe braking.
The alert problem keeps happening,brake_system_alert,"warning light, dashboard, ABS, alert",Brake system alert. Check fluid level and ABS sensors.
"Brake feels strange, maybe soft brake",air_in_brake_lines,"spongy pedal, air lines, soft brake, bleed brakes",Air in brake lines. Bleed brakes to restore firmness.
The warped problem keeps happening,brake_disc_damage,"disc, rotor, warped, vibration",Brake disc/rotor may be damaged. Inspect and replace if warped.
I hear imbalance when braking,uneven_brake_force,"pulling side, uneven brake, caliper, imbalance",Uneven brake force. Inspect calipers and brake fluid distribution.
My low fluid is causing issues,brake_fluid_leak,"brake fluid, fluid leak, pedal floor, low fluid",Brake fluid may be leaking. Check reservoir and lines immediately.
My grinding is causing issues,brake_pad_wear,"brake pad, squeal, worn pad, grinding",Brake pads are worn. Replace pads to restore safe braking.
I hear disc when braking,brake_disc_damage,"disc, rotor, warped, vibration",Brake disc/rotor may be damaged. Inspect and replace if warped.
The squeal problem keeps happening,brake_pad_wear,"brake pad, squeal, worn pad, grinding",Brake pads are worn. Replace pads to restore safe braking.
My fade is causing issues,brake_overheating,"overheat, smell, hot brakes, fade","Brakes overheating. Stop safely, let them cool, and avoid aggressive braking."
Car shows grinding during braking,brake_pad_wear,"brake pad, squeal, worn pad, grinding",Brake pads are worn. Replace pads to restore safe braking.
My rotor is causing issues,brake_disc_damage,"disc, rotor, warped, vibration",Brake disc/rotor may be damaged. Inspect and replace if warped.
I hear smell when braking,brake_overheating,"overheat, smell, hot brakes, fade","Brakes overheating. Stop safely, let them cool, and avoid aggressive braking."
I hear disc when braking,brake_disc_damage,"disc, rotor, warped, vibration",Brake disc/rotor may be damaged. Inspect and replace if warped.
"Brake feels strange, maybe squeal",brake_pad_wear,"brake pad, squeal, worn pad, grinding",Brake pads are worn. Replace pads to restore safe braking.
Car shows brake fluid during braking,brake_fluid_leak,"brake fluid, fluid leak, pedal floor, low fluid",Brake fluid may be leaking. Check reservoir and lines immediately.
Car shows bleed brakes during braking,air_in_brake_lines,"spongy pedal, air lines, soft brake, bleed brakes",Air in brake lines. Bleed brakes to restore firmness.
Car shows warped during braking,brake_disc_damage,"disc, rotor, warped, vibration",Brake disc/rotor may be damaged. Inspect and replace if warped.
I hear spongy pedal when braking,air_in_brake_lines,"spongy pedal, air lines, soft brake, bleed brakes",Air in brake lines. Bleed brakes to restore firmness.
I hear warning light when braking,brake_system_alert,"warning light, dashboard, ABS, alert",Brake system alert. Check fluid level and ABS sensors.
The fluid leak problem keeps happening,brake_fluid_leak,"brake fluid, fluid leak, pedal floor, low fluid",Brake fluid may be leaking. Check reservoir and lines immediately.
"Brake feels strange, maybe pulling side",uneven_brake_force,"pulling side, uneven brake, caliper, imbalance",Uneven brake force. Inspect calipers and brake fluid distribution.
"Brake feels strange, maybe soft brake",air_in_brake_lines,"spongy pedal, air lines, soft brake, bleed brakes",Air in brake lines. Bleed brakes to restore firmness.
Why is my alert acting up?,brake_system_alert,"warning light, dashboard, ABS, alert",Brake system alert. Check fluid level and ABS sensors.
The warning light problem keeps happening,brake_system_alert,"warning light, dashboard, ABS, alert",Brake system alert. Check fluid level and ABS sensors.
My uneven brake is causing issues,uneven_brake_force,"pulling side, uneven brake, caliper, imbalance",Uneven brake force. Inspect calipers and brake fluid distribution.
Why is my vibration acting up?,brake_disc_damage,"disc, rotor, warped, vibration",Brake disc/rotor may be damaged. Inspect and replace if warped.
Why is my alert acting up?,brake_system_alert,"warning light, dashboard, ABS, alert",Brake system alert. Check fluid level and ABS sensors.
My brake pad is causing issues,brake_pad_wear,"brake pad, squeal, worn pad, grinding",Brake pads are worn. Replace pads to restore safe braking.
I hear ABS when braking,brake_system_alert,"warning light, dashboard, ABS, alert",Brake system alert. Check fluid level and ABS sensors.
"Brake feels strange, maybe dashboard",brake_system_alert,"warning light, dashboard, ABS, alert",Brake system alert. Check fluid level and ABS sensors.
Car shows pulling side during braking,uneven_brake_force,"pulling side, uneven brake, caliper, imbalance",Uneven brake force. Inspect calipers and brake fluid distribution.
"Brake feels strange, maybe spongy pedal",air_in_brake_lines,"spongy pedal, air lines, soft brake, bleed brakes",Air in brake lines. Bleed brakes to restore firmness.
My fluid leak is causing issues,brake_fluid_leak,"brake fluid, fluid leak, pedal floor, low fluid",Brake fluid may be leaking. Check reservoir and lines immediately.
I hear dashboard when braking,brake_system_alert,"warning light, dashboard, ABS, alert",Brake system alert. Check fluid level and ABS sensors.
The disc problem keeps happening,brake_disc_damage,"disc, rotor, warped, vibration",Brake disc/rotor may be damaged. Inspect and replace if warped.
The smell problem keeps happening,brake_overheating,"overheat, smell, hot brakes, fade","Brakes overheating. Stop safely, let them cool, and avoid aggressive braking."
Car shows ABS during braking,brake_system_alert,"warning light, dashboard, ABS, alert",Brake system alert. Check fluid level and ABS sensors.
The disc problem keeps happening,brake_disc_damage,"disc, rotor, warped, vibration",Brake disc/rotor may be damaged. Inspect and replace if warped.
Car shows low fluid during braking,brake_fluid_leak,"brake fluid, fluid leak, pedal floor, low fluid",Brake fluid may be leaking. Check reservoir and lines immediately.
Car shows imbalance during braking,uneven_brake_force,"pulling side, uneven brake, caliper, imbalance",Uneven brake force. Inspect calipers and brake fluid distribution.
"Brake feels strange, maybe fade",brake_overheating,"overheat, smell, hot brakes, fade","Brakes overheating. Stop safely, let them cool, and avoid aggressive braking."
The disc problem keeps happening,brake_disc_damage,"disc, rotor, warped, vibration",Brake disc/rotor may be damaged. Inspect and replace if warped.
I hear imbalance when braking,uneven_brake_force,"pulling side, uneven brake, caliper, imbalance",Uneven brake force. Inspect calipers and brake fluid distribution.
Car shows grinding during braking,brake_pad_wear,"brake pad, squeal, worn pad, grinding",Brake pads are worn. Replace pads to restore safe braking.
Car shows fade during braking,brake_overheating,"overheat, smell, hot brakes, fade","Brakes overheating. Stop safely, let them cool, and avoid aggressive braking."
The squeal problem keeps happening,brake_pad_wear,"brake pad, squeal, worn pad, grinding",Brake pads are worn. Replace pads to restore safe braking.
Why is my squeal acting up?,brake_pad_wear,"brake pad, squeal, worn pad, grinding",Brake pads are worn. Replace pads to restore safe braking.
I hear caliper when braking,uneven_brake_force,"pulling side, uneven brake, caliper, imbalance",Uneven brake force. Inspect calipers and brake fluid distribution.
"Brake feels strange, maybe grinding",brake_pad_wear,"brake pad, squeal, worn pad, grinding",Brake pads are worn. Replace pads to restore safe braking.
"Brake feels strange, maybe low fluid",brake_fluid_leak,"brake fluid, fluid leak, pedal floor, low fluid",Brake fluid may be leaking. Check reservoir and lines immediately.
"Brake feels strange, maybe worn pad",brake_pad_wear,"brake pad, squeal, worn pad, grinding",Brake pads are worn. Replace pads to restore safe braking.
The fade problem keeps happening,brake_overheating,"overheat, smell, hot brakes, fade","Brakes overheating. Stop safely, let them cool, and avoid aggressive braking."
Why is my fluid leak acting up?,brake_fluid_leak,"brake fluid, fluid leak, pedal floor, low fluid",Brake fluid may be leaking. Check reservoir and lines immediately.
I hear grinding when braking,brake_pad_wear,"brake pad, squeal, worn pad, grinding",Brake pads are worn. Replace pads to restore safe braking.
Why is my brake fluid acting up?,brake_fluid_leak,"brake fluid, fluid leak, pedal floor, low fluid",Brake fluid may be leaking. Check reservoir and lines immediately.
I hear grinding when braking,brake_pad_wear,"brake pad, squeal, worn pad, grinding",Brake pads are worn. Replace pads to restore safe braking.
I hear low fluid when braking,brake_fluid_leak,"brake fluid, fluid leak, pedal floor, low fluid",Brake fluid may be leaking. Check reservoir and lines immediately.
I hear bleed brakes when braking,air_in_brake_lines,"spongy pedal, air lines, soft brake, bleed brakes",Air in brake lines. Bleed brakes to restore firmness.
"Brake feels strange, maybe ABS",brake_system_alert,"warning light, dashboard, ABS, alert",Brake system alert. Check fluid level and ABS sensors.
I hear spongy pedal when braking,air_in_brake_lines,"spongy pedal, air lines, soft brake, bleed brakes",Air in brake lines. Bleed brakes to restore firmness.
The ABS problem keeps happening,brake_system_alert,"warning light, dashboard, ABS, alert",Brake system alert. Check fluid level and ABS sensors.
The alert problem keeps happening,brake_system_alert,"warning light, dashboard, ABS, alert",Brake system alert. Check fluid level and ABS sensors.
Why is my air lines acting up?,air_in_brake_lines,"spongy pedal, air lines, soft brake, bleed brakes",Air in brake lines. Bleed brakes to restore firmness.
Car shows warped during braking,brake_disc_damage,"disc, rotor, warped, vibration",Brake disc/rotor may be damaged. Inspect and replace if warped.
The bleed brakes problem keeps happening,air_in_brake_lines,"spongy pedal, air lines, soft brake, bleed brakes",Air in brake lines. Bleed brakes to restore firmness.
I hear spongy pedal when braking,air_in_brake_lines,"spongy pedal, air lines, soft brake, bleed brakes",Air in brake lines. Bleed brakes to restore firmness.
My spongy pedal is causing issues,air_in_brake_lines,"spongy pedal, air lines, soft brake, bleed brakes",Air in brake lines. Bleed brakes to restore firmness.
Why is my grinding acting up?,brake_pad_wear,"brake pad, squeal, worn pad, grinding",Brake pads are worn. Replace pads to restore safe braking.
The worn pad problem keeps happening,brake_pad_wear,"brake pad, squeal, worn pad, grinding",Brake pads are worn. Replace pads to restore safe braking.
Why is my ABS acting up?,brake_system_alert,"warning light, dashboard, ABS, alert",Brake system alert. Check fluid level and ABS sensors.
My worn pad is causing issues,brake_pad_wear,"brake pad, squeal, worn pad, grinding",Brake pads are worn. Replace pads to restore safe braking.
Why is my worn pad acting up?,brake_pad_wear,"brake pad, squeal, worn pad, grinding",Brake pads are worn. Replace pads to restore safe braking.
Why is my air lines acting up?,air_in_brake_lines,"spongy pedal, air lines, soft brake, bleed brakes",Air in brake lines. Bleed brakes to restore firmness.
Why is my disc acting up?,brake_disc_damage,"disc, rotor, warped, vibration",Brake disc/rotor may be damaged. Inspect and replace if warped.
I hear alert when braking,brake_system_alert,"warning light, dashboard, ABS, alert",Brake system alert. Check fluid level and ABS sensors.
"Brake feels strange, maybe bleed brakes",air_in_brake_lines,"spongy pedal, air lines, soft brake, bleed brakes",Air in brake lines. Bleed brakes to restore firmness.
"Brake feels strange, maybe air lines",air_in_brake_lines,"spongy pedal, air lines, soft brake, bleed brakes",Air in brake lines. Bleed brakes to restore firmness.
Car shows caliper during braking,uneven_brake_force,"pulling side, uneven brake, caliper, imbalance",Uneven brake force. Inspect calipers and brake fluid distribution.
The ABS problem keeps happening,brake_system_alert,"warning light, dashboard, ABS, alert",Brake system alert. Check fluid level and ABS sensors.
I hear smell when braking,brake_overheating,"overheat, smell, hot brakes, fade","Brakes overheating. Stop safely, let them cool, and avoid aggressive braking."
Why is my bleed brakes acting up?,air_in_brake_lines,"spongy pedal, air lines, soft brake, bleed brakes",Air in brake lines. Bleed brakes to restore firmness.
I hear fade when braking,brake_overheating,"overheat, smell, hot brakes, fade","Brakes overheating. Stop safely, let them cool, and avoid aggressive braking."
My air lines is causing issues,air_in_brake_lines,"spongy pedal, air lines, soft brake, bleed brakes",Air in brake lines. Bleed brakes to restore firmness.
Car shows low fluid during braking,brake_fluid_leak,"brake fluid, fluid leak, pedal floor, low fluid",Brake fluid may be leaking. Check reservoir and lines immediately.
Car shows pulling side during braking,uneven_brake_force,"pulling side, uneven brake, caliper, imbalance",Uneven brake force. Inspect calipers and brake fluid distribution.
My pulling side is causing issues,uneven_brake_force,"pulling side, uneven brake, caliper, imbalance",Uneven brake force. Inspect calipers and brake fluid distribution.
Car shows low fluid during braking,brake_fluid_leak,"brake fluid, fluid leak, pedal floor, low fluid",Brake fluid may be leaking. Check reservoir and lines immediately.
My fade is causing issues,brake_overheating,"overheat, smell, hot brakes, fade","Brakes overheating. Stop safely, let them cool, and avoid aggressive braking."
Car shows worn pad during braking,brake_pad_wear,"brake pad, squeal, worn pad, grinding",Brake pads are worn. Replace pads to restore safe braking.
My hot brakes is causing issues,brake_overheating,"overheat, smell, hot brakes, fade","Brakes overheating. Stop safely, let them cool, and avoid aggressive braking."
My worn pad is causing issues,brake_pad_wear,"brake pad, squeal, worn pad, grinding",Brake pads are worn. Replace pads to restore safe braking.
Car shows bleed brakes during braking,air_in_brake_lines,"spongy pedal, air lines, soft brake, bleed brakes",Air in brake lines. Bleed brakes to restore firmness.
Car shows soft brake during braking,air_in_brake_lines,"spongy pedal, air lines, soft brake, bleed brakes",Air in brake lines. Bleed brakes to restore firmness.
The uneven brake problem keeps happening,uneven_brake_force,"pulling side, uneven brake, caliper, imbalance",Uneven brake force. Inspect calipers and brake fluid distribution.
The caliper problem keeps happening,uneven_brake_force,"pulling side, uneven brake, caliper, imbalance",Uneven brake force. Inspect calipers and brake fluid distribution.
My imbalance is causing issues,uneven_brake_force,"pulling side, uneven brake, caliper, imbalance",Uneven brake force. Inspect calipers and brake fluid distribution.
The soft brake problem keeps happening,air_in_brake_lines,"spongy pedal, air lines, soft brake, bleed brakes",Air in brake lines. Bleed brakes to restore firmness.
The spongy pedal problem keeps happening,air_in_brake_lines,"spongy pedal, air lines, soft brake, bleed brakes",Air in brake lines. Bleed brakes to restore firmness.
My warped is causing issues,brake_disc_damage,"disc, rotor, warped, vibration",Brake disc/rotor may be damaged. Inspect and replace if warped.
The fluid leak problem keeps happening,brake_fluid_leak,"brake fluid, fluid leak, pedal floor, low fluid",Brake fluid may be leaking. Check reservoir and lines immediately.
Why is my spongy pedal acting up?,air_in_brake_lines,"spongy pedal, air lines, soft brake, bleed brakes",Air in brake lines. Bleed brakes to restore firmness.
"Brake feels strange, maybe imbalance",uneven_brake_force,"pulling side, uneven brake, caliper, imbalance",Uneven brake force. Inspect calipers and brake fluid distribution.
My squeal is causing issues,brake_pad_wear,"brake pad, squeal, worn pad, grinding",Brake pads are worn. Replace pads to restore safe braking.
Why is my disc acting up?,brake_disc_damage,"disc, rotor, warped, vibration",Brake disc/rotor may be damaged. Inspect and replace if warped.
I hear pedal floor when braking,brake_fluid_leak,"brake fluid, fluid leak, pedal floor, low fluid",Brake fluid may be leaking. Check reservoir and lines immediately.
Car shows overheat during braking,brake_overheating,"overheat, smell, hot brakes, fade","Brakes overheating. Stop safely, let them cool, and avoid aggressive braking."
The smell problem keeps happening,brake_overheating,"overheat, smell, hot brakes, fade","Brakes overheating. Stop safely, let them cool, and avoid aggressive braking."
The hot brakes problem keeps happening,brake_overheating,"overheat, smell, hot brakes, fade","Brakes overheating. Stop safely, let them cool, and avoid aggressive braking."
My brake fluid is causing issues,brake_fluid_leak,"brake fluid, fluid leak, pedal floor, low fluid",Brake fluid may be leaking. Check reservoir and lines immediately.
Why is my grinding acting up?,brake_pad_wear,"brake pad, squeal, worn pad, grinding",Brake pads are worn. Replace pads to restore safe braking.
The uneven brake problem keeps happening,uneven_brake_force,"pulling side, uneven brake, caliper, imbalance",Uneven brake force. Inspect calipers and brake fluid distribution.
"Brake feels strange, maybe ABS",brake_system_alert,"warning light, dashboard, ABS, alert",Brake system alert. Check fluid level and ABS sensors.
The spongy pedal problem keeps happening,air_in_brake_lines,"spongy pedal, air lines, soft brake, bleed brakes",Air in brake lines. Bleed brakes to restore firmness.
The air lines problem keeps happening,air_in_brake_lines,"spongy pedal, air lines, soft brake, bleed brakes",Air in brake lines. Bleed brakes to restore firmness.
Why is my spongy pedal acting up?,air_in_brake_lines,"spongy pedal, air lines, soft brake, bleed brakes",Air in brake lines. Bleed brakes to restore firmness.
Why is my spongy pedal acting up?,air_in_brake_lines,"spongy pedal, air lines, soft brake, bleed brakes",Air in brake lines. Bleed brakes to restore firmness.
"Brake feels strange, maybe imbalance",uneven_brake_force,"pulling side, uneven brake, caliper, imbalance",Uneven brake force. Inspect calipers and brake fluid distribution.
Car shows caliper during braking,uneven_brake_force,"pulling side, uneven brake, caliper, imbalance",Uneven brake force. Inspect calipers and brake fluid distribution.
My disc is causing issues,brake_disc_damage,"disc, rotor, warped, vibration",Brake disc/rotor may be damaged. Inspect and replace if warped.
Car shows brake pad during braking,brake_pad_wear,"brake pad, squeal, worn pad, grinding",Brake pads are worn. Replace pads to restore safe braking.
I hear warning light when braking,brake_system_alert,"warning light, dashboard, ABS, alert",Brake system alert. Check fluid level and ABS sensors.
Why is my grinding acting up?,brake_pad_wear,"brake pad, squeal, worn pad, grinding",Brake pads are worn. Replace pads to restore safe braking.
Car shows dashboard during braking,brake_system_alert,"warning light, dashboard, ABS, alert",Brake system alert. Check fluid level and ABS sensors.
The imbalance problem keeps happening,uneven_brake_force,"pulling side, uneven brake, caliper, imbalance",Uneven brake force. Inspect calipers and brake fluid distribution.
Car shows smell during braking,brake_overheating,"overheat, smell, hot brakes, fade","Brakes overheating. Stop safely, let them cool, and avoid aggressive braking."
I hear air lines when braking,air_in_brake_lines,"spongy pedal, air lines, soft brake, bleed brakes",Air in brake lines. Bleed brakes to restore firmness.
"Brake feels strange, maybe fluid leak",brake_fluid_leak,"brake fluid, fluid leak, pedal floor, low fluid",Brake fluid may be leaking. Check reservoir and lines immediately.
The caliper problem keeps happening,uneven_brake_force,"pulling side, uneven brake, caliper, imbalance",Uneven brake force. Inspect calipers and brake fluid distribution.
Car shows brake pad during braking,brake_pad_wear,"brake pad, squeal, worn pad, grinding",Brake pads are worn. Replace pads to restore safe braking.
Why is my rotor acting up?,brake_disc_damage,"disc, rotor, warped, vibration",Brake disc/rotor may be damaged. Inspect and replace if warped.
My pulling side is causing issues,uneven_brake_force,"pulling side, uneven brake, caliper, imbalance",Uneven brake force. Inspect calipers and brake fluid distribution.
The bleed brakes problem keeps happening,air_in_brake_lines,"spongy pedal, air lines, soft brake, bleed brakes",Air in brake lines. Bleed brakes to restore firmness.
My low fluid is causing issues,brake_fluid_leak,"brake fluid, fluid leak, pedal floor, low fluid",Brake fluid may be leaking. Check reservoir and lines immediately.
I hear uneven brake when braking,uneven_brake_force,"pulling side, uneven brake, caliper, imbalance",Uneven brake force. Inspect calipers and brake fluid distribution.
Car shows brake fluid during braking,brake_fluid_leak,"brake fluid, fluid leak, pedal floor, low fluid",Brake fluid may be leaking. Check reservoir and lines immediately.
My pulling side is causing issues,uneven_brake_force,"pulling side, uneven brake, caliper, imbalance",Uneven brake force. Inspect calipers and brake fluid distribution.
My warped is causing issues,brake_disc_damage,"disc, rotor, warped, vibration",Brake disc/rotor may be damaged. Inspect and replace if warped.
"Brake feels strange, maybe disc",brake_disc_damage,"disc, rotor, warped, vibration",Brake disc/rotor may be damaged. Inspect and replace if warped.
I hear worn pad when braking,brake_pad_wear,"brake pad, squeal, worn pad, grinding",Brake pads are worn. Replace pads to restore safe braking.
Car shows warning light during braking,brake_system_alert,"warning light, dashboard, ABS, alert",Brake system alert. Check fluid level and ABS sensors.
The brake pad problem keeps happening,brake_pad_wear,"brake pad, squeal, worn pad, grinding",Brake pads are worn. Replace pads to restore safe braking.
"Brake feels strange, maybe fade",brake_overheating,"overheat, smell, hot brakes, fade","Brakes overheating. Stop safely, let them cool, and avoid aggressive braking."
"Brake feels strange, maybe soft brake",air_in_brake_lines,"spongy pedal, air lines, soft brake, bleed brakes",Air in brake lines. Bleed brakes to restore firmness.
"Brake feels strange, maybe smell",brake_overheating,"overheat, smell, hot brakes, fade","Brakes overheating. Stop safely, let them cool, and avoid aggressive braking."
Why is my warped acting up?,brake_disc_damage,"disc, rotor, warped, vibration",Brake disc/rotor may be damaged. Inspect and replace if warped.
The disc problem keeps happening,brake_disc_damage,"disc, rotor, warped, vibration",Brake disc/rotor may be damaged. Inspect and replace if warped.
The rotor problem keeps happening,brake_disc_damage,"disc, rotor, warped, vibration",Brake disc/rotor may be damaged. Inspect and replace if warped.
Why is my overheat acting up?,brake_overheating,"overheat, smell, hot brakes, fade","Brakes overheating. Stop safely, let them cool, and avoid aggressive braking."
My pulling side is causing issues,uneven_brake_force,"pulling side, uneven brake, caliper, imbalance",Uneven brake force. Inspect calipers and brake fluid distribution.
I hear grinding when braking,brake_pad_wear,"brake pad, squeal, worn pad, grinding",Brake pads are worn. Replace pads to restore safe braking.
The brake pad problem keeps happening,brake_pad_wear,"brake pad, squeal, worn pad, grinding",Brake pads are worn. Replace pads to restore safe braking.
My fade is causing issues,brake_overheating,"overheat, smell, hot brakes, fade","Brakes overheating. Stop safely, let them cool, and avoid aggressive braking."
I hear bleed brakes when braking,air_in_brake_lines,"spongy pedal, air lines, soft brake, bleed brakes",Air in brake lines. Bleed brakes to restore firmness.
I hear smell when braking,brake_overheating,"overheat, smell, hot brakes, fade","Brakes overheating. Stop safely, let them cool, and avoid aggressive braking."
I hear fluid leak when braking,brake_fluid_leak,"brake fluid, fluid leak, pedal floor, low fluid",Brake fluid may be leaking. Check reservoir and lines immediately.
The pedal floor problem keeps happening,brake_fluid_leak,"brake fluid, fluid leak, pedal floor, low fluid",Brake fluid may be leaking. Check reservoir and lines immediately.
The imbalance problem keeps happening,uneven_brake_force,"pulling side, uneven brake, caliper, imbalance",Uneven brake force. Inspect calipers and brake fluid distribution.
Car shows fade during braking,brake_overheating,"overheat, smell, hot brakes, fade","Brakes overheating. Stop safely, let them cool, and avoid aggressive braking."
"Brake feels strange, maybe alert",brake_system_alert,"warning light, dashboard, ABS, alert",Brake system alert. Check fluid level and ABS sensors.
I hear bleed brakes when braking,air_in_brake_lines,"spongy pedal, air lines, soft brake, bleed brakes",Air in brake lines. Bleed brakes to restore firmness.
"Brake feels strange, maybe caliper",uneven_brake_force,"pulling side, uneven brake, caliper, imbalance",Uneven brake force. Inspect calipers and brake fluid distribution.
My smell is causing issues,brake_overheating,"overheat, smell, hot brakes, fade","Brakes overheating. Stop safely, let them cool, and avoid aggressive braking."
The air lines problem keeps happening,air_in_brake_lines,"spongy pedal, air lines, soft brake, bleed brakes",Air in brake lines. Bleed brakes to restore firmness.
I hear grinding when braking,brake_pad_wear,"brake pad, squeal, worn pad, grinding",Brake pads are worn. Replace pads to restore safe braking.
"Brake feels strange, maybe ABS",brake_system_alert,"warning light, dashboard, ABS, alert",Brake system alert. Check fluid level and ABS sensors.
Why is my soft brake acting up?,air_in_brake_lines,"spongy pedal, air lines, soft brake, bleed brakes",Air in brake lines. Bleed brakes to restore firmness.
"Brake feels strange, maybe caliper",uneven_brake_force,"pulling side, uneven brake, caliper, imbalance",Uneven brake force. Inspect calipers and brake fluid distribution.
I hear overheat when braking,brake_overheating,"overheat, smell, hot brakes, fade","Brakes overheating. Stop safely, let them cool, and avoid aggressive braking."
Car shows caliper during braking,uneven_brake_force,"pulling side, uneven brake, caliper, imbalance",Uneven brake force. Inspect calipers and brake fluid distribution.
I hear warped when braking,brake_disc_damage,"disc, rotor, warped, vibration",Brake disc/rotor may be damaged. Inspect and replace if warped.
I hear pulling side when braking,uneven_brake_force,"pulling side, uneven brake, caliper, imbalance",Uneven brake force. Inspect calipers and brake fluid distribution.
Car shows brake pad during braking,brake_pad_wear,"brake pad, squeal, worn pad, grinding",Brake pads are worn. Replace pads to restore safe braking.
I hear worn pad when braking,brake_pad_wear,"brake pad, squeal, worn pad, grinding",Brake pads are worn. Replace pads to restore safe braking.
"Brake feels strange, maybe pulling side",uneven_brake_force,"pulling side, uneven brake, caliper, imbalance",Uneven brake force. Inspect calipers and brake fluid distribution.
I hear rotor when braking,brake_disc_damage,"disc, rotor, warped, vibration",Brake disc/rotor may be damaged. Inspect and replace if warped.
My smell is causing issues,brake_overheating,"overheat, smell, hot brakes, fade","Brakes overheating. Stop safely, let them cool, and avoid aggressive braking."
The hot brakes problem keeps happening,brake_overheating,"overheat, smell, hot brakes, fade","Brakes overheating. Stop safely, let them cool, and avoid aggressive braking."
My bleed brakes is causing issues,air_in_brake_lines,"spongy pedal, air lines, soft brake, bleed brakes",Air in brake lines. Bleed brakes to restore firmness.
The vibration problem keeps happening,brake_disc_damage,"disc, rotor, warped, vibration",Brake disc/rotor may be damaged. Inspect and replace if warped.
The soft brake problem keeps happening,air_in_brake_lines,"spongy pedal, air lines, soft brake, bleed brakes",Air in brake lines. Bleed brakes to restore firmness.
The smell problem keeps happening,brake_overheating,"overheat, smell, hot brakes, fade","Brakes overheating. Stop safely, let them cool, and avoid aggressive braking."
Car shows soft brake during braking,air_in_brake_lines,"spongy pedal, air lines, soft brake, bleed brakes",Air in brake lines. Bleed brakes to restore firmness.
"Brake feels strange, maybe dashboard",brake_system_alert,"warning light, dashboard, ABS, alert",Brake system alert. Check fluid level and ABS sensors.
I hear uneven brake when braking,uneven_brake_force,"pulling side, uneven brake, caliper, imbalance",Uneven brake force. Inspect calipers and brake fluid distribution.
My caliper is causing issues,uneven_brake_force,"pulling side, uneven brake, caliper, imbalance",Uneven brake force. Inspect calipers and brake fluid distribution.
Car shows hot brakes during braking,brake_overheating,"overheat, smell, hot brakes, fade","Brakes overheating. Stop safely, let them cool, and avoid aggressive braking."
Why is my bleed brakes acting up?,air_in_brake_lines,"spongy pedal, air lines, soft brake, bleed brakes",Air in brake lines. Bleed brakes to restore firmness.
Why is my smell acting up?,brake_overheating,"overheat, smell, hot brakes, fade","Brakes overheating. Stop safely, let them cool, and avoid aggressive braking."
"Brake feels strange, maybe soft brake",air_in_brake_lines,"spongy pedal, air lines, soft brake, bleed brakes",Air in brake lines. Bleed brakes to restore firmness.
My overheat is causing issues,brake_overheating,"overheat, smell, hot brakes, fade","Brakes overheating. Stop safely, let them cool, and avoid aggressive braking."
My rotor is causing issues,brake_disc_damage,"disc, rotor, warped, vibration",Brake disc/rotor may be damaged. Inspect and replace if warped.
Why is my dashboard acting up?,brake_system_alert,"warning light, dashboard, ABS, alert",Brake system alert. Check fluid level and ABS sensors.
Car shows squeal during braking,brake_pad_wear,"brake pad, squeal, worn pad, grinding",Brake pads are worn. Replace pads to restore safe braking.
Why is my fade acting up?,brake_overheating,"overheat, smell, hot brakes, fade","Brakes overheating. Stop safely, let them cool, and avoid aggressive braking."
"Brake feels strange, maybe grinding",brake_pad_wear,"brake pad, squeal, worn pad, grinding",Brake pads are worn. Replace pads to restore safe braking.
Car shows worn pad during braking,brake_pad_wear,"brake pad, squeal, worn pad, grinding",Brake pads are worn. Replace pads to restore safe braking.
"Brake feels strange, maybe warped",brake_disc_damage,"disc, rotor, warped, vibration",Brake disc/rotor may be damaged. Inspect and replace if warped.
"Brake feels strange, maybe brake fluid",brake_fluid_leak,"brake fluid, fluid leak, pedal floor, low fluid",Brake fluid may be leaking. Check reservoir and lines immediately.
My overheat is causing issues,brake_overheating,"overheat, smell, hot brakes, fade","Brakes overheating. Stop safely, let them cool, and avoid aggressive braking."
Why is my fluid leak acting up?,brake_fluid_leak,"brake fluid, fluid leak, pedal floor, low fluid",Brake fluid may be leaking. Check reservoir and lines immediately.
I hear overheat when braking,brake_overheating,"overheat, smell, hot brakes, fade","Brakes overheating. Stop safely, let them cool, and avoid aggressive braking."
I hear ABS when braking,brake_system_alert,"warning light, dashboard, ABS, alert",Brake system alert. Check fluid level and ABS sensors.
The fluid leak problem keeps happening,brake_fluid_leak,"brake fluid, fluid leak, pedal floor, low fluid",Brake fluid may be leaking. Check reservoir and lines immediately.
Car shows low fluid during braking,brake_fluid_leak,"brake fluid, fluid leak, pedal floor, low fluid",Brake fluid may be leaking. Check reservoir and lines immediately.
"Brake feels strange, maybe brake fluid",brake_fluid_leak,"brake fluid, fluid leak, pedal floor, low fluid",Brake fluid may be leaking. Check reservoir and lines immediately.
Car shows grinding during braking,brake_pad_wear,"brake pad, squeal, worn pad, grinding",Brake pads are worn. Replace pads to restore safe braking.
Why is my imbalance acting up?,uneven_brake_force,"pulling side, uneven brake, caliper, imbalance",Uneven brake force. Inspect calipers and brake fluid distribution.
"Brake feels strange, maybe brake pad",brake_pad_wear,"brake pad, squeal, worn pad, grinding",Brake pads are worn. Replace pads to restore safe braking.
"Brake feels strange, maybe dashboard",brake_system_alert,"warning light, dashboard, ABS, alert",Brake system alert. Check fluid level and ABS sensors.
I hear air lines when braking,air_in_brake_lines,"spongy pedal, air lines, soft brake, bleed brakes",Air in brake lines. Bleed brakes to restore firmness.
I hear warped when braking,brake_disc_damage,"disc, rotor, warped, vibration",Brake disc/rotor may be damaged. Inspect and replace if warped.
I hear warning light when braking,brake_system_alert,"warning light, dashboard, ABS, alert",Brake system alert. Check fluid level and ABS sensors.
The smell problem keeps happening,brake_overheating,"overheat, smell, hot brakes, fade","Brakes overheating. Stop safely, let them cool, and avoid aggressive braking."
Why is my fluid leak acting up?,brake_fluid_leak,"brake fluid, fluid leak, pedal floor, low fluid",Brake fluid may be leaking. Check reservoir and lines immediately.
"Brake feels strange, maybe warped",brake_disc_damage,"disc, rotor, warped, vibration",Brake disc/rotor may be damaged. Inspect and replace if warped.
Car shows bleed brakes during braking,air_in_brake_lines,"spongy pedal, air lines, soft brake, bleed brakes",Air in brake lines. Bleed brakes to restore firmness.
I hear bleed brakes when braking,air_in_brake_lines,"spongy pedal, air lines, soft brake, bleed brakes",Air in brake lines. Bleed brakes to restore firmness.
My spongy pedal is causing issues,air_in_brake_lines,"spongy pedal, air lines, soft brake, bleed brakes",Air in brake lines. Bleed brakes to restore firmness.
Why is my dashboard acting up?,brake_system_alert,"warning light, dashboard, ABS, alert",Brake system alert. Check fluid level and ABS sensors.
I hear fade when braking,brake_overheating,"overheat, smell, hot brakes, fade","Brakes overheating. Stop safely, let them cool, and avoid aggressive braking."
The brake pad problem keeps happening,brake_pad_wear,"brake pad, squeal, worn pad, grinding",Brake pads are worn. Replace pads to restore safe braking.
I hear pedal floor when braking,brake_fluid_leak,"brake fluid, fluid leak, pedal floor, low fluid",Brake fluid may be leaking. Check reservoir and lines immediately.
Car shows squeal during braking,brake_pad_wear,"brake pad, squeal, worn pad, grinding",Brake pads are worn. Replace pads to restore safe braking.
"Brake feels strange, maybe overheat",brake_overheating,"overheat, smell, hot brakes, fade","Brakes overheating. Stop safely, let them cool, and avoid aggressive braking."
The hot brakes problem keeps happening,brake_overheating,"overheat, smell, hot brakes, fade","Brakes overheating. Stop safely, let them cool, and avoid aggressive braking."
The warped problem keeps happening,brake_disc_damage,"disc, rotor, warped, vibration",Brake disc/rotor may be damaged. Inspect and replace if warped.
Car shows warped during braking,brake_disc_damage,"disc, rotor, warped, vibration",Brake disc/rotor may be damaged. Inspect and replace if warped.
My squeal is causing issues,brake_pad_wear,"brake pad, squeal, worn pad, grinding",Brake pads are worn. Replace pads to restore safe braking.
My worn pad is causing issues,brake_pad_wear,"brake pad, squeal, worn pad, grinding",Brake pads are worn. Replace pads to restore safe braking.
My worn pad is causing issues,brake_pad_wear,"brake pad, squeal, worn pad, grinding",Brake pads are worn. Replace pads to restore safe braking.
I hear grinding when braking,brake_pad_wear,"brake pad, squeal, worn pad, grinding",Brake pads are worn. Replace pads to restore safe braking.
Car shows squeal during braking,brake_pad_wear,"brake pad, squeal, worn pad, grinding",Brake pads are worn. Replace pads to restore safe braking.
Car shows overheat during braking,brake_overheating,"overheat, smell, hot brakes, fade","Brakes overheating. Stop safely, let them cool, and avoid aggressive braking."
My dashboard is causing issues,brake_system_alert,"warning light, dashboard, ABS, alert",Brake system alert. Check fluid level and ABS sensors.
The imbalance problem keeps happening,uneven_brake_force,"pulling side, uneven brake, caliper, imbalance",Uneven brake force. Inspect calipers and brake fluid distribution.
"Brake feels strange, maybe warped",brake_disc_damage,"disc, rotor, warped, vibration",Brake disc/rotor may be damaged. Inspect and replace if warped.
"Brake feels strange, maybe uneven brake",uneven_brake_force,"pulling side, uneven brake, caliper, imbalance",Uneven brake force. Inspect calipers and brake fluid distribution.
Car shows soft brake during braking,air_in_brake_lines,"spongy pedal, air lines, soft brake, bleed brakes",Air in brake lines. Bleed brakes to restore firmness.
The ABS problem keeps happening,brake_system_alert,"warning light, dashboard, ABS, alert",Brake system alert. Check fluid level and ABS sensors.
The squeal problem keeps happening,brake_pad_wear,"brake pad, squeal, worn pad, grinding",Brake pads are worn. Replace pads to restore safe braking.
Car shows air lines during braking,air_in_brake_lines,"spongy pedal, air lines, soft brake, bleed brakes",Air in brake lines. Bleed brakes to restore firmness.
My worn pad is causing issues,brake_pad_wear,"brake pad, squeal, worn pad, grinding",Brake pads are worn. Replace pads to restore safe braking.
"Brake feels strange, maybe fluid leak",brake_fluid_leak,"brake fluid, fluid leak, pedal floor, low fluid",Brake fluid may be leaking. Check reservoir and lines immediately.
Car shows fluid leak during braking,brake_fluid_leak,"brake fluid, fluid leak, pedal floor, low fluid",Brake fluid may be leaking. Check reservoir and lines immediately.
Why is my spongy pedal acting up?,air_in_brake_lines,"spongy pedal, air lines, soft brake, bleed brakes",Air in brake lines. Bleed brakes to restore firmness.
Why is my uneven brake acting up?,uneven_brake_force,"pulling side, uneven brake, caliper, imbalance",Uneven brake force. Inspect calipers and brake fluid distribution.
My hot brakes is causing issues,brake_overheating,"overheat, smell, hot brakes, fade","Brakes overheating. Stop safely, let them cool, and avoid aggressive braking."
I hear vibration when braking,brake_disc_damage,"disc, rotor, warped, vibration",Brake disc/rotor may be damaged. Inspect and replace if warped.
Car shows low fluid during braking,brake_fluid_leak,"brake fluid, fluid leak, pedal floor, low fluid",Brake fluid may be leaking. Check reservoir and lines immediately.
"Brake feels strange, maybe pedal floor",brake_fluid_leak,"brake fluid, fluid leak, pedal floor, low fluid",Brake fluid may be leaking. Check reservoir and lines immediately.
My rotor is causing issues,brake_disc_damage,"disc, rotor, warped, vibration",Brake disc/rotor may be damaged. Inspect and replace if warped.
Car shows pedal floor during braking,brake_fluid_leak,"brake fluid, fluid leak, pedal floor, low fluid",Brake fluid may be leaking. Check reservoir and lines immediately.
My fade is causing issues,brake_overheating,"overheat, smell, hot brakes, fade","Brakes overheating. Stop safely, let them cool, and avoid aggressive braking."
My imbalance is causing issues,uneven_brake_force,"pulling side, uneven brake, caliper, imbalance",Uneven brake force. Inspect calipers and brake fluid distribution.
Car shows pedal floor during braking,brake_fluid_leak,"brake fluid, fluid leak, pedal floor, low fluid",Brake fluid may be leaking. Check reservoir and lines immediately.
I hear grinding when braking,brake_pad_wear,"brake pad, squeal, worn pad, grinding",Brake pads are worn. Replace pads to restore safe braking.
The overheat problem keeps happening,brake_overheating,"overheat, smell, hot brakes, fade","Brakes overheating. Stop safely, let them cool, and avoid aggressive braking."
I hear air lines when braking,air_in_brake_lines,"spongy pedal, air lines, soft brake, bleed brakes",Air in brake lines. Bleed brakes to restore firmness.
My warped is causing issues,brake_disc_damage,"disc, rotor, warped, vibration",Brake disc/rotor may be damaged. Inspect and replace if warped.
Why is my dashboard acting up?,brake_system_alert,"warning light, dashboard, ABS, alert",Brake system alert. Check fluid level and ABS sensors.
The grinding problem keeps happening,brake_pad_wear,"brake pad, squeal, worn pad, grinding",Brake pads are worn. Replace pads to restore safe braking.
Why is my dashboard acting up?,brake_system_alert,"warning light, dashboard, ABS, alert",Brake system alert. Check fluid level and ABS sensors.
Why is my air lines acting up?,air_in_brake_lines,"spongy pedal, air lines, soft brake, bleed brakes",Air in brake lines. Bleed brakes to restore firmness.
I hear hot brakes when braking,brake_overheating,"overheat, smell, hot brakes, fade","Brakes overheating. Stop safely, let them cool, and avoid aggressive braking."
Why is my soft brake acting up?,air_in_brake_lines,"spongy pedal, air lines, soft brake, bleed brakes",Air in brake lines. Bleed brakes to restore firmness.
The grinding problem keeps happening,brake_pad_wear,"brake pad, squeal, worn pad, grinding",Brake pads are worn. Replace pads to restore safe braking.
I hear low fluid when braking,brake_fluid_leak,"brake fluid, fluid leak, pedal floor, low fluid",Brake fluid may be leaking. Check reservoir and lines immediately.
Car shows uneven brake during braking,uneven_brake_force,"pulling side, uneven brake, caliper, imbalance",Uneven brake force. Inspect calipers and brake fluid distribution.
My smell is causing issues,brake_overheating,"overheat, smell, hot brakes, fade","Brakes overheating. Stop safely, let them cool, and avoid aggressive braking."
Why is my air lines acting up?,air_in_brake_lines,"spongy pedal, air lines, soft brake, bleed brakes",Air in brake lines. Bleed brakes to restore firmness.
My dashboard is causing issues,brake_system_alert,"warning light, dashboard, ABS, alert",Brake system alert. Check fluid level and ABS sensors.
The dashboard problem keeps happening,brake_system_alert,"warning light, dashboard, ABS, alert",Brake system alert. Check fluid level and ABS sensors.
"Brake feels strange, maybe overheat",brake_overheating,"overheat, smell, hot brakes, fade","Brakes overheating. Stop safely, let them cool, and avoid aggressive braking."
The ABS problem keeps happening,brake_system_alert,"warning light, dashboard, ABS, alert",Brake system alert. Check fluid level and ABS sensors.
"Brake feels strange, maybe brake fluid",brake_fluid_leak,"brake fluid, fluid leak, pedal floor, low fluid",Brake fluid may be leaking. Check reservoir and lines immediately.
Why is my brake fluid acting up?,brake_fluid_leak,"brake fluid, fluid leak, pedal floor, low fluid",Brake fluid may be leaking. Check reservoir and lines immediately.
Why is my imbalance acting up?,uneven_brake_force,"pulling side, uneven brake, caliper, imbalance",Uneven brake force. Inspect calipers and brake fluid distribution.
Car shows rotor during braking,brake_disc_damage,"disc, rotor, warped, vibration",Brake disc/rotor may be damaged. Inspect and replace if warped.
Why is my imbalance acting up?,uneven_brake_force,"pulling side, uneven brake, caliper, imbalance",Uneven brake force. Inspect calipers and brake fluid distribution.
My caliper is causing issues,uneven_brake_force,"pulling side, uneven brake, caliper, imbalance",Uneven brake force. Inspect calipers and brake fluid distribution.
Why is my ABS acting up?,brake_system_alert,"warning light, dashboard, ABS, alert",Brake system alert. Check fluid level and ABS sensors.
Car shows brake pad during braking,brake_pad_wear,"brake pad, squeal, worn pad, grinding",Brake pads are worn. Replace pads to restore safe braking.
The rotor problem keeps happening,brake_disc_damage,"disc, rotor, warped, vibration",Brake disc/rotor may be damaged. Inspect and replace if warped.
Car shows squeal during braking,brake_pad_wear,"brake pad, squeal, worn pad, grinding",Brake pads are worn. Replace pads to restore safe braking.
Car shows pedal floor during braking,brake_fluid_leak,"brake fluid, fluid leak, pedal floor, low fluid",Brake fluid may be leaking. Check reservoir and lines immediately.
The dashboard problem keeps happening,brake_system_alert,"warning light, dashboard, ABS, alert",Brake system alert. Check fluid level and ABS sensors.
I hear air lines when braking,air_in_brake_lines,"spongy pedal, air lines, soft brake, bleed brakes",Air in brake lines. Bleed brakes to restore firmness.
Why is my pulling side acting up?,uneven_brake_force,"pulling side, uneven brake, caliper, imbalance",Uneven brake force. Inspect calipers and brake fluid distribution.
"Brake feels strange, maybe pedal floor",brake_fluid_leak,"brake fluid, fluid leak, pedal floor, low fluid",Brake fluid may be leaking. Check reservoir and lines immediately.
"Brake feels strange, maybe smell",brake_overheating,"overheat, smell, hot brakes, fade","Brakes overheating. Stop safely, let them cool, and avoid aggressive braking."
I hear warped when braking,brake_disc_damage,"disc, rotor, warped, vibration",Brake disc/rotor may be damaged. Inspect and replace if warped.
"Brake feels strange, maybe low fluid",brake_fluid_leak,"brake fluid, fluid leak, pedal floor, low fluid",Brake fluid may be leaking. Check reservoir and lines immediately.
"Brake feels strange, maybe smell",brake_overheating,"overheat, smell, hot brakes, fade","Brakes overheating. Stop safely, let them cool, and avoid aggressive braking."
Car shows caliper during braking,uneven_brake_force,"pulling side, uneven brake, caliper, imbalance",Uneven brake force. Inspect calipers and brake fluid distribution.
Car shows soft brake during braking,air_in_brake_lines,"spongy pedal, air lines, soft brake, bleed brakes",Air in brake lines. Bleed brakes to restore firmness.
Car shows squeal during braking,brake_pad_wear,"brake pad, squeal, worn pad, grinding",Brake pads are worn. Replace pads to restore safe braking.
My warning light is causing issues,brake_system_alert,"warning light, dashboard, ABS, alert",Brake system alert. Check fluid level and ABS sensors.
Car shows uneven brake during braking,uneven_brake_force,"pulling side, uneven brake, caliper, imbalance",Uneven brake force. Inspect calipers and brake fluid distribution.
Why is my spongy pedal acting up?,air_in_brake_lines,"spongy pedal, air lines, soft brake, bleed brakes",Air in brake lines. Bleed brakes to restore firmness.
"Brake feels strange, maybe overheat",brake_overheating,"overheat, smell, hot brakes, fade","Brakes overheating. Stop safely, let them cool, and avoid aggressive braking."
Why is my fluid leak acting up?,brake_fluid_leak,"brake fluid, fluid leak, pedal floor, low fluid",Brake fluid may be leaking. Check reservoir and lines immediately.
My bleed brakes is causing issues,air_in_brake_lines,"spongy pedal, air lines, soft brake, bleed brakes",Air in brake lines. Bleed brakes to restore firmness.
Car shows hot brakes during braking,brake_overheating,"overheat, smell, hot brakes, fade","Brakes overheating. Stop safely, let them cool, and avoid aggressive braking."
I hear hot brakes when braking,brake_overheating,"overheat, smell, hot brakes, fade","Brakes overheating. Stop safely, let them cool, and avoid aggressive braking."
"Brake feels strange, maybe air lines",air_in_brake_lines,"spongy pedal, air lines, soft brake, bleed brakes",Air in brake lines. Bleed brakes to restore firmness.
The rotor problem keeps happening,brake_disc_damage,"disc, rotor, warped, vibration",Brake disc/rotor may be damaged. Inspect and replace if warped.
The warning light problem keeps happening,brake_system_alert,"warning light, dashboard, ABS, alert",Brake system alert. Check fluid level and ABS sensors.
I hear imbalance when braking,uneven_brake_force,"pulling side, uneven brake, caliper, imbalance",Uneven brake force. Inspect calipers and brake fluid distribution.
Why is my smell acting up?,brake_overheating,"overheat, smell, hot brakes, fade","Brakes overheating. Stop safely, let them cool, and avoid aggressive braking."
"Brake feels strange, maybe smell",brake_overheating,"overheat, smell, hot brakes, fade","Brakes overheating. Stop safely, let them cool, and avoid aggressive braking."
My worn pad is causing issues,brake_pad_wear,"brake pad, squeal, worn pad, grinding",Brake pads are worn. Replace pads to restore safe braking.
The pedal floor problem keeps happening,brake_fluid_leak,"brake fluid, fluid leak, pedal floor, low fluid",Brake fluid may be leaking. Check reservoir and lines immediately.
I hear warped when braking,brake_disc_damage,"disc, rotor, warped, vibration",Brake disc/rotor may be damaged. Inspect and replace if warped.
My overheat is causing issues,brake_overheating,"overheat, smell, hot brakes, fade","Brakes overheating. Stop safely, let them cool, and avoid aggressive braking."
My overheat is causing issues,brake_overheating,"overheat, smell, hot brakes, fade","Brakes overheating. Stop safely, let them cool, and avoid aggressive braking."
Car shows spongy pedal during braking,air_in_brake_lines,"spongy pedal, air lines, soft brake, bleed brakes",Air in brake lines. Bleed brakes to restore firmness.
"Brake feels strange, maybe alert",brake_system_alert,"warning light, dashboard, ABS, alert",Brake system alert. Check fluid level and ABS sensors.
I hear low fluid when braking,brake_fluid_leak,"brake fluid, fluid leak, pedal floor, low fluid",Brake fluid may be leaking. Check reservoir and lines immediately.
My caliper is causing issues,uneven_brake_force,"pulling side, uneven brake, caliper, imbalance",Uneven brake force. Inspect calipers and brake fluid distribution.
The rotor problem keeps happening,brake_disc_damage,"disc, rotor, warped, vibration",Brake disc/rotor may be damaged. Inspect and replace if warped.
"Brake feels strange, maybe imbalance",uneven_brake_force,"pulling side, uneven brake, caliper, imbalance",Uneven brake force. Inspect calipers and brake fluid distribution.
Car shows disc during braking,brake_disc_damage,"disc, rotor, warped, vibration",Brake disc/rotor may be damaged. Inspect and replace if warped.
Why is my smell acting up?,brake_overheating,"overheat, smell, hot brakes, fade","Brakes overheating. Stop safely, let them cool, and avoid aggressive braking."
Car shows ABS during braking,brake_system_alert,"warning light, dashboard, ABS, alert",Brake system alert. Check fluid level and ABS sensors.
Car shows soft brake during braking,air_in_brake_lines,"spongy pedal, air lines, soft brake, bleed brakes",Air in brake lines. Bleed brakes to restore firmness.
The squeal problem keeps happening,brake_pad_wear,"brake pad, squeal, worn pad, grinding",Brake pads are worn. Replace pads to restore safe braking.
My air lines is causing issues,air_in_brake_lines,"spongy pedal, air lines, soft brake, bleed brakes",Air in brake lines. Bleed brakes to restore firmness.
Car shows pulling side during braking,uneven_brake_force,"pulling side, uneven brake, caliper, imbalance",Uneven brake force. Inspect calipers and brake fluid distribution.
Car shows fluid leak during braking,brake_fluid_leak,"brake fluid, fluid leak, pedal floor, low fluid",Brake fluid may be leaking. Check reservoir and lines immediately.
Why is my fade acting up?,brake_overheating,"overheat, smell, hot brakes, fade","Brakes overheating. Stop safely, let them cool, and avoid aggressive braking."
"Brake feels strange, maybe brake pad",brake_pad_wear,"brake pad, squeal, worn pad, grinding",Brake pads are worn. Replace pads to restore safe braking.
I hear worn pad when braking,brake_pad_wear,"brake pad, squeal, worn pad, grinding",Brake pads are worn. Replace pads to restore safe braking.
My fade is causing issues,brake_overheating,"overheat, smell, hot brakes, fade","Brakes overheating. Stop safely, let them cool, and avoid aggressive braking."
Car shows disc during braking,brake_disc_damage,"disc, rotor, warped, vibration",Brake disc/rotor may be damaged. Inspect and replace if warped.
"Brake feels strange, maybe smell",brake_overheating,"overheat, smell, hot brakes, fade","Brakes overheating. Stop safely, let them cool, and avoid aggressive braking."
"Brake feels strange, maybe fluid leak",brake_fluid_leak,"brake fluid, fluid leak, pedal floor, low fluid",Brake fluid may be leaking. Check reservoir and lines immediately.
"Brake feels strange, maybe warning light",brake_system_alert,"warning light, dashboard, ABS, alert",Brake system alert. Check fluid level and ABS sensors.
"Brake feels strange, maybe air lines",air_in_brake_lines,"spongy pedal, air lines, soft brake, bleed brakes",Air in brake lines. Bleed brakes to restore firmness.
Car shows fluid leak during braking,brake_fluid_leak,"brake fluid, fluid leak, pedal floor, low fluid",Brake fluid may be leaking. Check reservoir and lines immediately.
The air lines problem keeps happening,air_in_brake_lines,"spongy pedal, air lines, soft brake, bleed brakes",Air in brake lines. Bleed brakes to restore firmness.
Why is my warning light acting up?,brake_system_alert,"warning light, dashboard, ABS, alert",Brake system alert. Check fluid level and ABS sensors.
My alert is causing issues,brake_system_alert,"warning light, dashboard, ABS, alert",Brake system alert. Check fluid level and ABS sensors.
The alert problem keeps happening,brake_system_alert,"warning light, dashboard, ABS, alert",Brake system alert. Check fluid level and ABS sensors.
Why is my soft brake acting up?,air_in_brake_lines,"spongy pedal, air lines, soft brake, bleed brakes",Air in brake lines. Bleed brakes to restore firmness.
Why is my air lines acting up?,air_in_brake_lines,"spongy pedal, air lines, soft brake, bleed brakes",Air in brake lines. Bleed brakes to restore firmness.
"Brake feels strange, maybe vibration",brake_disc_damage,"disc, rotor, warped, vibration",Brake disc/rotor may be damaged. Inspect and replace if warped.
Car shows grinding during braking,brake_pad_wear,"brake pad, squeal, worn pad, grinding",Brake pads are worn. Replace pads to restore safe braking.
My ABS is causing issues,brake_system_alert,"warning light, dashboard, ABS, alert",Brake system alert. Check fluid level and ABS sensors.
I hear air lines when braking,air_in_brake_lines,"spongy pedal, air lines, soft brake, bleed brakes",Air in brake lines. Bleed brakes to restore firmness.
The soft brake problem keeps happening,air_in_brake_lines,"spongy pedal, air lines, soft brake, bleed brakes",Air in brake lines. Bleed brakes to restore firmness.
Why is my smell acting up?,brake_overheating,"overheat, smell, hot brakes, fade","Brakes overheating. Stop safely, let them cool, and avoid aggressive braking."
I hear disc when braking,brake_disc_damage,"disc, rotor, warped, vibration",Brake disc/rotor may be damaged. Inspect and replace if warped.
The smell problem keeps happening,brake_overheating,"overheat, smell, hot brakes, fade","Brakes overheating. Stop safely, let them cool, and avoid aggressive braking."
I hear dashboard when braking,brake_system_alert,"warning light, dashboard, ABS, alert",Brake system alert. Check fluid level and ABS sensors.
"Brake feels strange, maybe smell",brake_overheating,"overheat, smell, hot brakes, fade","Brakes overheating. Stop safely, let them cool, and avoid aggressive braking."
"Brake feels strange, maybe caliper",uneven_brake_force,"pulling side, uneven brake, caliper, imbalance",Uneven brake force. Inspect calipers and brake fluid distribution.
My dashboard is causing issues,brake_system_alert,"warning light, dashboard, ABS, alert",Brake system alert. Check fluid level and ABS sensors.
"Brake feels strange, maybe rotor",brake_disc_damage,"disc, rotor, warped, vibration",Brake disc/rotor may be damaged. Inspect and replace if warped.
The disc problem keeps happening,brake_disc_damage,"disc, rotor, warped, vibration",Brake disc/rotor may be damaged. Inspect and replace if warped.
Car shows fade during braking,brake_overheating,"overheat, smell, hot brakes, fade","Brakes overheating. Stop safely, let them cool, and avoid aggressive braking."
Why is my soft brake acting up?,air_in_brake_lines,"spongy pedal, air lines, soft brake, bleed brakes",Air in brake lines. Bleed brakes to restore firmness.
I hear vibration when braking,brake_disc_damage,"disc, rotor, warped, vibration",Brake disc/rotor may be damaged. Inspect and replace if warped.
Car shows dashboard during braking,brake_system_alert,"warning light, dashboard, ABS, alert",Brake system alert. Check fluid level and ABS sensors.
Why is my imbalance acting up?,uneven_brake_force,"pulling side, uneven brake, caliper, imbalance",Uneven brake force. Inspect calipers and brake fluid distribution.
My warped is causing issues,brake_disc_damage,"disc, rotor, warped, vibration",Brake disc/rotor may be damaged. Inspect and replace if warped.
The grinding problem keeps happening,brake_pad_wear,"brake pad, squeal, worn pad, grinding",Brake pads are worn. Replace pads to restore safe braking.
My fluid leak is causing issues,brake_fluid_leak,"brake fluid, fluid leak, pedal floor, low fluid",Brake fluid may be leaking. Check reservoir and lines immediately.
My pulling side is causing issues,uneven_brake_force,"pulling side, uneven brake, caliper, imbalance",Uneven brake force. Inspect calipers and brake fluid distribution.
Car shows alert during braking,brake_system_alert,"warning light, dashboard, ABS, alert",Brake system alert. Check fluid level and ABS sensors.
"Brake feels strange, maybe disc",brake_disc_damage,"disc, rotor, warped, vibration",Brake disc/rotor may be damaged. Inspect and replace if warped.
Why is my brake fluid acting up?,brake_fluid_leak,"brake fluid, fluid leak, pedal floor, low fluid",Brake fluid may be leaking. Check reservoir and lines immediately.
The uneven brake problem keeps happening,uneven_brake_force,"pulling side, uneven brake, caliper, imbalance",Uneven brake force. Inspect calipers and brake fluid distribution.
Car shows bleed brakes during braking,air_in_brake_lines,"spongy pedal, air lines, soft brake, bleed brakes",Air in brake lines. Bleed brakes to restore firmness.
My dashboard is causing issues,brake_system_alert,"warning light, dashboard, ABS, alert",Brake system alert. Check fluid level and ABS sensors.
"Brake feels strange, maybe rotor",brake_disc_damage,"disc, rotor, warped, vibration",Brake disc/rotor may be damaged. Inspect and replace if warped.
The bleed brakes problem keeps happening,air_in_brake_lines,"spongy pedal, air lines, soft brake, bleed brakes",Air in brake lines. Bleed brakes to restore firmness.
I hear vibration when braking,brake_disc_damage,"disc, rotor, warped, vibration",Brake disc/rotor may be damaged. Inspect and replace if warped.
Why is my air lines acting up?,air_in_brake_lines,"spongy pedal, air lines, soft brake, bleed brakes",Air in brake lines. Bleed brakes to restore firmness.
The worn pad problem keeps happening,brake_pad_wear,"brake pad, squeal, worn pad, grinding",Brake pads are worn. Replace pads to restore safe braking.
"Brake feels strange, maybe vibration",brake_disc_damage,"disc, rotor, warped, vibration",Brake disc/rotor may be damaged. Inspect and replace if warped.
Car shows fade during braking,brake_overheating,"overheat, smell, hot brakes, fade","Brakes overheating. Stop safely, let them cool, and avoid aggressive braking."
I hear fluid leak when braking,brake_fluid_leak,"brake fluid, fluid leak, pedal floor, low fluid",Brake fluid may be leaking. Check reservoir and lines immediately.
"Brake feels strange, maybe warning light",brake_system_alert,"warning light, dashboard, ABS, alert",Brake system alert. Check fluid level and ABS sensors.
The ABS problem keeps happening,brake_system_alert,"warning light, dashboard, ABS, alert",Brake system alert. Check fluid level and ABS sensors.
"Brake feels strange, maybe overheat",brake_overheating,"overheat, smell, hot brakes, fade","Brakes overheating. Stop safely, let them cool, and avoid aggressive braking."
Why is my brake fluid acting up?,brake_fluid_leak,"brake fluid, fluid leak, pedal floor, low fluid",Brake fluid may be leaking. Check reservoir and lines immediately.
My rotor is causing issues,brake_disc_damage,"disc, rotor, warped, vibration",Brake disc/rotor may be damaged. Inspect and replace if warped.
"Brake feels strange, maybe hot brakes",brake_overheating,"overheat, smell, hot brakes, fade","Brakes overheating. Stop safely, let them cool, and avoid aggressive braking."
Why is my ABS acting up?,brake_system_alert,"warning light, dashboard, ABS, alert",Brake system alert. Check fluid level and ABS sensors.
Car shows grinding during braking,brake_pad_wear,"brake pad, squeal, worn pad, grinding",Brake pads are worn. Replace pads to restore safe braking.
Car shows vibration during braking,brake_disc_damage,"disc, rotor, warped, vibration",Brake disc/rotor may be damaged. Inspect and replace if warped.
"Brake feels strange, maybe warped",brake_disc_damage,"disc, rotor, warped, vibration",Brake disc/rotor may be damaged. Inspect and replace if warped.
I hear bleed brakes when braking,air_in_brake_lines,"spongy pedal, air lines, soft brake, bleed brakes",Air in brake lines. Bleed brakes to restore firmness.
"Brake feels strange, maybe warning light",brake_system_alert,"warning light, dashboard, ABS, alert",Brake system alert. Check fluid level and ABS sensors.
Why is my low fluid acting up?,brake_fluid_leak,"brake fluid, fluid leak, pedal floor, low fluid",Brake fluid may be leaking. Check reservoir and lines immediately.
I hear grinding when braking,brake_pad_wear,"brake pad, squeal, worn pad, grinding",Brake pads are worn. Replace pads to restore safe braking.
My warning light is causing issues,brake_system_alert,"warning light, dashboard, ABS, alert",Brake system alert. Check fluid level and ABS sensors.
Car shows bleed brakes during braking,air_in_brake_lines,"spongy pedal, air lines, soft brake, bleed brakes",Air in brake lines. Bleed brakes to restore firmness.
The dashboard problem keeps happening,brake_system_alert,"warning light, dashboard, ABS, alert",Brake system alert. Check fluid level and ABS sensors.
The pulling side problem keeps happening,uneven_brake_force,"pulling side, uneven brake, caliper, imbalance",Uneven brake force. Inspect calipers and brake fluid distribution.
"Brake feels strange, maybe low fluid",brake_fluid_leak,"brake fluid, fluid leak, pedal floor, low fluid",Brake fluid may be leaking. Check reservoir and lines immediately.
"Brake feels strange, maybe dashboard",brake_system_alert,"warning light, dashboard, ABS, alert",Brake system alert. Check fluid level and ABS sensors.
Car shows grinding during braking,brake_pad_wear,"brake pad, squeal, worn pad, grinding",Brake pads are worn. Replace pads to restore safe braking.
"Brake feels strange, maybe fade",brake_overheating,"overheat, smell, hot brakes, fade","Brakes overheating. Stop safely, let them cool, and avoid aggressive braking."
"Brake feels strange, maybe pulling side",uneven_brake_force,"pulling side, uneven brake, caliper, imbalance",Uneven brake force. Inspect calipers and brake fluid distribution.
I hear squeal when braking,brake_pad_wear,"brake pad, squeal, worn pad, grinding",Brake pads are worn. Replace pads to restore safe braking.
Car shows alert during braking,brake_system_alert,"warning light, dashboard, ABS, alert",Brake system alert. Check fluid level and ABS sensors.
The ABS problem keeps happening,brake_system_alert,"warning light, dashboard, ABS, alert",Brake system alert. Check fluid level and ABS sensors.
My rotor is causing issues,brake_disc_damage,"disc, rotor, warped, vibration",Brake disc/rotor may be damaged. Inspect and replace if warped.
I hear warning light when braking,brake_system_alert,"warning light, dashboard, ABS, alert",Brake system alert. Check fluid level and ABS sensors.
Why is my fade acting up?,brake_overheating,"overheat, smell, hot brakes, fade","Brakes overheating. Stop safely, let them cool, and avoid aggressive braking."
My ABS is causing issues,brake_system_alert,"warning light, dashboard, ABS, alert",Brake system alert. Check fluid level and ABS sensors.
My vibration is causing issues,brake_disc_damage,"disc, rotor, warped, vibration",Brake disc/rotor may be damaged. Inspect and replace if warped.
"Brake feels strange, maybe warning light",brake_system_alert,"warning light, dashboard, ABS, alert",Brake system alert. Check fluid level and ABS sensors.
My smell is causing issues,brake_overheating,"overheat, smell, hot brakes, fade","Brakes overheating. Stop safely, let them cool, and avoid aggressive braking."
"Brake feels strange, maybe grinding",brake_pad_wear,"brake pad, squeal, worn pad, grinding",Brake pads are worn. Replace pads to restore safe braking.
Why is my warning light acting up?,brake_system_alert,"warning light, dashboard, ABS, alert",Brake system alert. Check fluid level and ABS sensors.
My warped is causing issues,brake_disc_damage,"disc, rotor, warped, vibration",Brake disc/rotor may be damaged. Inspect and replace if warped.
My grinding is causing issues,brake_pad_wear,"brake pad, squeal, worn pad, grinding",Brake pads are worn. Replace pads to restore safe braking.
My warning light is causing issues,brake_system_alert,"warning light, dashboard, ABS, alert",Brake system alert. Check fluid level and ABS sensors.
My pulling side is causing issues,uneven_brake_force,"pulling side, uneven brake, caliper, imbalance",Uneven brake force. Inspect calipers and brake fluid distribution.
I hear dashboard when braking,brake_system_alert,"warning light, dashboard, ABS, alert",Brake system alert. Check fluid level and ABS sensors.
Car shows pedal floor during braking,brake_fluid_leak,"brake fluid, fluid leak, pedal floor, low fluid",Brake fluid may be leaking. Check reservoir and lines immediately.
Why is my smell acting up?,brake_overheating,"overheat, smell, hot brakes, fade","Brakes overheating. Stop safely, let them cool, and avoid aggressive braking."
My vibration is causing issues,brake_disc_damage,"disc, rotor, warped, vibration",Brake disc/rotor may be damaged. Inspect and replace if warped.
My vibration is causing issues,brake_disc_damage,"disc, rotor, warped, vibration",Brake disc/rotor may be damaged. Inspect and replace if warped.
Why is my fade acting up?,brake_overheating,"overheat, smell, hot brakes, fade","Brakes overheating. Stop safely, let them cool, and avoid aggressive braking."
"Brake feels strange, maybe vibration",brake_disc_damage,"disc, rotor, warped, vibration",Brake disc/rotor may be damaged. Inspect and replace if warped.
Car shows disc during braking,brake_disc_damage,"disc, rotor, warped, vibration",Brake disc/rotor may be damaged. Inspect and replace if warped.
"Brake feels strange, maybe fluid leak",brake_fluid_leak,"brake fluid, fluid leak, pedal floor, low fluid",Brake fluid may be leaking. Check reservoir and lines immediately.
The pedal floor problem keeps happening,brake_fluid_leak,"brake fluid, fluid leak, pedal floor, low fluid",Brake fluid may be leaking. Check reservoir and lines immediately.
My worn pad is causing issues,brake_pad_wear,"brake pad, squeal, worn pad, grinding",Brake pads are worn. Replace pads to restore safe braking.
Car shows warped during braking,brake_disc_damage,"disc, rotor, warped, vibration",Brake disc/rotor may be damaged. Inspect and replace if warped.
"Brake feels strange, maybe uneven brake",uneven_brake_force,"pulling side, uneven brake, caliper, imbalance",Uneven brake force. Inspect calipers and brake fluid distribution.
My fluid leak is causing issues,brake_fluid_leak,"brake fluid, fluid leak, pedal floor, low fluid",Brake fluid may be leaking. Check reservoir and lines immediately.
Car shows smell during braking,brake_overheating,"overheat, smell, hot brakes, fade","Brakes overheating. Stop safely, let them cool, and avoid aggressive braking."
I hear soft brake when braking,air_in_brake_lines,"spongy pedal, air lines, soft brake, bleed brakes",Air in brake lines. Bleed brakes to restore firmness.
The warning light problem keeps happening,brake_system_alert,"warning light, dashboard, ABS, alert",Brake system alert. Check fluid level and ABS sensors.
I hear vibration when braking,brake_disc_damage,"disc, rotor, warped, vibration",Brake disc/rotor may be damaged. Inspect and replace if warped.
The overheat problem keeps happening,brake_overheating,"overheat, smell, hot brakes, fade","Brakes overheating. Stop safely, let them cool, and avoid aggressive braking."
My rotor is causing issues,brake_disc_damage,"disc, rotor, warped, vibration",Brake disc/rotor may be damaged. Inspect and replace if warped.
"Brake feels strange, maybe worn pad",brake_pad_wear,"brake pad, squeal, worn pad, grinding",Brake pads are worn. Replace pads to restore safe braking.
"Brake feels strange, maybe uneven brake",uneven_brake_force,"pulling side, uneven brake, caliper, imbalance",Uneven brake force. Inspect calipers and brake fluid distribution.
"Brake feels strange, maybe warped",brake_disc_damage,"disc, rotor, warped, vibration",Brake disc/rotor may be damaged. Inspect and replace if warped.
My warped is causing issues,brake_disc_damage,"disc, rotor, warped, vibration",Brake disc/rotor may be damaged. Inspect and replace if warped.
My imbalance is causing issues,uneven_brake_force,"pulling side, uneven brake, caliper, imbalance",Uneven brake force. Inspect calipers and brake fluid distribution.
Car shows uneven brake during braking,uneven_brake_force,"pulling side, uneven brake, caliper, imbalance",Uneven brake force. Inspect calipers and brake fluid distribution.
"Brake feels strange, maybe warning light",brake_system_alert,"warning light, dashboard, ABS, alert",Brake system alert. Check fluid level and ABS sensors.
The rotor problem keeps happening,brake_disc_damage,"disc, rotor, warped, vibration",Brake disc/rotor may be damaged. Inspect and replace if warped.
The brake fluid problem keeps happening,brake_fluid_leak,"brake fluid, fluid leak, pedal floor, low fluid",Brake fluid may be leaking. Check reservoir and lines immediately.
My disc is causing issues,brake_disc_damage,"disc, rotor, warped, vibration",Brake disc/rotor may be damaged. Inspect and replace if warped.
The grinding problem keeps happening,brake_pad_wear,"brake pad, squeal, worn pad, grinding",Brake pads are worn. Replace pads to restore safe braking.
Car shows grinding during braking,brake_pad_wear,"brake pad, squeal, worn pad, grinding",Brake pads are worn. Replace pads to restore safe braking.
My air lines is causing issues,air_in_brake_lines,"spongy pedal, air lines, soft brake, bleed brakes",Air in brake lines. Bleed brakes to restore firmness.
My bleed brakes is causing issues,air_in_brake_lines,"spongy pedal, air lines, soft brake, bleed brakes",Air in brake lines. Bleed brakes to restore firmness.
Car shows fluid leak during braking,brake_fluid_leak,"brake fluid, fluid leak, pedal floor, low fluid",Brake fluid may be leaking. Check reservoir and lines immediately.
Car shows warped during braking,brake_disc_damage,"disc, rotor, warped, vibration",Brake disc/rotor may be damaged. Inspect and replace if warped.
Car shows fade during braking,brake_overheating,"overheat, smell, hot brakes, fade","Brakes overheating. Stop safely, let them cool, and avoid aggressive braking."
"Brake feels strange, maybe air lines",air_in_brake_lines,"spongy pedal, air lines, soft brake, bleed brakes",Air in brake lines. Bleed brakes to restore firmness.
My warped is causing issues,brake_disc_damage,"disc, rotor, warped, vibration",Brake disc/rotor may be damaged. Inspect and replace if warped.
The rotor problem keeps happening,brake_disc_damage,"disc, rotor, warped, vibration",Brake disc/rotor may be damaged. Inspect and replace if warped.
"Brake feels strange, maybe rotor",brake_disc_damage,"disc, rotor, warped, vibration",Brake disc/rotor may be damaged. Inspect and replace if warped.
Why is my warped acting up?,brake_disc_damage,"disc, rotor, warped, vibration",Brake disc/rotor may be damaged. Inspect and replace if warped.
Why is my worn pad acting up?,brake_pad_wear,"brake pad, squeal, worn pad, grinding",Brake pads are worn. Replace pads to restore safe braking.
"Brake feels strange, maybe rotor",brake_disc_damage,"disc, rotor, warped, vibration",Brake disc/rotor may be damaged. Inspect and replace if warped.
My alert is causing issues,brake_system_alert,"warning light, dashboard, ABS, alert",Brake system alert. Check fluid level and ABS sensors.
My grinding is causing issues,brake_pad_wear,"brake pad, squeal, worn pad, grinding",Brake pads are worn. Replace pads to restore safe braking.
The warped problem keeps happening,brake_disc_damage,"disc, rotor, warped, vibration",Brake disc/rotor may be damaged. Inspect and replace if warped.
Why is my disc acting up?,brake_disc_damage,"disc, rotor, warped, vibration",Brake disc/rotor may be damaged. Inspect and replace if warped.
My rotor is causing issues,brake_disc_damage,"disc, rotor, warped, vibration",Brake disc/rotor may be damaged. Inspect and replace if warped.
Why is my disc acting up?,brake_disc_damage,"disc, rotor, warped, vibration",Brake disc/rotor may be damaged. Inspect and replace if warped.
I hear squeal when braking,brake_pad_wear,"brake pad, squeal, worn pad, grinding",Brake pads are worn. Replace pads to restore safe braking.
Why is my smell acting up?,brake_overheating,"overheat, smell, hot brakes, fade","Brakes overheating. Stop safely, let them cool, and avoid aggressive braking."
"Brake feels strange, maybe hot brakes",brake_overheating,"overheat, smell, hot brakes, fade","Brakes overheating. Stop safely, let them cool, and avoid aggressive braking."
My brake fluid is causing issues,brake_fluid_leak,"brake fluid, fluid leak, pedal floor, low fluid",Brake fluid may be leaking. Check reservoir and lines immediately.
"Brake feels strange, maybe brake pad",brake_pad_wear,"brake pad, squeal, worn pad, grinding",Brake pads are worn. Replace pads to restore safe braking.
"Brake feels strange, maybe soft brake",air_in_brake_lines,"spongy pedal, air lines, soft brake, bleed brakes",Air in brake lines. Bleed brakes to restore firmness.
Car shows pulling side during braking,uneven_brake_force,"pulling side, uneven brake, caliper, imbalance",Uneven brake force. Inspect calipers and brake fluid distribution.
Why is my low fluid acting up?,brake_fluid_leak,"brake fluid, fluid leak, pedal floor, low fluid",Brake fluid may be leaking. Check reservoir and lines immediately.
Why is my imbalance acting up?,uneven_brake_force,"pulling side, uneven brake, caliper, imbalance",Uneven brake force. Inspect calipers and brake fluid distribution.
Car shows bleed brakes during braking,air_in_brake_lines,"spongy pedal, air lines, soft brake, bleed brakes",Air in brake lines. Bleed brakes to restore firmness.
The fluid leak problem keeps happening,brake_fluid_leak,"brake fluid, fluid leak, pedal floor, low fluid",Brake fluid may be leaking. Check reservoir and lines immediately.
Why is my overheat acting up?,brake_overheating,"overheat, smell, hot brakes, fade","Brakes overheating. Stop safely, let them cool, and avoid aggressive braking."
Why is my alert acting up?,brake_system_alert,"warning light, dashboard, ABS, alert",Brake system alert. Check fluid level and ABS sensors.
I hear fade when braking,brake_overheating,"overheat, smell, hot brakes, fade","Brakes overheating. Stop safely, let them cool, and avoid aggressive braking."
The smell problem keeps happening,brake_overheating,"overheat, smell, hot brakes, fade","Brakes overheating. Stop safely, let them cool, and avoid aggressive braking."
My vibration is causing issues,brake_disc_damage,"disc, rotor, warped, vibration",Brake disc/rotor may be damaged. Inspect and replace if warped.
"Brake feels strange, maybe grinding",brake_pad_wear,"brake pad, squeal, worn pad, grinding",Brake pads are worn. Replace pads to restore safe braking.
I hear brake fluid when braking,brake_fluid_leak,"brake fluid, fluid leak, pedal floor, low fluid",Brake fluid may be leaking. Check reservoir and lines immediately.
Car shows brake fluid during braking,brake_fluid_leak,"brake fluid, fluid leak, pedal floor, low fluid",Brake fluid may be leaking. Check reservoir and lines immediately.
Car shows soft brake during braking,air_in_brake_lines,"spongy pedal, air lines, soft brake, bleed brakes",Air in brake lines. Bleed brakes to restore firmness.
Why is my grinding acting up?,brake_pad_wear,"brake pad, squeal, worn pad, grinding",Brake pads are worn. Replace pads to restore safe braking.
The worn pad problem keeps happening,brake_pad_wear,"brake pad, squeal, worn pad, grinding",Brake pads are worn. Replace pads to restore safe braking.
The brake pad problem keeps happening,brake_pad_wear,"brake pad, squeal, worn pad, grinding",Brake pads are worn. Replace pads to restore safe braking.
Why is my dashboard acting up?,brake_system_alert,"warning light, dashboard, ABS, alert",Brake system alert. Check fluid level and ABS sensors.
The low fluid problem keeps happening,brake_fluid_leak,"brake fluid, fluid leak, pedal floor, low fluid",Brake fluid may be leaking. Check reservoir and lines immediately.
"Brake feels strange, maybe fade",brake_overheating,"overheat, smell, hot brakes, fade","Brakes overheating. Stop safely, let them cool, and avoid aggressive braking."
The dashboard problem keeps happening,brake_system_alert,"warning light, dashboard, ABS, alert",Brake system alert. Check fluid level and ABS sensors.
I hear hot brakes when braking,brake_overheating,"overheat, smell, hot brakes, fade","Brakes overheating. Stop safely, let them cool, and avoid aggressive braking."
"Brake feels strange, maybe pulling side",uneven_brake_force,"pulling side, uneven brake, caliper, imbalance",Uneven brake force. Inspect calipers and brake fluid distribution.
"Brake feels strange, maybe overheat",brake_overheating,"overheat, smell, hot brakes, fade","Brakes overheating. Stop safely, let them cool, and avoid aggressive braking."
Car shows air lines during braking,air_in_brake_lines,"spongy pedal, air lines, soft brake, bleed brakes",Air in brake lines. Bleed brakes to restore firmness.
The alert problem keeps happening,brake_system_alert,"warning light, dashboard, ABS, alert",Brake system alert. Check fluid level and ABS sensors.
My brake fluid is causing issues,brake_fluid_leak,"brake fluid, fluid leak, pedal floor, low fluid",Brake fluid may be leaking. Check reservoir and lines immediately.
"Brake feels strange, maybe worn pad",brake_pad_wear,"brake pad, squeal, worn pad, grinding",Brake pads are worn. Replace pads to restore safe braking.
I hear warped when braking,brake_disc_damage,"disc, rotor, warped, vibration",Brake disc/rotor may be damaged. Inspect and replace if warped.
My pedal floor is causing issues,brake_fluid_leak,"brake fluid, fluid leak, pedal floor, low fluid",Brake fluid may be leaking. Check reservoir and lines immediately.
Car shows hot brakes during braking,brake_overheating,"overheat, smell, hot brakes, fade","Brakes overheating. Stop safely, let them cool, and avoid aggressive braking."
My disc is causing issues,brake_disc_damage,"disc, rotor, warped, vibration",Brake disc/rotor may be damaged. Inspect and replace if warped.
"Brake feels strange, maybe brake fluid",brake_fluid_leak,"brake fluid, fluid leak, pedal floor, low fluid",Brake fluid may be leaking. Check reservoir and lines immediately.
"Brake feels strange, maybe imbalance",uneven_brake_force,"pulling side, uneven brake, caliper, imbalance",Uneven brake force. Inspect calipers and brake fluid distribution.
My imbalance is causing issues,uneven_brake_force,"pulling side, uneven brake, caliper, imbalance",Uneven brake force. Inspect calipers and brake fluid distribution.
Car shows warped during braking,brake_disc_damage,"disc, rotor, warped, vibration",Brake disc/rotor may be damaged. Inspect and replace if warped.
Car shows uneven brake during braking,uneven_brake_force,"pulling side, uneven brake, caliper, imbalance",Uneven brake force. Inspect calipers and brake fluid distribution.
"Brake feels strange, maybe caliper",uneven_brake_force,"pulling side, uneven brake, caliper, imbalance",Uneven brake force. Inspect calipers and brake fluid distribution.
The low fluid problem keeps happening,brake_fluid_leak,"brake fluid, fluid leak, pedal floor, low fluid",Brake fluid may be leaking. Check reservoir and lines immediately.
I hear pedal floor when braking,brake_fluid_leak,"brake fluid, fluid leak, pedal floor, low fluid",Brake fluid may be leaking. Check reservoir and lines immediately.
Why is my air lines acting up?,air_in_brake_lines,"spongy pedal, air lines, soft brake, bleed brakes",Air in brake lines. Bleed brakes to restore firmness.
The bleed brakes problem keeps happening,air_in_brake_lines,"spongy pedal, air lines, soft brake, bleed brakes",Air in brake lines. Bleed brakes to restore firmness.
"Brake feels strange, maybe pulling side",uneven_brake_force,"pulling side, uneven brake, caliper, imbalance",Uneven brake force. Inspect calipers and brake fluid distribution.
Why is my air lines acting up?,air_in_brake_lines,"spongy pedal, air lines, soft brake, bleed brakes",Air in brake lines. Bleed brakes to restore firmness.
Why is my brake fluid acting up?,brake_fluid_leak,"brake fluid, fluid leak, pedal floor, low fluid",Brake fluid may be leaking. Check reservoir and lines immediately.
Car shows low fluid during braking,brake_fluid_leak,"brake fluid, fluid leak, pedal floor, low fluid",Brake fluid may be leaking. Check reservoir and lines immediately.
Why is my dashboard acting up?,brake_system_alert,"warning light, dashboard, ABS, alert",Brake system alert. Check fluid level and ABS sensors.
Why is my ABS acting up?,brake_system_alert,"warning light, dashboard, ABS, alert",Brake system alert. Check fluid level and ABS sensors.
"Brake feels strange, maybe ABS",brake_system_alert,"warning light, dashboard, ABS, alert",Brake system alert. Check fluid level and ABS sensors.
My fluid leak is causing issues,brake_fluid_leak,"brake fluid, fluid leak, pedal floor, low fluid",Brake fluid may be leaking. Check reservoir and lines immediately.
Why is my brake pad acting up?,brake_pad_wear,"brake pad, squeal, worn pad, grinding",Brake pads are worn. Replace pads to restore safe braking.
I hear brake pad when braking,brake_pad_wear,"brake pad, squeal, worn pad, grinding",Brake pads are worn. Replace pads to restore safe braking.
Why is my fluid leak acting up?,brake_fluid_leak,"brake fluid, fluid leak, pedal floor, low fluid",Brake fluid may be leaking. Check reservoir and lines immediately.
"Brake feels strange, maybe air lines",air_in_brake_lines,"spongy pedal, air lines, soft brake, bleed brakes",Air in brake lines. Bleed brakes to restore firmness.
My soft brake is causing issues,air_in_brake_lines,"spongy pedal, air lines, soft brake, bleed brakes",Air in brake lines. Bleed brakes to restore firmness.
My disc is causing issues,brake_disc_damage,"disc, rotor, warped, vibration",Brake disc/rotor may be damaged. Inspect and replace if warped.
The air lines problem keeps happening,air_in_brake_lines,"spongy pedal, air lines, soft brake, bleed brakes",Air in brake lines. Bleed brakes to restore firmness.
Car shows fade during braking,brake_overheating,"overheat, smell, hot brakes, fade","Brakes overheating. Stop safely, let them cool, and avoid aggressive braking."
My ABS is causing issues,brake_system_alert,"warning light, dashboard, ABS, alert",Brake system alert. Check fluid level and ABS sensors.
"Brake feels strange, maybe air lines",air_in_brake_lines,"spongy pedal, air lines, soft brake, bleed brakes",Air in brake lines. Bleed brakes to restore firmness.
"Brake feels strange, maybe soft brake",air_in_brake_lines,"spongy pedal, air lines, soft brake, bleed brakes",Air in brake lines. Bleed brakes to restore firmness.
Car shows pedal floor during braking,brake_fluid_leak,"brake fluid, fluid leak, pedal floor, low fluid",Brake fluid may be leaking. Check reservoir and lines immediately.
Car shows low fluid during braking,brake_fluid_leak,"brake fluid, fluid leak, pedal floor, low fluid",Brake fluid may be leaking. Check reservoir and lines immediately.
The uneven brake problem keeps happening,uneven_brake_force,"pulling side, uneven brake, caliper, imbalance",Uneven brake force. Inspect calipers and brake fluid distribution.
My warped is causing issues,brake_disc_damage,"disc, rotor, warped, vibration",Brake disc/rotor may be damaged. Inspect and replace if warped.
Car shows soft brake during braking,air_in_brake_lines,"spongy pedal, air lines, soft brake, bleed brakes",Air in brake lines. Bleed brakes to restore firmness.
Why is my fade acting up?,brake_overheating,"overheat, smell, hot brakes, fade","Brakes overheating. Stop safely, let them cool, and avoid aggressive braking."
My pulling side is causing issues,uneven_brake_force,"pulling side, uneven brake, caliper, imbalance",Uneven brake force. Inspect calipers and brake fluid distribution.
Why is my hot brakes acting up?,brake_overheating,"overheat, smell, hot brakes, fade","Brakes overheating. Stop safely, let them cool, and avoid aggressive braking."
"Brake feels strange, maybe hot brakes",brake_overheating,"overheat, smell, hot brakes, fade","Brakes overheating. Stop safely, let them cool, and avoid aggressive braking."
I hear fade when braking,brake_overheating,"overheat, smell, hot brakes, fade","Brakes overheating. Stop safely, let them cool, and avoid aggressive braking."
My overheat is causing issues,brake_overheating,"overheat, smell, hot brakes, fade","Brakes overheating. Stop safely, let them cool, and avoid aggressive braking."
I hear ABS when braking,brake_system_alert,"warning light, dashboard, ABS, alert",Brake system alert. Check fluid level and ABS sensors.
"Brake feels strange, maybe uneven brake",uneven_brake_force,"pulling side, uneven brake, caliper, imbalance",Uneven brake force. Inspect calipers and brake fluid distribution.
The dashboard problem keeps happening,brake_system_alert,"warning light, dashboard, ABS, alert",Brake system alert. Check fluid level and ABS sensors.
Why is my warning light acting up?,brake_system_alert,"warning light, dashboard, ABS, alert",Brake system alert. Check fluid level and ABS sensors.
"Brake feels strange, maybe air lines",air_in_brake_lines,"spongy pedal, air lines, soft brake, bleed brakes",Air in brake lines. Bleed brakes to restore firmness.
Car shows air lines during braking,air_in_brake_lines,"spongy pedal, air lines, soft brake, bleed brakes",Air in brake lines. Bleed brakes to restore firmness.
My imbalance is causing issues,uneven_brake_force,"pulling side, uneven brake, caliper, imbalance",Uneven brake force. Inspect calipers and brake fluid distribution.
I hear imbalance when braking,uneven_brake_force,"pulling side, uneven brake, caliper, imbalance",Uneven brake force. Inspect calipers and brake fluid distribution.
My bleed brakes is causing issues,air_in_brake_lines,"spongy pedal, air lines, soft brake, bleed brakes",Air in brake lines. Bleed brakes to restore firmness.
Why is my uneven brake acting up?,uneven_brake_force,"pulling side, uneven brake, caliper, imbalance",Uneven brake force. Inspect calipers and brake fluid distribution.
Why is my ABS acting up?,brake_system_alert,"warning light, dashboard, ABS, alert",Brake system alert. Check fluid level and ABS sensors.
The pedal floor problem keeps happening,brake_fluid_leak,"brake fluid, fluid leak, pedal floor, low fluid",Brake fluid may be leaking. Check reservoir and lines immediately.
Why is my dashboard acting up?,brake_system_alert,"warning light, dashboard, ABS, alert",Brake system alert. Check fluid level and ABS sensors.
Car shows rotor during braking,brake_disc_damage,"disc, rotor, warped, vibration",Brake disc/rotor may be damaged. Inspect and replace if warped.
"Brake feels strange, maybe air lines",air_in_brake_lines,"spongy pedal, air lines, soft brake, bleed brakes",Air in brake lines. Bleed brakes to restore firmness.
"Brake feels strange, maybe ABS",brake_system_alert,"warning light, dashboard, ABS, alert",Brake system alert. Check fluid level and ABS sensors.
My disc is causing issues,brake_disc_damage,"disc, rotor, warped, vibration",Brake disc/rotor may be damaged. Inspect and replace if warped.
My smell is causing issues,brake_overheating,"overheat, smell, hot brakes, fade","Brakes overheating. Stop safely, let them cool, and avoid aggressive braking."
The smell problem keeps happening,brake_overheating,"overheat, smell, hot brakes, fade","Brakes overheating. Stop safely, let them cool, and avoid aggressive braking."
The bleed brakes problem keeps happening,air_in_brake_lines,"spongy pedal, air lines, soft brake, bleed brakes",Air in brake lines. Bleed brakes to restore firmness.
My spongy pedal is causing issues,air_in_brake_lines,"spongy pedal, air lines, soft brake, bleed brakes",Air in brake lines. Bleed brakes to restore firmness.
The warning light problem keeps happening,brake_system_alert,"warning light, dashboard, ABS, alert",Brake system alert. Check fluid level and ABS sensors.
I hear low fluid when braking,brake_fluid_leak,"brake fluid, fluid leak, pedal floor, low fluid",Brake fluid may be leaking. Check reservoir and lines immediately.
The soft brake problem keeps happening,air_in_brake_lines,"spongy pedal, air lines, soft brake, bleed brakes",Air in brake lines. Bleed brakes to restore firmness.
"Brake feels strange, maybe pulling side",uneven_brake_force,"pulling side, uneven brake, caliper, imbalance",Uneven brake force. Inspect calipers and brake fluid distribution.
Why is my uneven brake acting up?,uneven_brake_force,"pulling side, uneven brake, caliper, imbalance",Uneven brake force. Inspect calipers and brake fluid distribution.
Car shows soft brake during braking,air_in_brake_lines,"spongy pedal, air lines, soft brake, bleed brakes",Air in brake lines. Bleed brakes to restore firmness.
My warped is causing issues,brake_disc_damage,"disc, rotor, warped, vibration",Brake disc/rotor may be damaged. Inspect and replace if warped.
Why is my spongy pedal acting up?,air_in_brake_lines,"spongy pedal, air lines, soft brake, bleed brakes",Air in brake lines. Bleed brakes to restore firmness.
The squeal problem keeps happening,brake_pad_wear,"brake pad, squeal, worn pad, grinding",Brake pads are worn. Replace pads to restore safe braking.
My ABS is causing issues,brake_system_alert,"warning light, dashboard, ABS, alert",Brake system alert. Check fluid level and ABS sensors.
The rotor problem keeps happening,brake_disc_damage,"disc, rotor, warped, vibration",Brake disc/rotor may be damaged. Inspect and replace if warped.
Why is my squeal acting up?,brake_pad_wear,"brake pad, squeal, worn pad, grinding",Brake pads are worn. Replace pads to restore safe braking.
"Brake feels strange, maybe alert",brake_system_alert,"warning light, dashboard, ABS, alert",Brake system alert. Check fluid level and ABS sensors.
I hear smell when braking,brake_overheating,"overheat, smell, hot brakes, fade","Brakes overheating. Stop safely, let them cool, and avoid aggressive braking."
The low fluid problem keeps happening,brake_fluid_leak,"brake fluid, fluid leak, pedal floor, low fluid",Brake fluid may be leaking. Check reservoir and lines immediately.
I hear bleed brakes when braking,air_in_brake_lines,"spongy pedal, air lines, soft brake, bleed brakes",Air in brake lines. Bleed brakes to restore firmness.
The dashboard problem keeps happening,brake_system_alert,"warning light, dashboard, ABS, alert",Brake system alert. Check fluid level and ABS sensors.
"Brake feels strange, maybe warning light",brake_system_alert,"warning light, dashboard, ABS, alert",Brake system alert. Check fluid level and ABS sensors.
The alert problem keeps happening,brake_system_alert,"warning light, dashboard, ABS, alert",Brake system alert. Check fluid level and ABS sensors.
Why is my soft brake acting up?,air_in_brake_lines,"spongy pedal, air lines, soft brake, bleed brakes",Air in brake lines. Bleed brakes to restore firmness.
I hear grinding when braking,brake_pad_wear,"brake pad, squeal, worn pad, grinding",Brake pads are worn. Replace pads to restore safe braking.
The brake fluid problem keeps happening,brake_fluid_leak,"brake fluid, fluid leak, pedal floor, low fluid",Brake fluid may be leaking. Check reservoir and lines immediately.
"Brake feels strange, maybe air lines",air_in_brake_lines,"spongy pedal, air lines, soft brake, bleed brakes",Air in brake lines. Bleed brakes to restore firmness.
"Brake feels strange, maybe alert",brake_system_alert,"warning light, dashboard, ABS, alert",Brake system alert. Check fluid level and ABS sensors.
My air lines is causing issues,air_in_brake_lines,"spongy pedal, air lines, soft brake, bleed brakes",Air in brake lines. Bleed brakes to restore firmness.
Car shows rotor during braking,brake_disc_damage,"disc, rotor, warped, vibration",Brake disc/rotor may be damaged. Inspect and replace if warped.
My overheat is causing issues,brake_overheating,"overheat, smell, hot brakes, fade","Brakes overheating. Stop safely, let them cool, and avoid aggressive braking."
Car shows brake fluid during braking,brake_fluid_leak,"brake fluid, fluid leak, pedal floor, low fluid",Brake fluid may be leaking. Check reservoir and lines immediately.
"Brake feels strange, maybe grinding",brake_pad_wear,"brake pad, squeal, worn pad, grinding",Brake pads are worn. Replace pads to restore safe braking.
My overheat is causing issues,brake_overheating,"overheat, smell, hot brakes, fade","Brakes overheating. Stop safely, let them cool, and avoid aggressive braking."
Car shows pedal floor during braking,brake_fluid_leak,"brake fluid, fluid leak, pedal floor, low fluid",Brake fluid may be leaking. Check reservoir and lines immediately.
I hear warning light when braking,brake_system_alert,"warning light, dashboard, ABS, alert",Brake system alert. Check fluid level and ABS sensors.
"Brake feels strange, maybe squeal",brake_pad_wear,"brake pad, squeal, worn pad, grinding",Brake pads are worn. Replace pads to restore safe braking.
Car shows warped during braking,brake_disc_damage,"disc, rotor, warped, vibration",Brake disc/rotor may be damaged. Inspect and replace if warped.
The grinding problem keeps happening,brake_pad_wear,"brake pad, squeal, worn pad, grinding",Brake pads are worn. Replace pads to restore safe braking.
I hear brake fluid when braking,brake_fluid_leak,"brake fluid, fluid leak, pedal floor, low fluid",Brake fluid may be leaking. Check reservoir and lines immediately.
I hear overheat when braking,brake_overheating,"overheat, smell, hot brakes, fade","Brakes overheating. Stop safely, let them cool, and avoid aggressive braking."
My fade is causing issues,brake_overheating,"overheat, smell, hot brakes, fade","Brakes overheating. Stop safely, let them cool, and avoid aggressive braking."
My warped is causing issues,brake_disc_damage,"disc, rotor, warped, vibration",Brake disc/rotor may be damaged. Inspect and replace if warped.
Car shows rotor during braking,brake_disc_damage,"disc, rotor, warped, vibration",Brake disc/rotor may be damaged. Inspect and replace if warped.
"Brake feels strange, maybe hot brakes",brake_overheating,"overheat, smell, hot brakes, fade","Brakes overheating. Stop safely, let them cool, and avoid aggressive braking."
Why is my hot brakes acting up?,brake_overheating,"overheat, smell, hot brakes, fade","Brakes overheating. Stop safely, let them cool, and avoid aggressive braking."
I hear disc when braking,brake_disc_damage,"disc, rotor, warped, vibration",Brake disc/rotor may be damaged. Inspect and replace if warped.
Car shows grinding during braking,brake_pad_wear,"brake pad, squeal, worn pad, grinding",Brake pads are worn. Replace pads to restore safe braking.
"Brake feels strange, maybe squeal",brake_pad_wear,"brake pad, squeal, worn pad, grinding",Brake pads are worn. Replace pads to restore safe braking.
Why is my smell acting up?,brake_overheating,"overheat, smell, hot brakes, fade","Brakes overheating. Stop safely, let them cool, and avoid aggressive braking."
I hear overheat when braking,brake_overheating,"overheat, smell, hot brakes, fade","Brakes overheating. Stop safely, let them cool, and avoid aggressive braking."
Why is my disc acting up?,brake_disc_damage,"disc, rotor, warped, vibration",Brake disc/rotor may be damaged. Inspect and replace if warped.
Car shows alert during braking,brake_system_alert,"warning light, dashboard, ABS, alert",Brake system alert. Check fluid level and ABS sensors.
"Brake feels strange, maybe pulling side",uneven_brake_force,"pulling side, uneven brake, caliper, imbalance",Uneven brake force. Inspect calipers and brake fluid distribution.
Why is my imbalance acting up?,uneven_brake_force,"pulling side, uneven brake, caliper, imbalance",Uneven brake force. Inspect calipers and brake fluid distribution.
My alert is causing issues,brake_system_alert,"warning light, dashboard, ABS, alert",Brake system alert. Check fluid level and ABS sensors.
Why is my worn pad acting up?,brake_pad_wear,"brake pad, squeal, worn pad, grinding",Brake pads are worn. Replace pads to restore safe braking.
Car shows warning light during braking,brake_system_alert,"warning light, dashboard, ABS, alert",Brake system alert. Check fluid level and ABS sensors.
"Brake feels strange, maybe worn pad",brake_pad_wear,"brake pad, squeal, worn pad, grinding",Brake pads are worn. Replace pads to restore safe braking.
Car shows ABS during braking,brake_system_alert,"warning light, dashboard, ABS, alert",Brake system alert. Check fluid level and ABS sensors.
My alert is causing issues,brake_system_alert,"warning light, dashboard, ABS, alert",Brake system alert. Check fluid level and ABS sensors.
The uneven brake problem keeps happening,uneven_brake_force,"pulling side, uneven brake, caliper, imbalance",Uneven brake force. Inspect calipers and brake fluid distribution.
Car shows worn pad during braking,brake_pad_wear,"brake pad, squeal, worn pad, grinding",Brake pads are worn. Replace pads to restore safe braking.
I hear disc when braking,brake_disc_damage,"disc, rotor, warped, vibration",Brake disc/rotor may be damaged. Inspect and replace if warped.
My disc is causing issues,brake_disc_damage,"disc, rotor, warped, vibration",Brake disc/rotor may be damaged. Inspect and replace if warped.
I hear brake pad when braking,brake_pad_wear,"brake pad, squeal, worn pad, grinding",Brake pads are worn. Replace pads to restore safe braking.
My uneven brake is causing issues,uneven_brake_force,"pulling side, uneven brake, caliper, imbalance",Uneven brake force. Inspect calipers and brake fluid distribution.
Car shows ABS during braking,brake_system_alert,"warning light, dashboard, ABS, alert",Brake system alert. Check fluid level and ABS sensors.
My worn pad is causing issues,brake_pad_wear,"brake pad, squeal, worn pad, grinding",Brake pads are worn. Replace pads to restore safe braking.
"Brake feels strange, maybe bleed brakes",air_in_brake_lines,"spongy pedal, air lines, soft brake, bleed brakes",Air in brake lines. Bleed brakes to restore firmness.
Car shows air lines during braking,air_in_brake_lines,"spongy pedal, air lines, soft brake, bleed brakes",Air in brake lines. Bleed brakes to restore firmness.
